Timestamp,T_Supply,T_Return,SP_Return,T_Saturation,T_Outdoor,RH_Supply,RH_Return,RH_Outdoor,Energy,Power
2019-10-15 09:15:00+02:00,15.764999,21.594999,18.5,13.62,16.299999,84.699997,57.759998,100.0,11.0,5.256
2019-10-15 09:30:00+02:00,15.87,21.494999,18.5,13.559999,16.299999,84.009995,58.189999,100.0,13.0,5.268
2019-10-15 09:45:00+02:00,16.295,21.455,18.5,14.12,16.299999,84.069996,58.599998,100.0,14.0,5.268
2019-10-15 10:00:00+02:00,17.355,21.439999,18.5,15.08,16.299999,84.129997,59.619999,100.0,13.0,5.28
2019-10-15 10:15:00+02:00,17.885,21.465,18.5,15.42,16.299999,82.209999,60.549999,100.0,13.0,5.196
2019-10-15 16:30:00+02:00,17.559999,21.535,18.5,15.339999,17.299999,82.82,62.59,94.0,8.0,5.208
2019-10-15 16:45:00+02:00,17.855,21.59,18.5,15.38,17.299999,81.229996,62.619999,94.0,14.0,5.244
2019-10-15 17:00:00+02:00,17.875,21.635,18.5,15.4,17.299999,81.07,62.509998,94.0,13.0,5.208
2019-10-15 17:15:00+02:00,17.924999,21.684999,18.5,15.46,18.299999,81.259995,62.359997,94.0,13.0,5.232
2019-10-15 17:30:00+02:00,18.065001,21.754999,18.5,15.54,19.299999,80.659996,62.48,94.0,12.0,5.244
2019-10-15 17:45:00+02:00,17.99,21.799999,18.5,15.52,18.299999,80.989998,62.189999,94.0,14.0,5.238
2019-10-15 18:00:00+02:00,17.875,21.814999,18.5,15.42,18.299999,81.159996,62.02,94.0,12.0,5.232
2019-10-15 18:15:00+02:00,17.85,21.824999,18.5,15.4,18.299999,80.040001,61.579998,94.0,14.0,5.208
2019-10-15 18:30:00+02:00,18.145,21.859999,18.5,15.559999,18.299999,77.839996,61.18,97.0,13.0,5.232
2019-10-15 18:45:00+02:00,17.934999,21.889999,18.5,15.46,19.299999,79.389999,60.91,100.0,13.0,5.232
2019-10-15 19:00:00+02:00,17.824999,21.904999,18.5,15.259999,19.299999,78.089996,60.699997,97.0,13.0,5.22
2019-10-15 19:15:00+02:00,18.264999,21.895,18.5,15.74,19.299999,79.369995,60.789997,94.0,13.0,5.184
2019-10-15 19:30:00+02:00,18.014999,21.865,18.5,15.46,19.299999,80.790001,61.209999,94.0,14.0,5.244
2019-10-15 19:45:00+02:00,17.914999,21.84,18.5,15.44,20.299999,81.159996,61.459999,94.0,12.0,5.196
2019-10-15 20:00:00+02:00,17.859999,21.799999,18.5,15.28,20.299999,81.439995,61.73,97.0,13.0,5.244
2019-10-15 20:15:00+02:00,18.234999,21.77,18.5,15.74,19.299999,81.0,62.149998,100.0,13.0,5.196
2019-10-15 20:30:00+02:00,17.914999,21.775,18.5,15.48,19.299999,81.739998,62.25,100.0,13.0,5.232
2019-10-15 20:45:00+02:00,18.094999,21.764999,18.5,15.58,18.299999,81.720001,62.57,100.0,13.0,5.196
2019-10-15 21:00:00+02:00,17.754999,21.789999,18.5,15.259999,18.299999,82.419998,62.66,100.0,14.0,5.208
2019-10-16 11:15:00+02:00,17.764999,20.99,18.5,15.299999,18.299999,72.909996,58.489998,72.0,12.0,5.304
2019-10-16 11:30:00+02:00,17.805,21.055,18.5,15.28,17.299999,73.150002,57.899998,65.5,14.0,5.268
2019-10-16 11:45:00+02:00,18.215,21.094999,18.5,15.74,17.299999,72.459999,57.73,59.0,13.0,5.268
2019-10-16 12:00:00+02:00,18.184999,21.1,18.5,15.66,18.299999,72.68,57.709999,59.0,13.0,5.232
2019-10-16 12:15:00+02:00,18.225,21.154999,18.5,15.66,18.299999,72.889999,57.799999,59.0,13.0,5.268
2019-10-16 12:30:00+02:00,18.184999,21.215,18.5,15.599999,18.299999,72.860001,57.709999,55.5,13.0,5.244
2019-10-16 12:45:00+02:00,18.295,21.334999,18.5,15.7,18.299999,72.589996,57.59,52.0,14.0,5.256
2019-10-16 13:00:00+02:00,17.74,21.355,18.5,15.24,20.299999,73.610001,57.419998,54.0,13.0,5.22
2019-10-16 13:15:00+02:00,18.264999,21.355,18.5,15.679999,21.299999,70.139999,57.009998,56.0,12.0,5.244
2019-10-16 13:30:00+02:00,18.295,21.395,18.5,15.74,22.299999,69.879997,56.219997,56.0,13.0,5.244
2019-10-16 13:45:00+02:00,18.295,21.469999,18.5,15.74,22.299999,70.459999,55.73,56.0,14.0,5.232
2019-10-16 14:00:00+02:00,18.209999,21.52,18.5,15.66,21.299999,71.369995,55.789997,54.0,12.0,5.22
2019-10-16 14:15:00+02:00,18.004999,21.52,18.5,15.48,23.299999,71.389999,55.699997,52.0,14.0,5.244
2019-10-16 14:30:00+02:00,17.875,21.555,18.5,15.38,23.299999,70.939995,55.529999,54.0,13.0,5.244
2019-10-16 14:45:00+02:00,18.334999,21.564999,18.5,15.719999,24.299999,71.519997,55.34,56.0,13.0,5.256
2019-10-16 15:00:00+02:00,17.875,21.545,18.5,15.4,24.299999,72.040001,55.41,54.0,13.0,5.244
2019-10-16 15:15:00+02:00,17.914999,21.52,18.5,15.4,24.299999,70.07,54.77,52.0,13.0,5.244
2019-10-16 15:30:00+02:00,18.184999,21.539999,18.5,15.58,25.299999,70.260002,54.469997,52.0,14.0,5.256
2019-10-16 15:45:00+02:00,18.539999,21.594999,18.5,15.98,25.299999,68.519997,54.379997,52.0,13.0,5.28
2019-10-16 16:00:00+02:00,18.34,21.625,18.5,15.719999,25.299999,68.260002,53.860001,50.5,13.0,5.22
2019-10-16 16:15:00+02:00,18.639999,21.684999,18.5,16.08,25.299999,67.839996,53.949997,49.0,12.0,5.232
2019-10-16 16:30:00+02:00,18.695,21.734999,18.5,16.219999,25.299999,64.93,53.079998,50.5,14.0,5.244
2019-10-16 16:45:00+02:00,19.184999,21.799999,18.5,16.6,25.299999,63.0,52.02,52.0,12.0,5.256
2019-10-16 17:00:00+02:00,19.139999,21.975,18.5,16.6,25.299999,62.129997,51.18,53.0,14.0,5.28
2019-10-16 17:15:00+02:00,19.459999,22.01,18.5,16.76,25.299999,60.739998,50.489998,54.0,13.0,5.22
2019-10-16 17:30:00+02:00,19.969999,22.064999,18.5,17.359999,25.299999,58.449997,49.799999,55.0,13.0,5.268
2019-10-16 17:45:00+02:00,19.955,22.08,18.5,17.18,25.299999,57.199997,49.039997,56.0,13.0,5.196
2019-10-16 18:00:00+02:00,20.205,22.094999,18.5,17.52,24.299999,57.779999,48.5,57.5,12.0,5.256
2019-10-16 18:15:00+02:00,20.295,22.105,18.5,17.559999,25.299999,54.610001,47.75,59.0,15.0,5.256
2019-10-16 18:30:00+02:00,20.615,22.094999,18.5,17.82,24.299999,52.25,46.689999,61.0,12.0,5.16
2019-10-16 18:45:00+02:00,21.014999,22.094999,18.5,18.26,24.299999,53.27,45.649998,63.0,13.0,5.22
2019-10-16 19:00:00+02:00,21.084999,22.084999,18.5,18.34,24.299999,51.869999,45.119999,63.0,13.0,5.184
2019-10-16 19:15:00+02:00,21.18,22.055,18.5,18.299999,24.299999,51.079998,44.66,63.0,13.0,5.184
2019-10-16 19:30:00+02:00,21.115,22.049999,18.5,18.199999,23.299999,50.799999,44.239998,67.5,13.0,5.172
2019-10-16 19:45:00+02:00,21.074999,22.01,18.5,18.34,23.299999,50.75,43.899998,72.0,12.0,5.208
2019-10-16 20:00:00+02:00,21.18,21.969999,18.5,18.32,22.299999,51.43,43.809998,72.0,15.0,5.22
2019-10-16 20:15:00+02:00,21.404999,21.904999,18.5,18.699999,20.299999,51.41,43.879997,72.0,12.0,5.208
2019-10-17 11:45:00+02:00,18.9,21.094999,18.5,16.5,18.299999,62.52,51.369999,68.0,10.0,5.232
2019-10-17 12:00:00+02:00,19.25,21.094999,18.5,16.639999,18.299999,61.579998,50.879997,68.0,14.0,5.244
2019-10-17 12:15:00+02:00,19.529999,21.184999,18.5,16.92,19.299999,60.939999,50.439999,68.0,12.0,5.28
2019-10-17 12:30:00+02:00,19.15,21.295,18.5,16.379999,20.299999,61.869999,50.139999,66.0,13.0,5.28
2019-10-17 12:45:00+02:00,19.42,21.344999,18.5,17.039999,20.299999,62.309998,50.09,64.0,15.0,5.268
2019-10-17 13:00:00+02:00,19.309999,21.414999,18.5,16.9,22.299999,63.059998,50.09,64.0,12.0,5.28
2019-10-17 13:15:00+02:00,19.48,21.484999,18.5,16.82,23.299999,62.859997,50.23,64.0,14.0,5.262
2019-10-17 13:30:00+02:00,19.674999,21.564999,18.5,16.940001,23.299999,63.23,50.32,64.0,12.0,5.244
2019-10-17 13:45:00+02:00,19.629999,21.615,18.5,16.959999,23.299999,63.23,50.52,64.0,13.0,5.244
2019-10-17 14:00:00+02:00,19.785,21.645,18.5,16.959999,24.299999,63.139999,50.689999,64.0,14.0,5.268
2019-10-17 14:15:00+02:00,19.184999,21.799999,18.5,16.58,22.299999,64.93,50.599998,64.0,13.0,5.256
2019-10-17 14:30:00+02:00,19.219999,21.855,18.5,16.619999,22.299999,65.239998,50.75,62.0,13.0,5.316
2019-10-17 14:45:00+02:00,19.369999,21.889999,18.5,16.76,21.299999,65.309998,50.98,60.0,13.0,5.268
2019-10-17 15:00:00+02:00,19.4,21.904999,18.5,16.619999,23.299999,65.260002,51.09,56.0,13.0,5.244
2019-10-17 15:15:00+02:00,18.975,21.955,18.5,16.359999,23.299999,66.349998,51.07,52.0,14.0,5.256
2019-10-17 15:30:00+02:00,19.449999,22.0,18.5,16.84,25.299999,64.849998,51.029999,54.0,13.0,5.28
2019-10-17 15:45:00+02:00,19.24,22.01,18.5,16.559999,25.299999,65.970001,51.029999,56.0,13.0,5.244
2019-10-17 16:00:00+02:00,19.139999,22.049999,18.5,16.48,25.299999,66.849998,51.18,56.0,13.0,5.256
2019-10-17 16:15:00+02:00,19.35,22.129999,18.5,16.799999,27.299999,66.290001,51.32,56.0,13.0,5.292
2019-10-17 16:30:00+02:00,19.119999,22.23,18.5,16.48,27.299999,66.839996,51.289997,56.0,14.0,5.316
2019-10-17 16:45:00+02:00,19.0,22.309999,18.5,16.4,26.299999,67.369995,51.289997,56.0,13.0,5.232
2019-10-17 17:00:00+02:00,18.975,22.4,18.5,16.440001,26.299999,67.229996,51.199997,57.5,12.0,5.268
2019-10-17 17:15:00+02:00,19.0,22.424999,18.5,16.299999,26.299999,67.279999,51.18,59.0,14.0,5.244
2019-10-17 17:30:00+02:00,19.094999,22.445,18.5,16.48,27.299999,67.019997,51.199997,61.5,12.0,5.268
2019-10-17 17:45:00+02:00,19.344999,22.48,18.5,16.859999,26.299999,66.290001,51.199997,64.0,13.0,5.232
2019-10-17 18:00:00+02:00,19.109999,22.389999,18.5,16.5,24.299999,67.279999,51.399998,66.0,14.0,5.208
2019-10-17 18:15:00+02:00,18.84,22.285,18.5,16.34,23.299999,67.580002,51.579998,68.0,13.0,5.244
2019-10-17 18:30:00+02:00,18.814999,22.205,18.5,16.16,22.299999,68.639999,51.93,70.0,13.0,5.28
2019-10-17 18:45:00+02:00,19.0,22.15,18.5,16.48,21.299999,68.269997,52.32,72.0,13.0,5.292
2019-10-17 19:00:00+02:00,18.91,22.119999,18.5,16.32,21.299999,68.360001,52.459999,72.0,13.0,5.292
2019-10-17 19:15:00+02:00,18.695,22.074999,18.5,16.02,21.299999,69.07,52.509998,72.0,14.0,5.268
2019-10-17 19:30:00+02:00,18.84,22.039999,18.5,16.299999,20.299999,69.129997,52.779999,72.0,13.0,5.268
2019-10-17 19:45:00+02:00,18.824999,22.01,18.5,16.18,20.299999,69.400002,53.049999,72.0,13.0,5.268
2019-10-17 20:00:00+02:00,18.639999,21.939999,18.5,16.02,20.299999,69.729996,53.25,72.0,13.0,5.268
2019-10-17 20:15:00+02:00,18.9,21.844999,18.5,16.299999,19.299999,70.110001,53.529999,72.0,13.0,5.244
2019-10-17 20:30:00+02:00,18.52,21.814999,18.5,15.96,19.299999,71.239998,53.829998,74.5,14.0,5.256
2019-10-17 20:45:00+02:00,18.264999,21.744999,18.5,15.799999,19.299999,71.909996,54.27,77.0,13.0,5.268
2019-10-17 21:00:00+02:00,18.084999,21.664999,18.5,15.52,19.299999,72.110001,54.5,79.5,13.0,5.268
2019-10-18 07:15:00+02:00,18.82,21.695,18.5,16.52,17.299999,72.110001,54.439999,100.0,9.0,5.292
2019-10-18 07:30:00+02:00,18.93,21.57,18.5,16.74,17.299999,71.860001,55.279999,100.0,13.0,5.256
2019-10-18 07:45:00+02:00,19.5,21.504999,18.5,17.32,17.299999,70.339996,55.779999,100.0,13.0,5.256
2019-10-18 08:00:00+02:00,19.969999,21.494999,18.5,17.799999,17.299999,69.0,56.02,100.0,13.0,5.232
2019-10-18 08:15:00+02:00,18.35,21.504999,18.5,15.559999,17.299999,73.549995,56.18,100.0,14.0,5.208
2019-10-18 08:30:00+02:00,15.924999,21.414999,18.5,13.54,17.299999,80.549995,56.399998,97.0,13.0,5.244
2019-10-18 08:45:00+02:00,15.615,21.264999,18.5,13.299999,17.299999,81.459999,56.719997,94.0,13.0,5.244
2019-10-18 09:00:00+02:00,16.32,21.184999,18.5,14.12,17.299999,80.129997,57.009998,94.0,13.0,5.256
2019-10-18 09:15:00+02:00,17.715,21.164999,18.5,15.339999,17.299999,75.949997,57.27,94.0,13.0,5.196
2019-10-18 10:00:00+02:00,17.625,21.164999,18.5,15.28,17.299999,76.540001,57.289997,94.0,9.0,5.292
2019-10-18 10:15:00+02:00,18.174999,21.164999,18.5,15.74,17.299999,75.099998,57.619999,94.0,14.0,5.268
2019-10-18 10:30:00+02:00,17.965,21.145,18.5,15.46,17.299999,75.849998,57.899998,94.0,13.0,5.232
2019-10-18 10:45:00+02:00,17.859999,21.164999,18.5,15.38,17.299999,76.299995,58.139999,94.0,13.0,5.304
2019-10-18 11:00:00+02:00,17.975,21.164999,18.5,15.559999,17.299999,76.239998,58.349998,91.0,13.0,5.256
2019-10-18 11:15:00+02:00,18.07,21.164999,18.5,15.54,17.299999,75.949997,58.579998,88.0,13.0,5.268
2019-10-18 11:30:00+02:00,17.795,21.164999,18.5,15.259999,17.299999,76.949997,58.73,88.0,14.0,5.268
2019-10-18 11:45:00+02:00,17.74,21.174999,18.5,15.219999,18.299999,77.25,58.989998,88.0,13.0,5.232
2019-10-18 12:00:00+02:00,17.775,21.209999,18.5,15.219999,18.299999,77.309998,59.099998,88.0,12.0,5.244
2019-10-18 12:15:00+02:00,18.225,21.234999,18.5,15.74,17.299999,75.970001,59.129997,88.0,14.0,5.232
2019-10-18 12:30:00+02:00,17.945,21.264999,21.5,15.46,17.299999,76.909996,59.16,85.0,13.0,5.232
2019-10-18 12:45:00+02:00,17.875,21.295,21.5,15.38,18.299999,77.089996,59.189999,82.0,14.0,5.244
2019-10-18 13:00:00+02:00,18.164999,21.305,21.5,15.78,18.299999,76.599998,59.329998,82.0,13.0,5.244
2019-10-18 13:15:00+02:00,18.08,21.344999,21.5,15.58,19.299999,76.970001,59.34,82.0,12.0,5.244
2019-10-18 13:30:00+02:00,18.07,21.375,21.5,15.559999,19.299999,77.049995,59.359997,82.0,13.0,5.22
2019-10-18 13:45:00+02:00,17.975,21.414999,21.5,15.46,19.299999,77.239998,59.359997,82.0,13.0,5.304
2019-10-18 14:00:00+02:00,18.074999,21.434999,22.5,15.66,19.299999,77.189995,59.389999,79.5,13.0,5.28
2019-10-18 14:15:00+02:00,18.055,21.455,22.5,15.52,19.299999,77.32,59.419998,77.0,15.0,5.292
2019-10-18 14:30:00+02:00,17.895,21.484999,22.5,15.44,20.299999,77.82,59.359997,77.0,12.0,5.22
2019-11-04 15:45:00+01:00,23.279999,21.635,22.5,21.219999,19.299999,49.93,46.75,63.0,13.0,5.028
2019-11-05 12:15:00+01:00,22.564999,21.195,22.5,20.639999,19.299999,56.009998,52.149998,72.0,8.0,5.004
2019-11-05 13:15:00+01:00,23.144999,21.625,22.5,21.059999,19.299999,54.799999,50.629997,67.0,12.0,5.004
2019-11-05 13:30:00+01:00,23.264999,21.719999,22.5,21.18,19.299999,54.389999,50.48,67.0,12.0,5.004
2019-11-05 14:00:00+01:00,23.15,21.859999,22.5,20.92,21.299999,54.509998,50.110001,67.5,12.0,5.04
2019-11-05 14:15:00+01:00,22.875,21.889999,22.5,20.66,21.299999,54.75,49.98,68.0,13.0,5.076
2019-11-05 14:30:00+01:00,22.795,21.895,22.5,20.619999,22.299999,54.959999,49.879997,65.5,12.0,5.04
2019-11-05 14:45:00+01:00,23.269999,21.91,22.5,21.18,19.1,54.329998,50.079998,63.0,13.0,5.016
2019-11-05 15:30:00+01:00,23.555,22.139999,22.5,21.379999,21.1,53.279999,49.279999,63.0,12.0,5.004
2019-11-05 15:45:00+01:00,23.115,22.119999,22.5,21.08,21.1,54.509998,49.110001,63.0,14.0,5.1
2019-11-13 07:30:00+01:00,22.764999,20.529999,22.5,17.639999,7.3,39.0,34.419998,75.0,11.0,5.052
2019-11-15 07:15:00+01:00,24.865,21.189999,22.5,17.379999,8.1,38.950001,35.189999,93.0,12.0,5.016
2019-11-15 11:30:00+01:00,24.4,21.799999,22.5,17.08,11.1,38.759998,33.689999,96.5,14.0,5.016
2019-12-09 06:15:00+01:00,20.355,18.869999,22.5,17.76,10.8,44.25,37.239998,93.0,13.0,5.016
2019-12-09 14:00:00+01:00,24.939999,22.055,22.5,18.1,15.6,39.41,34.299999,62.0,13.0,5.04
2019-12-09 14:30:00+01:00,24.684999,21.955,22.5,17.66,15.6,40.18,34.849998,62.0,12.0,5.016
2019-12-09 16:00:00+01:00,24.644999,22.014999,22.5,17.76,16.6,40.469997,35.43,73.5,13.0,5.004
2019-12-09 16:45:00+01:00,24.869999,22.014999,22.5,18.199999,15.6,33.049999,31.049999,87.0,14.0,5.028
2019-12-09 17:00:00+01:00,24.564999,22.014999,22.5,17.859999,14.6,33.219997,30.189999,87.0,12.0,5.004
2019-12-09 17:30:00+01:00,23.98,22.014999,22.5,17.199999,13.6,39.309998,30.91,90.0,12.0,5.004
2019-12-09 18:00:00+01:00,24.379999,21.949999,22.5,16.779999,12.6,40.389999,32.669998,90.0,13.0,5.004
2019-12-10 06:15:00+01:00,21.145,19.969999,22.5,17.42,9.6,35.630001,34.02,52.0,9.0,5.052
2019-12-10 15:15:00+01:00,24.945,22.629999,22.5,18.379999,16.6,29.84,23.58,35.0,13.0,5.028
2019-12-10 20:00:00+01:00,23.75,22.014999,22.5,17.539999,9.6,34.369999,25.59,60.5,12.0,5.016
2019-12-12 13:15:00+01:00,24.975,21.9,22.5,17.699999,8.5,35.0,28.349998,93.0,12.0,5.004
2019-12-12 13:30:00+01:00,24.914999,21.924999,22.5,17.82,8.5,35.25,28.279999,87.0,13.0,5.028
2019-12-12 14:00:00+01:00,24.764999,21.955,22.5,17.879999,9.4,35.149998,28.279999,81.0,12.0,5.028
2019-12-12 14:15:00+01:00,24.574999,22.014999,22.5,17.459999,9.4,35.209999,28.09,81.0,13.0,5.148
2019-12-12 14:45:00+01:00,24.934999,22.014999,22.5,17.48,8.4,34.779999,28.129999,75.0,12.0,5.004
2019-12-13 06:15:00+01:00,20.715,20.02,22.5,17.359999,5.9,36.66,28.769999,93.0,9.0,5.016
2019-12-13 06:45:00+01:00,22.824999,20.039999,22.5,17.859999,5.9,34.360001,28.019999,93.0,12.0,5.016
2019-12-13 07:45:00+01:00,24.875,20.514999,22.5,17.66,6.9,32.849998,27.199999,100.0,13.0,5.016
2019-12-13 10:00:00+01:00,24.914999,21.004999,22.5,17.799999,4.8,34.779999,28.709999,100.0,13.0,5.064
2019-12-13 10:15:00+01:00,25.084999,21.09,22.5,18.059999,4.8,34.709999,28.769999,100.0,12.0,5.076
2019-12-13 10:30:00+01:00,25.18,21.129999,22.5,18.18,4.8,34.759998,28.9,100.0,14.0,5.076
2019-12-13 10:45:00+01:00,25.385,21.219999,22.5,17.76,3.8,34.630001,28.949999,100.0,12.0,5.064
2019-12-13 11:00:00+01:00,25.615,21.26,22.5,17.940001,3.8,34.5,28.959999,100.0,13.0,5.052
2019-12-13 11:15:00+01:00,25.449999,21.324999,22.5,17.76,4.8,34.57,28.959999,100.0,12.0,5.04
2019-12-13 11:30:00+01:00,25.434999,21.324999,22.5,17.76,4.8,34.739998,29.039999,96.5,13.0,5.004
2019-12-13 11:45:00+01:00,25.455,21.34,22.5,18.379999,4.8,34.669998,29.09,93.0,12.0,5.04
2019-12-13 14:45:00+01:00,24.92,21.754999,22.5,17.440001,8.6,35.279999,28.879999,87.0,12.0,5.004
2019-12-13 15:00:00+01:00,25.094999,21.725,22.5,17.059999,8.6,35.309998,29.09,90.0,13.0,5.004
2019-12-13 16:00:00+01:00,25.105,21.975,22.5,17.68,10.6,35.02,28.869999,90.0,12.0,5.052
2019-12-13 16:45:00+01:00,24.945,21.91,22.5,17.539999,9.6,34.790001,28.769999,93.0,12.0,5.016
2019-12-13 17:00:00+01:00,25.064999,21.959999,22.5,17.6,9.6,34.969997,28.629999,90.0,12.0,5.004
2019-12-13 17:15:00+01:00,25.084999,22.004999,22.5,17.639999,8.6,35.169998,28.639999,87.0,14.0,5.004
2019-12-13 18:00:00+01:00,24.824999,21.965,22.5,17.4,8.6,35.290001,28.779999,96.5,12.0,5.028
2019-12-13 18:45:00+01:00,24.775,21.924999,22.5,17.32,7.6,35.309998,28.719999,93.0,13.0,5.028
2019-12-13 19:15:00+01:00,24.775,21.83,22.5,17.279999,8.6,35.540001,28.789999,93.0,12.0,5.028
2019-12-13 19:45:00+01:00,24.805,21.74,22.5,17.379999,7.6,35.309998,28.92,93.0,12.0,5.028
2019-12-13 20:00:00+01:00,24.754999,21.76,22.5,17.32,8.6,35.200001,28.799999,96.5,14.0,5.028
2019-12-14 07:30:00+01:00,23.449999,20.279999,22.5,17.24,7.5,35.540001,29.389999,87.0,14.0,5.016
2019-12-14 07:45:00+01:00,24.215,20.324999,22.5,17.940001,7.5,34.91,29.389999,87.0,12.0,5.004
2019-12-14 08:30:00+01:00,25.064999,20.924999,22.5,17.559999,8.6,34.27,28.599998,84.0,12.0,5.028
2019-12-14 10:30:00+01:00,25.105,20.889999,22.5,17.359999,7.6,35.149998,29.539999,70.0,13.0,5.016
2019-12-14 11:45:00+01:00,25.074999,20.969999,22.5,17.779999,12.6,35.239998,29.609999,66.0,13.0,5.004
2019-12-14 12:45:00+01:00,25.254999,21.15,22.5,17.940001,13.6,35.02,29.519999,58.0,13.0,5.004
2019-12-14 13:00:00+01:00,25.455,21.174999,22.5,18.0,13.6,34.869999,29.58,52.5,13.0,5.016
2019-12-14 13:30:00+01:00,25.119999,21.459999,22.5,17.940001,14.6,35.48,29.57,50.5,12.0,5.04
2019-12-14 13:45:00+01:00,25.025,21.609999,22.5,18.199999,15.6,35.700001,29.349998,54.0,12.0,5.016
2019-12-14 14:00:00+01:00,25.215,21.57,22.5,18.039999,15.6,35.459999,29.539999,56.0,13.0,5.076
2019-12-16 05:00:00+01:00,17.785,18.594999,22.5,16.0,10.6,50.049999,37.919998,96.5,12.0,5.028
2019-12-16 06:15:00+01:00,18.699999,18.565001,22.5,16.66,9.6,48.52,38.669998,93.0,12.0,5.028
2019-12-16 06:30:00+01:00,19.465,18.635,22.5,17.16,9.6,47.5,38.700001,96.5,13.0,5.004
2019-12-16 07:15:00+01:00,22.504999,19.57,22.5,17.940001,9.6,42.719997,37.73,100.0,12.0,5.076
2019-12-16 11:15:00+01:00,24.754999,21.369999,22.5,17.66,12.6,39.439999,35.549999,81.0,12.0,5.04
2019-12-16 12:00:00+01:00,24.65,21.82,22.5,17.08,12.6,39.709999,34.689999,76.0,12.0,5.04
2019-12-16 12:30:00+01:00,24.529999,22.004999,22.5,17.940001,13.6,39.68,34.649998,78.5,13.0,5.004
2019-12-16 13:15:00+01:00,24.994999,22.215,22.5,18.16,14.6,39.669998,34.549999,76.0,14.0,5.004
2019-12-16 13:30:00+01:00,24.555,22.279999,22.5,17.92,13.6,40.48,34.619999,76.0,12.0,5.016
2019-12-16 13:45:00+01:00,24.514999,22.254999,22.5,17.42,13.6,40.75,34.82,76.0,12.0,5.028
2019-12-16 14:00:00+01:00,24.26,22.355,22.5,17.92,13.6,41.25,34.93,81.5,13.0,5.004
2019-12-17 08:00:00+01:00,18.74,19.82,22.5,16.940001,8.6,53.759998,42.399998,100.0,12.0,5.004
2019-12-17 09:30:00+01:00,25.064999,20.844999,22.5,17.68,9.6,43.450001,40.809998,100.0,12.0,5.064
2019-12-17 18:30:00+01:00,23.885,22.465,22.5,17.34,10.6,48.149998,42.23,100.0,12.0,5.004
2019-12-18 07:45:00+01:00,19.08,20.174999,22.5,16.699999,11.6,57.779999,46.57,100.0,13.0,5.016
2019-12-23 04:15:00+01:00,19.359999,19.879999,22.5,17.639999,10.6,40.259998,38.619999,65.0,11.0,5.088
2019-12-23 04:45:00+01:00,19.65,19.73,22.5,17.699999,10.6,39.639999,35.599998,57.0,12.0,5.076
2019-12-23 05:00:00+01:00,19.695,19.719999,22.5,17.76,10.6,39.110001,34.880001,55.0,12.0,5.064
2019-12-23 05:15:00+01:00,19.66,19.709999,22.5,17.719999,10.6,39.379997,34.32,53.0,13.0,5.112
2019-12-23 05:30:00+01:00,19.379999,19.709999,22.5,16.959999,10.6,39.700001,33.989998,51.5,12.0,5.064
2019-12-23 05:45:00+01:00,19.424999,19.705,22.5,17.52,11.6,39.489998,33.689999,50.0,13.0,5.016
2019-12-23 06:00:00+01:00,19.609999,19.68,22.5,17.699999,11.6,39.110001,33.48,50.0,12.0,5.064
2019-12-23 06:15:00+01:00,19.414999,19.66,22.5,16.959999,11.6,39.509998,33.169998,50.0,14.0,5.052
2019-12-23 06:30:00+01:00,19.924999,19.66,22.5,17.559999,11.6,39.259998,32.989998,44.0,12.0,5.1
2019-12-23 06:45:00+01:00,20.984999,19.709999,22.5,16.959999,11.6,38.309998,32.799999,38.0,13.0,5.052
2019-12-23 07:00:00+01:00,21.955,19.855,22.5,17.76,11.6,36.98,32.540001,44.0,12.0,5.064
2019-12-23 07:15:00+01:00,22.305,20.01,22.5,17.639999,11.6,35.66,31.769999,50.0,13.0,5.052
2019-12-23 07:30:00+01:00,22.584999,20.324999,22.5,17.66,11.6,35.239998,30.969999,48.5,12.0,5.004
2019-12-23 08:00:00+01:00,23.59,20.475,22.5,17.32,11.6,34.119999,30.51,44.0,13.0,5.04
2019-12-23 08:15:00+01:00,23.84,20.514999,22.5,17.16,12.6,33.489998,30.039999,41.0,12.0,5.016
2019-12-23 08:45:00+01:00,24.805,20.645,22.5,17.639999,11.6,32.849998,29.58,41.0,12.0,5.016
2019-12-23 09:30:00+01:00,24.85,20.754999,22.5,17.9,11.6,32.059998,28.859999,44.0,14.0,5.004
2019-12-23 09:45:00+01:00,24.715,20.785,22.5,17.859999,11.6,32.149998,28.709999,41.0,12.0,5.016
2019-12-23 11:15:00+01:00,23.959999,21.154999,22.5,17.52,12.6,33.669998,28.48,31.0,12.0,5.028
2019-12-23 11:45:00+01:00,23.949999,21.225,22.5,17.199999,14.6,32.68,27.809999,33.0,12.0,5.016
2019-12-23 12:15:00+01:00,24.15,21.389999,22.5,17.559999,15.6,31.99,27.16,34.0,12.0,5.028
2019-12-23 12:30:00+01:00,24.234999,21.67,22.5,17.639999,15.6,32.419998,26.859999,32.5,14.0,5.112
2019-12-23 12:45:00+01:00,24.109999,21.809999,22.5,17.539999,15.6,33.439999,26.949999,31.0,12.0,5.016
2019-12-23 13:00:00+01:00,24.644999,21.91,22.5,17.879999,14.6,33.43,27.199999,29.0,13.0,5.028
2019-12-23 13:30:00+01:00,24.269999,22.07,22.5,17.779999,14.6,33.27,27.099998,26.0,12.0,5.052
2019-12-23 13:45:00+01:00,24.42,22.15,22.5,17.959999,14.6,32.719997,26.859999,25.0,13.0,5.076
2019-12-23 14:00:00+01:00,24.82,22.26,22.5,18.26,14.6,32.209999,26.599998,26.0,12.0,5.004
2019-12-23 14:15:00+01:00,24.844999,22.359999,22.5,17.799999,15.6,31.449999,26.139999,27.0,13.0,5.016
2019-12-23 14:30:00+01:00,24.834999,22.445,22.5,17.82,15.6,31.529999,25.9,29.0,12.0,5.004
2019-12-23 14:45:00+01:00,24.894999,22.525,22.5,17.82,15.6,31.82,25.74,31.0,13.0,5.04
2019-12-23 15:00:00+01:00,24.779999,22.57,22.5,18.1,15.6,32.849998,26.08,31.0,12.0,5.028
2019-12-23 15:15:00+01:00,24.389999,22.605,22.5,17.940001,14.6,33.549999,26.23,31.0,14.0,5.1
2019-12-23 15:30:00+01:00,24.289999,22.615,22.5,17.9,14.6,34.059998,26.469999,30.0,12.0,5.028
2019-12-23 15:45:00+01:00,24.355,22.629999,22.5,18.0,14.6,33.709999,26.549999,29.0,12.0,5.052
2019-12-23 16:30:00+01:00,24.379999,22.41,22.5,17.299999,14.6,32.469997,26.379999,32.0,13.0,5.028
2019-12-23 17:30:00+01:00,23.689999,22.244999,22.5,17.279999,13.6,32.18,25.43,32.0,13.0,5.016
2019-12-23 18:00:00+01:00,24.15,22.254999,22.5,16.959999,12.6,33.02,25.73,34.0,12.0,5.004
2019-12-23 18:45:00+01:00,24.184999,22.15,22.5,17.279999,12.6,31.629999,25.269999,30.0,13.0,5.028
2019-12-23 19:30:00+01:00,24.379999,22.129999,22.5,17.48,12.6,31.08,24.92,30.0,13.0,5.04
2019-12-23 19:45:00+01:00,24.334999,22.07,22.5,17.42,12.6,30.84,24.769999,30.0,12.0,5.004
2019-12-24 07:30:00+01:00,18.6,20.059999,22.5,16.799999,8.6,38.0,28.099998,60.5,13.0,5.076
2019-12-24 15:45:00+01:00,23.98,22.264999,22.5,17.6,17.6,31.209999,25.16,41.0,13.0,5.004
2019-12-24 16:30:00+01:00,24.764999,22.23,22.5,18.08,17.6,30.769999,24.109999,37.0,13.0,5.04
2019-12-24 16:45:00+01:00,24.705,22.254999,22.5,17.959999,16.6,30.679998,23.9,41.0,12.0,5.064
2019-12-24 18:45:00+01:00,24.039999,22.014999,22.5,16.940001,12.6,33.829998,25.0,57.0,12.0,5.016
2019-12-25 09:00:00+01:00,20.445,20.34,22.5,17.6,9.6,38.34,29.199999,53.0,14.0,5.004
2019-12-25 09:15:00+01:00,20.32,20.305,22.5,17.6,9.6,38.149998,29.199999,53.0,12.0,5.004
2019-12-25 09:30:00+01:00,20.225,20.275,22.5,17.6,9.6,38.169998,29.199999,50.0,12.0,5.004
2019-12-25 11:30:00+01:00,19.785,20.234999,22.5,17.559999,12.6,37.899998,28.769999,54.5,12.0,5.016
2019-12-25 12:00:00+01:00,19.514999,20.264999,22.5,17.359999,14.6,36.559998,27.91,51.0,12.0,5.064
2019-12-25 12:30:00+01:00,19.424999,20.295,22.5,17.48,15.6,36.079998,27.18,49.5,14.0,5.016
2019-12-25 12:45:00+01:00,19.75,20.33,22.5,17.879999,15.6,35.66,26.859999,48.0,12.0,5.076
2019-12-25 13:00:00+01:00,19.945,20.375,22.5,18.059999,16.6,35.02,26.389999,41.0,13.0,5.016
2019-12-25 13:15:00+01:00,19.984999,20.445,22.5,18.18,16.6,34.669998,26.039999,34.0,12.0,5.064
2019-12-25 13:30:00+01:00,20.385,20.51,22.5,18.26,16.6,34.369999,25.73,29.5,13.0,5.052
2019-12-25 13:45:00+01:00,20.715,20.594999,22.5,18.6,17.6,34.029999,25.57,25.0,12.0,5.064
2019-12-26 07:45:00+01:00,18.029999,19.459999,22.5,16.279999,8.6,42.360001,30.82,53.0,12.0,5.016
2019-12-26 10:30:00+01:00,17.955,19.25,22.5,16.219999,7.6,41.649998,31.029999,51.5,13.0,5.028
2019-12-26 11:15:00+01:00,18.094999,19.25,22.5,16.32,9.6,38.309998,29.17,43.0,12.0,5.028
2019-12-26 12:00:00+01:00,18.674999,19.254999,22.5,16.9,11.7,37.899998,28.449999,46.5,13.0,5.004
2019-12-26 12:15:00+01:00,18.949999,19.355,22.5,17.1,14.7,37.369999,28.289999,47.0,12.0,5.148
2019-12-26 14:30:00+01:00,19.68,19.619999,22.5,17.74,12.8,35.329998,26.57,50.5,13.0,5.028
2019-12-26 15:00:00+01:00,19.609999,19.619999,22.5,17.719999,12.8,35.689999,27.16,47.0,13.0,5.016
2019-12-26 16:00:00+01:00,19.965,19.66,22.5,18.02,13.8,36.329998,27.16,52.0,14.0,5.028
2019-12-26 17:30:00+01:00,19.465,19.629999,22.5,17.58,10.8,37.869999,27.91,57.0,12.0,5.076
2019-12-26 18:00:00+01:00,19.27,19.58,22.5,17.379999,10.8,38.149998,28.15,61.5,12.0,5.016
2019-12-26 19:30:00+01:00,18.629999,19.4,22.5,16.82,9.8,41.649998,30.5,61.0,13.0,5.004
2019-12-26 19:45:00+01:00,18.549999,19.369999,22.5,16.699999,8.8,41.799999,30.65,57.0,12.0,5.004
2019-12-27 07:30:00+01:00,23.049999,19.459999,22.5,17.82,7.8,35.700001,30.429998,77.5,12.0,5.004
2019-12-27 16:30:00+01:00,24.355,21.459999,22.5,17.42,12.8,34.119999,27.51,55.0,12.0,5.016
2019-12-27 16:45:00+01:00,24.045,21.459999,22.5,17.48,12.8,33.829998,27.269999,57.0,13.0,5.004
2019-12-27 17:15:00+01:00,24.469999,21.41,22.5,17.84,10.8,32.66,26.789999,57.0,12.0,5.028
2019-12-27 18:15:00+01:00,24.709999,21.369999,22.5,17.859999,10.8,33.700001,26.949999,70.0,12.0,5.088
2019-12-27 18:45:00+01:00,24.414999,21.35,22.5,17.9,10.8,34.630001,27.539999,66.0,13.0,5.004
2019-12-27 19:45:00+01:00,24.574999,21.32,22.5,17.699999,10.8,34.77,28.08,70.0,14.0,5.016
2019-12-31 12:15:00+01:00,24.885,20.174999,22.5,17.559999,10.4,33.91,29.25,70.0,12.0,5.04
2020-01-01 17:15:00+01:00,24.769999,20.645,22.5,17.84,12.4,33.169998,28.48,57.0,12.0,5.028
2020-01-01 17:30:00+01:00,24.764999,20.645,22.5,17.84,11.4,33.68,28.549999,61.5,12.0,5.016
2020-01-03 12:00:00+01:00,24.26,20.475,22.5,17.379999,11.4,35.48,30.469999,68.0,12.0,5.052
2020-01-03 13:15:00+01:00,24.725,20.584999,22.5,17.699999,13.4,34.790001,30.26,71.0,13.0,5.028
2020-01-03 13:30:00+01:00,24.594999,20.635,22.5,17.52,13.4,35.049999,30.129999,71.0,12.0,5.028
2020-01-03 14:15:00+01:00,24.744999,20.705,22.5,17.6,13.4,34.669998,29.809999,71.0,12.0,5.004
2020-01-03 15:00:00+01:00,24.715,20.764999,22.5,17.84,12.4,35.239998,29.889999,73.5,12.0,5.016
2020-01-03 15:15:00+01:00,24.379999,20.775,22.5,17.539999,12.4,35.419998,29.929998,76.0,13.0,5.028
2020-01-03 15:30:00+01:00,24.775,20.764999,22.5,17.5,12.4,35.02,30.049999,78.5,12.0,5.016
2020-01-03 16:00:00+01:00,24.535,20.74,22.5,17.52,12.4,35.41,30.17,78.5,12.0,5.004
2020-01-03 16:30:00+01:00,24.424999,20.74,22.5,17.719999,10.4,35.579998,30.189999,76.0,12.0,5.028
2020-01-03 17:30:00+01:00,24.684999,20.795,22.5,17.639999,9.4,36.469997,31.459999,81.5,12.0,5.004
2020-01-03 17:45:00+01:00,24.6,20.795,22.5,17.76,9.4,36.450001,31.949999,76.0,12.0,5.028
2020-01-03 18:00:00+01:00,24.215,20.795,22.5,17.539999,9.4,36.799999,31.67,81.5,13.0,5.016
2020-01-03 18:15:00+01:00,24.664999,20.785,22.5,17.74,8.4,36.73,31.9,87.0,12.0,5.004
2020-01-03 19:00:00+01:00,24.519999,20.799999,22.5,17.48,8.4,36.09,31.619999,87.0,12.0,5.004
2020-01-03 19:15:00+01:00,24.445,20.754999,22.5,17.379999,8.4,36.32,31.58,87.0,13.0,5.016
2020-01-04 06:45:00+01:00,17.594999,18.959999,22.5,15.5,8.4,41.200001,31.449999,75.0,12.0,5.052
2020-01-04 07:45:00+01:00,16.705,18.52,22.5,14.98,8.4,42.469997,31.369999,86.0,14.0,5.016
2020-01-04 08:00:00+01:00,16.559999,18.469999,22.5,14.88,7.4,42.459999,31.4,83.0,12.0,5.004
2020-01-04 12:30:00+01:00,24.914999,20.504999,22.5,17.68,14.4,33.73,28.73,48.5,13.0,5.016
2020-01-04 12:45:00+01:00,24.92,20.535,22.5,17.559999,15.4,33.739998,28.73,47.0,12.0,5.028
2020-01-04 13:00:00+01:00,24.664999,20.564999,22.5,17.92,16.4,33.149998,28.42,45.5,12.0,5.076
2020-01-04 13:15:00+01:00,24.715,20.584999,22.5,17.92,16.4,33.360001,28.129999,44.0,13.0,5.016
2020-01-04 13:30:00+01:00,24.875,20.605,22.5,17.859999,16.4,33.399998,28.129999,42.5,13.0,5.088
2020-01-04 14:00:00+01:00,24.769999,20.67,22.5,17.959999,16.4,33.599998,28.24,41.0,12.0,5.016
2020-01-04 14:15:00+01:00,24.344999,20.715,22.5,17.1,16.4,34.059998,28.269999,41.0,13.0,5.004
2020-01-04 14:30:00+01:00,24.865,20.754999,22.5,17.859999,16.4,33.68,28.349998,41.0,12.0,5.004
2020-01-04 14:45:00+01:00,24.9,20.82,22.5,17.219999,16.4,33.68,28.289999,41.0,12.0,5.016
2020-01-06 04:15:00+01:00,16.555,18.225,22.5,15.0,6.5,44.389999,33.419998,75.0,9.0,5.004
2020-01-06 05:00:00+01:00,16.934999,17.940001,22.5,15.02,7.6,44.129997,33.66,84.0,12.0,5.016
2020-01-06 05:30:00+01:00,16.645,17.889999,22.5,14.92,7.6,46.289997,34.27,87.0,12.0,5.004
2020-01-06 05:45:00+01:00,16.6,17.869999,22.5,14.88,8.6,47.299999,34.630001,87.0,13.0,5.004
2020-01-06 06:00:00+01:00,16.609999,17.855,22.5,14.88,8.6,47.43,35.029999,84.0,12.0,5.004
2020-01-06 06:30:00+01:00,17.994999,17.904999,22.5,15.88,8.6,45.23,35.419998,84.0,13.0,5.064
2020-01-06 14:15:00+01:00,24.764999,20.359999,22.5,17.559999,13.6,35.509998,31.389999,62.0,12.0,5.004
2020-01-06 14:30:00+01:00,24.844999,20.385,22.5,17.639999,13.6,35.759998,31.429998,59.5,13.0,5.004
2020-01-06 15:00:00+01:00,24.805,20.445,22.5,17.639999,13.6,35.689999,31.529999,57.0,12.0,5.004
2020-01-06 15:30:00+01:00,24.869999,20.49,22.5,17.699999,13.6,35.860001,31.609999,59.5,13.0,5.004
2020-01-06 15:45:00+01:00,24.805,20.504999,22.5,17.639999,13.6,35.689999,31.609999,62.0,12.0,5.004
2020-01-06 18:15:00+01:00,24.555,20.359999,22.5,17.6,9.6,35.450001,31.039999,70.0,12.0,5.004
2020-01-06 19:00:00+01:00,24.424999,20.375,22.5,17.459999,8.6,35.610001,31.129999,78.0,12.0,5.028
2020-01-07 07:45:00+01:00,24.205,19.25,22.5,17.68,5.6,33.91,30.33,93.0,12.0,5.016
2020-01-07 11:00:00+01:00,24.885,20.5,22.5,17.66,6.6,33.919998,28.969999,90.0,13.0,5.016
2020-01-07 13:45:00+01:00,23.82,20.125,22.5,16.879999,12.6,35.700001,30.959999,71.0,2.0,5.004
2020-01-08 16:45:00+01:00,25.019999,21.75,22.5,18.1,13.6,34.27,28.57,81.0,12.0,5.004
2020-01-08 17:00:00+01:00,24.715,21.709999,22.5,17.779999,12.6,34.439999,28.689999,81.0,13.0,5.028
2020-01-08 17:15:00+01:00,24.785,21.689999,22.5,17.459999,11.6,34.559998,28.619999,81.0,12.0,5.004
2020-01-09 15:30:00+01:00,24.555,22.365,22.5,17.76,14.6,34.279999,27.279999,52.0,12.0,5.004
2020-01-09 15:45:00+01:00,24.805,22.385,22.5,17.76,14.6,34.02,27.17,54.0,13.0,5.016
2020-01-09 16:00:00+01:00,24.824999,22.344999,22.5,17.940001,14.6,34.130001,27.109999,52.0,12.0,5.028
2020-01-09 16:45:00+01:00,24.715,22.234999,22.5,17.559999,13.6,34.739998,27.59,57.0,14.0,5.004
2020-01-10 11:15:00+01:00,24.344999,20.725,22.5,17.440001,9.6,33.790001,28.109999,76.0,13.0,5.052
2020-01-10 13:30:00+01:00,25.105,21.619999,22.5,17.5,14.6,34.209999,28.07,58.0,12.0,5.004
2020-01-10 14:00:00+01:00,24.855,21.85,22.5,18.119999,15.6,34.709999,28.029999,60.0,13.0,5.004
2020-01-10 15:00:00+01:00,24.6,22.1,22.5,17.34,15.6,35.48,28.209999,54.0,12.0,5.028
2020-01-10 15:15:00+01:00,24.6,22.125,22.5,17.119999,15.6,35.610001,28.41,54.0,13.0,5.028
2020-01-10 16:00:00+01:00,24.764999,22.15,22.5,17.139999,14.6,36.200001,29.029999,64.0,12.0,5.028
2020-01-10 16:15:00+01:00,24.744999,22.199999,22.5,17.639999,13.6,36.380001,29.449999,66.0,12.0,5.028
2020-01-10 16:30:00+01:00,24.615,22.23,22.5,17.440001,13.6,36.73,29.529999,68.5,13.0,5.148
2020-01-10 16:45:00+01:00,24.715,22.244999,22.5,17.639999,13.6,36.73,29.679998,71.0,12.0,5.04
2020-01-10 17:15:00+01:00,24.519999,22.109999,22.5,17.359999,12.6,36.649998,29.939999,71.0,12.0,5.028
2020-01-10 17:30:00+01:00,24.59,22.08,22.5,17.379999,11.6,36.68,30.07,71.0,12.0,5.04
2020-01-10 17:45:00+01:00,23.809999,22.014999,22.5,17.139999,11.6,37.43,30.099998,71.0,13.0,5.028
2020-01-10 18:00:00+01:00,23.84,21.93,22.5,17.4,10.6,37.509998,30.369999,71.0,12.0,5.016
2020-01-10 18:30:00+01:00,24.189999,21.93,22.5,17.279999,10.6,37.169998,30.4,73.5,12.0,5.004
2020-01-10 18:45:00+01:00,24.035,21.85,22.5,17.539999,9.6,37.629997,30.57,76.0,14.0,5.004
2020-01-10 19:45:00+01:00,24.064999,21.68,22.5,16.959999,9.6,37.719997,30.939999,81.0,12.0,5.004
2020-01-11 11:45:00+01:00,24.779999,20.695,22.5,17.74,12.6,34.18,29.23,57.0,12.0,5.004
2020-01-11 14:15:00+01:00,25.17,21.105,22.5,17.639999,15.6,34.32,29.289999,47.0,12.0,5.016
2020-01-11 14:30:00+01:00,24.914999,21.16,22.5,17.84,16.6,34.02,29.09,48.5,12.0,5.016
2020-01-13 04:15:00+01:00,16.375,18.42,22.5,14.88,5.6,40.77,30.849998,75.0,11.0,5.004
2020-01-13 04:45:00+01:00,16.43,18.105,22.5,14.78,5.6,40.91,30.48,75.0,13.0,5.088
2020-01-13 05:00:00+01:00,16.33,18.055,22.5,14.679999,5.6,40.91,30.33,75.0,12.0,5.04
2020-01-13 05:15:00+01:00,16.375,18.025,22.5,14.719999,5.6,40.809998,30.24,75.0,12.0,5.004
2020-01-13 08:30:00+01:00,23.885,20.59,22.5,18.02,3.6,32.779999,26.719999,83.0,12.0,5.016
2020-01-13 08:45:00+01:00,23.719999,20.58,22.5,17.84,3.6,33.0,26.719999,80.0,13.0,5.064
2020-01-13 09:00:00+01:00,24.195,20.539999,22.5,17.6,3.6,32.73,26.799999,80.0,12.0,5.04
2020-01-13 09:15:00+01:00,24.09,20.49,22.5,17.34,3.6,32.899998,26.92,80.0,14.0,5.052
2020-01-13 09:30:00+01:00,24.455,20.594999,22.5,17.5,4.6,32.450001,26.859999,77.5,12.0,5.028
2020-01-13 09:45:00+01:00,24.66,20.74,22.5,17.6,4.6,32.0,26.57,75.0,13.0,5.016
2020-01-13 10:00:00+01:00,25.08,20.799999,22.5,18.0,5.6,31.629999,26.57,81.0,12.0,5.052
2020-01-13 10:15:00+01:00,25.344999,20.93,22.5,17.66,5.6,31.15,26.359999,87.0,12.0,5.076
2020-01-13 11:15:00+01:00,24.664999,21.07,22.5,17.440001,7.6,32.040001,26.33,75.0,12.0,5.004
2020-01-13 12:45:00+01:00,24.504999,21.844999,22.5,17.699999,10.6,34.41,27.32,76.0,14.0,5.004
2020-01-13 14:00:00+01:00,25.055,22.41,22.5,17.5,12.6,35.469997,27.879999,68.0,13.0,5.004
2020-01-13 14:15:00+01:00,25.215,22.424999,22.5,17.76,11.6,35.290001,28.0,66.0,12.0,5.04
2020-01-13 14:30:00+01:00,24.834999,22.434999,22.5,18.16,11.6,35.619999,28.08,66.0,13.0,5.004
2020-01-13 14:45:00+01:00,24.775,22.424999,22.5,18.02,12.6,35.649998,28.16,66.0,12.0,5.064
2020-01-13 15:00:00+01:00,25.254999,22.465,22.5,17.879999,13.6,34.759998,27.93,66.0,12.0,5.016
2020-01-13 15:30:00+01:00,24.105,22.504999,22.5,17.0,13.6,36.009998,28.439999,68.5,12.0,5.028
2020-01-13 15:45:00+01:00,24.144999,22.504999,22.5,17.219999,12.6,36.279999,28.709999,71.0,14.0,5.004
2020-01-13 16:00:00+01:00,24.4,22.555,22.5,17.219999,13.6,35.939999,28.779999,70.5,12.0,5.064
2020-01-13 16:15:00+01:00,24.619999,22.574999,22.5,17.48,12.6,35.939999,28.809999,70.0,12.0,5.028
2020-01-13 16:45:00+01:00,24.775,22.594999,22.5,17.379999,12.6,36.200001,29.019999,70.0,13.0,5.004
2020-01-13 17:30:00+01:00,24.545,22.564999,22.5,17.1,10.6,36.450001,29.209999,78.5,12.0,5.016
2020-01-13 17:45:00+01:00,24.785,22.504999,22.5,17.779999,9.6,35.889999,29.279999,81.0,13.0,5.052
2020-01-13 18:30:00+01:00,24.75,22.494999,22.5,17.9,8.6,35.549999,29.039999,81.0,13.0,5.028
2020-01-13 18:45:00+01:00,24.824999,22.434999,22.5,17.9,7.6,35.649998,29.0,81.0,12.0,5.028
2020-01-14 07:15:00+01:00,23.07,19.875,22.5,17.76,4.6,34.130001,28.49,100.0,12.0,5.016
2020-01-14 08:00:00+01:00,24.424999,20.115,22.5,17.559999,4.6,32.829998,27.939999,89.5,13.0,5.028
2020-01-14 08:15:00+01:00,24.705,20.344999,22.5,17.699999,4.6,32.829998,27.73,86.0,12.0,5.016
2020-01-14 08:30:00+01:00,24.664999,20.645,22.5,17.74,4.6,33.07,27.439999,86.5,12.0,5.028
2020-01-14 09:00:00+01:00,25.305,20.82,22.5,17.559999,5.6,32.630001,27.299999,87.0,13.0,5.004
2020-01-14 11:30:00+01:00,24.744999,20.83,22.5,17.799999,9.6,34.099998,28.639999,75.5,12.0,5.076
2020-01-14 12:45:00+01:00,24.914999,21.709999,22.5,17.74,11.6,34.209999,28.099998,66.0,12.0,5.004
2020-01-14 13:30:00+01:00,24.879999,22.145,22.5,17.799999,12.6,34.450001,27.809999,66.0,12.0,5.22
2020-01-14 13:45:00+01:00,24.945,22.195,22.5,17.84,13.6,34.669998,27.75,66.0,12.0,5.016
2020-01-14 14:15:00+01:00,24.83,22.264999,22.5,18.0,13.6,34.969997,27.75,61.0,12.0,5.028
2020-01-14 14:30:00+01:00,25.025,22.205,22.5,18.219999,13.6,34.869999,27.99,59.0,13.0,5.028
2020-01-14 15:00:00+01:00,24.664999,22.195,22.5,17.859999,13.6,35.579998,28.389999,57.0,12.0,5.016
2020-01-14 15:15:00+01:00,24.709999,22.295,22.5,18.02,13.6,35.439999,28.5,57.0,13.0,5.028
2020-01-14 15:30:00+01:00,24.754999,22.314999,22.5,17.619999,13.6,35.48,28.389999,59.0,12.0,5.028
2020-01-14 15:45:00+01:00,24.924999,22.264999,22.5,17.92,13.6,35.209999,28.58,61.0,12.0,5.04
2020-01-14 16:15:00+01:00,24.664999,22.074999,22.5,18.039999,13.6,35.799999,28.92,61.0,12.0,5.016
2020-01-14 16:30:00+01:00,24.689999,22.074999,22.5,17.92,12.6,35.57,29.029999,63.5,14.0,5.028
2020-01-14 16:45:00+01:00,25.004999,22.055,22.5,17.98,12.6,35.380001,29.199999,66.0,12.0,5.052
2020-01-14 17:15:00+01:00,24.764999,22.264999,22.5,18.1,11.6,35.790001,29.09,70.0,13.0,5.016
2020-01-14 17:45:00+01:00,24.775,22.365,22.5,18.02,10.6,35.610001,29.109999,76.0,13.0,5.04
2020-01-14 18:45:00+01:00,24.635,22.275,22.5,17.84,9.6,36.07,29.289999,81.0,12.0,5.028
2020-01-14 19:15:00+01:00,25.105,22.225,22.5,17.68,9.6,35.509998,29.289999,87.0,13.0,5.004
2020-01-15 07:30:00+01:00,18.119999,19.814999,22.5,15.98,6.6,38.799999,28.559999,77.5,12.0,5.016
2020-01-15 07:45:00+01:00,17.375,19.48,22.5,15.54,6.6,40.93,28.93,75.0,13.0,5.064
2020-01-15 08:00:00+01:00,17.074999,19.27,22.5,15.36,7.6,42.329998,29.539999,81.0,12.0,5.004
2020-01-15 10:15:00+01:00,24.394999,20.92,22.5,17.299999,8.6,34.07,28.09,75.0,12.0,5.004
2020-01-15 12:30:00+01:00,24.535,21.219999,22.5,17.459999,12.6,34.309998,28.689999,61.0,12.0,5.016
2020-01-15 13:00:00+01:00,24.434999,21.379999,22.5,17.34,12.6,34.790001,28.619999,57.0,13.0,5.028
2020-01-15 13:15:00+01:00,24.869999,21.459999,22.5,17.940001,13.6,33.73,28.4,53.0,12.0,5.004
2020-01-15 13:30:00+01:00,24.715,21.539999,22.5,17.5,14.6,34.739998,28.43,53.0,13.0,5.04
2020-01-15 14:15:00+01:00,24.705,21.74,22.5,17.82,15.4,34.130001,28.07,53.0,12.0,5.016
2020-01-15 14:30:00+01:00,24.924999,21.76,22.5,17.859999,15.4,33.759998,27.699999,53.0,12.0,5.052
2020-01-15 15:00:00+01:00,24.949999,21.709999,22.5,17.66,15.4,33.419998,27.299999,55.0,12.0,5.004
2020-01-15 15:15:00+01:00,25.049999,21.699999,22.5,18.119999,14.4,33.380001,27.34,57.0,13.0,5.028
2020-01-15 16:00:00+01:00,24.734999,21.795,22.5,17.799999,13.4,33.75,27.459999,59.5,13.0,5.004
2020-01-15 16:30:00+01:00,25.0,21.844999,22.5,17.6,12.4,33.34,27.389999,59.5,13.0,5.04
2020-01-15 17:15:00+01:00,24.824999,21.779999,22.5,17.799999,12.4,33.57,27.5,57.0,12.0,5.028
2020-01-15 17:45:00+01:00,24.734999,21.779999,22.5,18.26,11.4,33.75,27.619999,66.0,14.0,5.016
2020-01-15 19:30:00+01:00,24.574999,21.76,22.5,18.119999,10.4,33.540001,27.199999,72.5,12.0,5.016
2020-01-16 06:15:00+01:00,17.535,19.549999,22.5,15.66,7.4,41.899998,30.029999,86.0,10.0,5.04
2020-01-16 07:30:00+01:00,16.934999,19.24,22.5,15.2,6.4,42.73,30.49,83.0,12.0,5.028
2020-01-16 07:45:00+01:00,16.844999,19.09,22.5,15.08,6.4,43.059998,30.539999,86.0,13.0,5.052
2020-01-16 08:45:00+01:00,24.115,20.494999,22.5,17.68,4.4,34.450001,28.269999,86.0,12.0,5.052
2020-01-16 09:15:00+01:00,24.664999,20.645,22.5,17.74,4.4,33.509998,27.91,87.0,12.0,5.016
2020-01-16 09:30:00+01:00,24.764999,20.605,22.5,17.9,5.4,33.41,27.91,84.0,13.0,5.028
2020-01-16 09:45:00+01:00,24.475,20.574999,22.5,17.440001,5.4,33.700001,27.98,81.0,12.0,5.004
2020-01-16 11:45:00+01:00,24.795,20.91,22.5,17.74,9.4,33.540001,27.93,66.0,12.0,5.052
2020-01-16 12:45:00+01:00,25.045,21.309999,22.5,17.82,11.4,33.619999,27.889999,61.0,12.0,5.016
2020-01-16 13:15:00+01:00,24.855,21.705,22.5,17.959999,11.4,33.599998,27.299999,57.0,12.0,5.004
2020-01-16 13:30:00+01:00,24.824999,21.725,22.5,18.1,12.4,33.540001,27.189999,55.5,13.0,5.064
2020-01-16 13:45:00+01:00,24.955,21.725,22.5,17.92,13.4,33.469997,27.23,54.0,12.0,5.004
2020-01-16 14:00:00+01:00,24.639999,21.795,22.5,17.379999,12.4,33.669998,27.109999,54.0,12.0,5.016
2020-01-16 14:15:00+01:00,24.01,21.895,22.5,17.0,12.4,34.219997,26.889999,54.0,13.0,5.016
2020-01-16 14:30:00+01:00,24.139999,21.85,22.5,17.219999,12.4,33.610001,26.68,54.0,12.0,5.112
2020-01-16 14:45:00+01:00,24.0,21.844999,22.5,17.619999,12.4,33.630001,26.469999,54.0,14.0,5.1
2020-01-16 15:00:00+01:00,23.969999,21.83,22.5,17.139999,14.4,33.869999,26.469999,54.0,12.0,5.1
2020-01-16 15:15:00+01:00,24.135,22.014999,22.5,17.18,14.4,33.489998,26.189999,54.0,13.0,5.016
2020-01-16 16:00:00+01:00,24.535,22.18,22.5,17.5,13.4,33.049999,25.83,54.0,12.0,5.004
2020-01-16 16:15:00+01:00,24.115,22.254999,22.5,17.559999,13.4,33.450001,25.65,54.0,12.0,5.028
2020-01-16 17:00:00+01:00,23.799999,22.09,22.5,17.18,13.4,35.639999,26.709999,59.0,13.0,5.1
2020-01-16 17:15:00+01:00,23.92,22.014999,22.5,17.059999,13.4,35.540001,27.099998,61.0,12.0,5.016
2020-01-16 17:30:00+01:00,24.064999,22.014999,22.5,16.799999,12.4,35.700001,27.42,61.0,14.0,5.052
2020-01-16 17:45:00+01:00,24.434999,22.014999,22.5,17.52,11.4,35.719997,27.809999,61.0,12.0,5.076
2020-01-16 18:00:00+01:00,24.33,22.064999,22.5,16.9,11.4,35.98,28.09,61.0,12.0,5.04
2020-01-16 18:15:00+01:00,24.529999,22.014999,22.5,17.42,11.4,35.75,28.359999,61.0,13.0,5.052
2020-01-16 19:15:00+01:00,24.51,21.93,22.5,17.42,11.4,35.649998,28.779999,70.0,12.0,5.028
2020-01-17 06:30:00+01:00,21.795,19.865,22.5,17.48,5.4,36.630001,29.9,89.5,12.0,5.052
2020-01-17 08:00:00+01:00,24.924999,20.475,22.5,17.5,7.4,33.139999,28.219999,86.0,14.0,5.004
2020-01-17 09:45:00+01:00,24.6,20.654999,22.5,17.6,7.4,33.43,27.689999,81.0,13.0,5.064
2020-01-17 11:15:00+01:00,24.514999,20.924999,22.5,17.559999,9.6,33.489998,27.769999,66.0,12.0,5.016
2020-01-17 11:30:00+01:00,24.705,21.15,22.5,17.74,10.6,33.43,27.629999,68.0,14.0,5.064
2020-01-17 12:00:00+01:00,24.875,21.41,22.5,18.0,10.6,33.68,27.57,70.0,12.0,5.004
2020-01-17 12:15:00+01:00,24.785,21.51,22.5,17.699999,11.6,34.290001,27.68,70.0,13.0,5.076
2020-01-17 12:30:00+01:00,24.754999,21.59,22.5,17.6,11.6,34.259998,27.68,70.0,12.0,5.064
2020-01-17 12:45:00+01:00,24.91,21.629999,22.5,17.34,12.6,33.799999,27.549999,70.0,13.0,5.028
2020-01-17 13:00:00+01:00,24.744999,21.66,22.5,17.559999,12.6,34.079998,27.699999,70.5,12.0,5.064
2020-01-17 13:15:00+01:00,24.795,21.67,22.5,17.779999,13.6,34.130001,27.699999,71.0,13.0,5.052
2020-01-17 13:30:00+01:00,24.754999,21.699999,22.5,17.4,12.6,34.27,27.769999,66.5,12.0,5.076
2020-01-17 13:45:00+01:00,24.875,21.74,22.5,17.84,13.6,34.41,27.769999,62.0,12.0,5.052
2020-01-17 14:00:00+01:00,24.824999,21.77,22.5,17.440001,13.6,34.450001,27.769999,59.5,13.0,5.052
2020-01-17 14:15:00+01:00,25.025,21.799999,22.5,18.059999,13.6,34.239998,27.74,57.0,12.0,5.064
2020-01-17 14:30:00+01:00,24.945,21.799999,22.5,17.84,14.6,34.450001,27.9,57.0,14.0,5.028
2020-01-17 14:45:00+01:00,24.664999,21.809999,22.5,17.76,13.6,34.57,27.859999,57.0,12.0,5.04
2020-01-17 15:15:00+01:00,24.07,21.799999,22.5,17.32,14.6,34.950001,27.859999,54.0,13.0,5.052
2020-01-17 15:30:00+01:00,24.035,21.76,22.5,17.58,13.4,34.549999,27.699999,54.0,12.0,5.016
2020-01-17 15:45:00+01:00,24.424999,21.76,22.5,17.16,13.4,34.369999,27.82,54.0,13.0,5.028
2020-01-17 16:00:00+01:00,24.189999,21.82,22.5,17.559999,14.4,34.41,27.66,53.5,12.0,5.052
2020-01-17 16:15:00+01:00,24.01,21.82,22.5,17.16,13.4,35.09,27.769999,53.0,13.0,5.052
2020-01-17 16:30:00+01:00,24.555,21.85,22.5,17.58,12.4,34.669998,27.959999,53.0,12.0,5.052
2020-01-17 16:45:00+01:00,24.529999,21.91,22.5,17.42,12.4,34.639999,27.869999,53.0,14.0,5.1
2020-01-17 17:00:00+01:00,24.07,21.869999,22.5,17.539999,12.4,35.0,27.869999,53.0,12.0,5.052
2020-01-17 17:15:00+01:00,23.74,21.805,22.5,17.1,11.4,35.259998,27.939999,53.0,13.0,5.112
2020-01-17 17:30:00+01:00,23.799999,21.76,22.5,17.4,12.4,35.380001,28.01,53.0,12.0,5.064
2020-01-17 17:45:00+01:00,23.74,21.74,22.5,17.1,12.4,35.469997,28.01,53.0,13.0,5.04
2020-01-17 18:00:00+01:00,24.18,21.719999,22.5,17.0,11.4,34.91,28.01,55.0,12.0,5.064
2020-01-17 18:15:00+01:00,24.154999,21.74,22.5,17.02,11.4,34.98,27.859999,57.0,13.0,5.1
2020-01-17 18:30:00+01:00,24.34,21.82,22.5,17.299999,11.4,34.459999,27.609999,57.0,12.0,5.016
2020-01-17 18:45:00+01:00,24.414999,21.795,22.5,17.459999,11.4,34.389999,27.57,57.0,13.0,5.04
2020-01-17 19:00:00+01:00,24.379999,21.76,22.5,17.559999,11.4,34.360001,27.51,61.5,12.0,5.076
2020-01-17 19:15:00+01:00,24.289999,21.699999,22.5,17.34,11.4,34.669998,27.609999,66.0,14.0,5.004
2020-01-17 19:30:00+01:00,24.139999,21.689999,22.5,17.16,10.4,34.950001,27.76,68.0,12.0,5.064
2020-01-17 19:45:00+01:00,24.34,21.725,22.5,17.199999,11.4,34.630001,27.699999,70.0,13.0,5.076
2020-01-17 20:00:00+01:00,24.26,21.725,22.5,17.16,11.4,34.75,27.67,68.0,12.0,5.064
2020-01-18 06:15:00+01:00,19.424999,19.914999,22.5,16.119999,8.4,43.68,32.860001,100.0,11.0,5.064
2020-01-18 06:30:00+01:00,19.975,19.809999,22.5,16.92,8.4,42.559998,33.329998,100.0,12.0,5.04
2020-01-18 06:45:00+01:00,19.434999,19.83,22.5,16.74,8.4,43.329998,33.52,100.0,13.0,5.088
2020-01-18 07:00:00+01:00,17.969999,19.705,22.5,16.08,8.4,46.309998,33.709999,100.0,12.0,5.004
2020-01-18 07:15:00+01:00,17.764999,19.574999,22.5,16.0,8.4,46.489998,33.939999,100.0,13.0,5.04
2020-01-18 07:30:00+01:00,17.715,19.51,22.5,15.94,8.4,46.43,34.130001,100.0,12.0,5.064
2020-01-18 07:45:00+01:00,17.664999,19.449999,22.5,15.92,8.4,46.34,34.23,100.0,13.0,5.088
2020-01-18 08:00:00+01:00,17.629999,19.41,22.5,15.86,8.4,46.950001,34.329998,100.0,12.0,5.1
2020-01-18 09:45:00+01:00,25.234999,20.715,22.5,17.82,8.4,36.149998,32.329998,100.0,12.0,5.004
2020-01-18 11:15:00+01:00,24.984999,20.844999,22.5,17.66,8.4,36.709999,32.309998,100.0,12.0,5.004
2020-01-18 11:45:00+01:00,24.664999,20.895,22.5,17.82,11.4,37.5,32.75,76.0,13.0,5.088
2020-01-18 12:00:00+01:00,24.875,20.904999,22.5,17.959999,13.4,37.549999,33.02,73.5,12.0,5.016
2020-01-18 12:15:00+01:00,24.805,20.939999,22.5,17.4,13.4,38.450001,33.279999,71.0,14.0,5.016
2020-01-18 12:45:00+01:00,24.955,21.035,22.5,17.9,14.4,38.169998,33.48,71.0,13.0,5.052
2020-01-18 13:00:00+01:00,24.934999,21.074999,22.5,18.059999,14.4,37.98,33.559998,71.0,12.0,5.016
2020-01-18 13:15:00+01:00,24.904999,21.094999,22.5,17.459999,15.4,38.389999,33.619999,71.0,12.0,5.004
2020-01-18 13:30:00+01:00,24.914999,21.105,22.5,18.0,15.4,37.66,33.559998,68.5,13.0,5.016
2020-01-18 13:45:00+01:00,24.805,21.16,22.5,17.66,15.4,38.099998,33.559998,66.0,12.0,5.016
2020-01-18 14:00:00+01:00,25.0,21.285,22.5,18.0,15.4,37.939999,33.709999,66.0,13.0,5.04
2020-01-18 14:15:00+01:00,25.049999,21.51,22.5,17.959999,15.4,38.110001,33.5,66.0,13.0,5.04
2020-01-18 14:30:00+01:00,24.889999,21.664999,22.5,17.719999,15.4,38.59,33.630001,66.0,12.0,5.04
2020-01-18 14:45:00+01:00,24.934999,21.844999,22.5,17.58,15.4,38.239998,33.380001,66.0,12.0,5.016
2020-01-18 15:00:00+01:00,25.109999,21.965,22.5,17.799999,15.4,38.040001,33.389999,64.0,14.0,5.04
2020-01-20 04:30:00+01:00,16.889999,18.264999,22.5,15.179999,7.4,37.419998,29.0,67.5,13.0,5.04
2020-01-20 05:00:00+01:00,16.93,18.15,22.5,15.179999,6.4,37.16,28.15,60.0,12.0,5.004
2020-01-20 05:15:00+01:00,16.889999,18.135,22.5,15.139999,6.4,36.759998,27.809999,60.0,14.0,5.028
2020-01-20 05:45:00+01:00,16.855,18.084999,22.5,15.08,7.4,36.790001,27.279999,65.0,13.0,5.052
2020-01-20 06:15:00+01:00,16.785,18.045,22.5,15.139999,7.4,36.849998,27.17,56.0,13.0,5.016
2020-01-20 06:30:00+01:00,17.654999,18.045,22.5,15.719999,7.4,35.93,27.01,60.5,12.0,5.004
2020-01-20 07:15:00+01:00,22.705,19.24,22.5,18.48,7.4,31.269999,25.4,65.0,13.0,5.004
2020-01-20 15:15:00+01:00,25.375,21.934999,22.5,18.16,13.1,28.599998,23.119999,37.0,12.0,5.04
2020-01-20 16:15:00+01:00,24.824999,21.959999,22.5,17.58,13.1,28.599998,22.379999,43.0,12.0,5.016
2020-01-20 16:45:00+01:00,25.029999,22.004999,22.5,17.639999,12.1,28.139999,22.02,53.0,12.0,5.004
2020-01-21 11:45:00+01:00,24.555,21.029999,22.5,17.359999,8.0,29.91,23.09,56.0,12.0,5.052
2020-01-21 13:15:00+01:00,24.594999,21.619999,22.5,17.039999,10.1,31.429998,24.049999,53.0,12.0,5.004
2020-01-21 13:30:00+01:00,24.824999,21.66,22.5,17.98,10.1,31.51,24.049999,54.5,13.0,5.004
2020-01-21 14:00:00+01:00,24.619999,21.68,22.5,17.58,11.1,30.24,23.619999,52.5,12.0,5.016
2020-01-21 14:15:00+01:00,24.914999,21.76,22.5,17.779999,12.1,30.179998,23.18,49.0,12.0,5.04
2020-01-21 14:30:00+01:00,24.834999,21.725,22.5,18.0,12.1,30.459999,23.26,47.5,12.0,5.028
2020-01-21 15:45:00+01:00,24.754999,21.674999,22.5,17.58,12.0,28.859999,23.549999,49.0,12.0,5.016
2020-01-21 16:15:00+01:00,24.834999,21.709999,22.5,17.779999,12.0,28.869999,22.24,49.0,12.0,5.04
2020-01-21 17:15:00+01:00,24.764999,21.77,22.5,17.879999,11.0,30.599998,22.91,53.0,13.0,5.004
2020-01-21 18:45:00+01:00,24.594999,21.76,22.5,17.440001,9.0,30.629999,23.15,60.0,13.0,5.052
2020-01-22 07:15:00+01:00,24.174999,19.984999,22.5,18.059999,5.0,32.419998,26.33,74.0,14.0,5.04
2020-01-22 07:30:00+01:00,24.564999,20.08,22.5,17.84,5.0,31.42,25.9,74.0,12.0,5.076
2020-01-22 08:00:00+01:00,24.795,20.184999,22.5,17.559999,7.0,31.699999,25.789999,74.5,12.0,5.016
2020-01-22 12:45:00+01:00,24.76,21.42,22.5,17.699999,13.1,32.23,25.449999,50.0,13.0,5.004
2020-01-22 13:00:00+01:00,24.879999,21.459999,22.5,17.92,14.1,31.049999,25.17,46.5,12.0,5.052
2020-01-22 13:30:00+01:00,25.084999,21.74,22.5,17.74,14.1,30.719999,24.58,40.0,12.0,5.088
2020-01-22 13:45:00+01:00,24.775,21.744999,22.5,17.559999,14.1,30.99,24.279999,37.0,14.0,5.016
2020-01-22 14:00:00+01:00,24.91,21.709999,22.5,18.199999,15.1,30.08,24.019999,38.5,12.0,5.04
2020-01-22 14:15:00+01:00,24.869999,21.65,22.5,17.98,16.1,30.299999,23.869999,40.0,13.0,5.04
2020-01-22 14:30:00+01:00,24.924999,21.65,22.5,17.84,16.1,29.99,23.65,40.0,12.0,5.028
2020-01-22 14:45:00+01:00,25.004999,21.725,22.5,17.5,16.1,30.549999,23.709999,40.0,13.0,5.052
2020-01-22 15:00:00+01:00,24.605,21.865,22.5,16.879999,16.1,30.779999,23.6,38.5,12.0,5.052
2020-01-22 15:15:00+01:00,24.07,22.004999,22.5,17.379999,16.1,30.98,23.559999,37.0,13.0,5.064
2020-01-22 15:30:00+01:00,23.885,22.014999,22.5,16.940001,16.1,30.099998,23.34,36.0,12.0,5.076
2020-01-22 15:45:00+01:00,24.035,22.014999,22.5,17.18,15.1,30.41,22.939999,35.0,12.0,5.052
2020-01-22 16:00:00+01:00,24.019999,22.014999,22.5,17.299999,15.1,30.609999,22.939999,37.5,13.0,5.04
2020-01-22 16:45:00+01:00,24.019999,22.014999,22.5,17.139999,13.1,31.139999,22.939999,40.0,12.0,5.052
2020-01-22 17:15:00+01:00,24.139999,22.1,22.5,17.16,13.1,30.789999,23.18,43.0,12.0,5.028
2020-01-22 17:30:00+01:00,24.365,22.125,22.5,17.119999,12.1,30.76,23.09,44.5,13.0,5.028
2020-01-22 17:45:00+01:00,24.459999,22.109999,22.5,17.219999,12.1,30.529999,23.219999,46.0,12.0,5.076
2020-01-22 18:00:00+01:00,24.334999,22.07,22.5,17.139999,11.1,31.0,23.379999,44.5,13.0,5.04
2020-01-22 18:15:00+01:00,24.26,22.045,22.5,17.42,11.1,31.519999,23.41,43.0,13.0,5.04
2020-01-22 18:30:00+01:00,24.434999,22.014999,22.5,17.9,11.1,31.59,23.57,48.0,12.0,5.016
2020-01-22 18:45:00+01:00,24.459999,22.014999,22.5,17.039999,11.1,31.66,23.689999,53.0,14.0,5.004
2020-01-22 19:00:00+01:00,24.34,22.014999,22.5,17.379999,10.1,32.16,23.9,55.0,12.0,5.028
2020-01-22 19:15:00+01:00,24.68,22.014999,22.5,17.959999,10.1,32.040001,24.049999,57.0,12.0,5.064
2020-01-22 19:30:00+01:00,24.369999,22.014999,22.5,17.9,10.1,32.68,24.279999,56.5,13.0,5.028
2020-01-22 19:45:00+01:00,24.494999,22.004999,22.5,17.799999,10.1,32.899998,24.459999,56.0,12.0,5.1
2020-01-23 06:15:00+01:00,20.439999,19.82,22.5,17.139999,5.1,36.34,27.07,75.0,10.0,5.004
2020-01-23 06:30:00+01:00,21.539999,19.76,22.5,17.5,5.1,34.459999,26.809999,75.0,13.0,5.064
2020-01-23 07:15:00+01:00,18.66,20.01,22.5,16.02,7.1,37.049999,25.939999,70.0,13.0,5.04
2020-01-23 07:30:00+01:00,17.74,19.629999,22.5,15.78,6.1,37.919998,26.379999,70.0,12.0,5.076
2020-01-23 07:45:00+01:00,17.215,19.369999,22.5,15.48,6.1,37.739998,26.48,70.0,13.0,5.04
2020-01-23 08:00:00+01:00,17.045,19.25,22.5,15.36,6.1,37.489998,26.299999,70.0,12.0,5.112
2020-01-23 08:15:00+01:00,26.0,19.914999,22.5,18.92,5.1,28.99,25.09,70.0,13.0,5.004
2020-01-23 08:30:00+01:00,24.894999,20.605,22.5,17.699999,4.1,29.99,24.019999,72.5,14.0,5.076
2020-01-23 09:00:00+01:00,24.984999,20.775,22.5,17.539999,7.1,29.679998,23.76,75.0,12.0,5.004
2020-01-23 11:00:00+01:00,24.715,20.865,22.5,17.4,8.1,31.33,25.199999,75.0,12.0,5.004
2020-01-23 11:15:00+01:00,24.764999,21.1,22.5,17.82,7.1,31.539999,25.059999,75.0,12.0,5.04
2020-01-23 12:00:00+01:00,24.514999,21.18,22.5,17.459999,9.1,32.34,25.51,65.5,12.0,5.028
2020-01-23 12:30:00+01:00,24.644999,21.389999,22.5,17.82,10.1,32.709999,25.57,67.5,12.0,5.04
2020-01-23 14:15:00+01:00,24.889999,21.77,22.5,17.52,9.1,32.299999,25.359999,61.0,12.0,5.064
2020-01-23 14:30:00+01:00,24.955,21.74,22.5,18.08,9.1,32.059998,25.34,57.0,12.0,5.04
2020-01-23 14:45:00+01:00,24.754999,21.76,22.5,17.539999,12.1,32.509998,25.25,53.0,13.0,5.016
2020-01-23 15:15:00+01:00,25.014999,21.699999,22.5,17.74,13.1,32.059998,25.25,50.0,14.0,5.016
2020-01-23 15:30:00+01:00,24.705,21.715,22.5,17.940001,14.1,32.389999,25.209999,50.0,12.0,5.016
2020-01-23 16:00:00+01:00,24.314999,21.74,22.5,17.08,12.1,32.599998,25.289999,51.5,12.0,5.028
2020-01-23 16:15:00+01:00,23.969999,21.779999,22.5,17.26,11.1,33.009998,25.26,53.0,13.0,5.004
2020-01-23 16:30:00+01:00,23.939999,21.75,22.5,16.799999,12.1,33.34,25.359999,53.0,12.0,5.016
2020-01-23 16:45:00+01:00,23.885,21.76,22.5,17.18,11.1,33.380001,25.449999,53.0,12.0,5.028
2020-01-23 17:00:00+01:00,24.105,21.76,22.5,16.879999,10.1,33.219997,25.449999,55.0,13.0,5.016
2020-01-23 17:15:00+01:00,24.389999,21.795,22.5,17.559999,11.1,32.559998,25.359999,57.0,13.0,5.04
2020-01-23 17:45:00+01:00,24.545,21.799999,22.5,17.4,10.1,33.369999,25.76,61.0,12.0,5.028
2020-01-23 18:45:00+01:00,24.805,21.795,22.5,17.699999,9.1,33.130001,26.16,61.0,13.0,5.04
2020-01-23 19:00:00+01:00,24.98,21.795,22.5,17.539999,9.1,33.219997,26.189999,65.5,13.0,5.016
2020-01-23 19:15:00+01:00,24.924999,21.77,22.5,17.6,9.1,33.329998,26.269999,70.0,12.0,5.028
2020-01-23 19:30:00+01:00,24.959999,21.75,22.5,17.6,9.1,33.75,26.439999,70.0,13.0,5.028
2020-01-23 20:00:00+01:00,25.039999,21.754999,22.5,18.08,8.1,32.68,26.199999,70.0,12.0,5.076
2020-01-24 06:15:00+01:00,21.82,19.76,22.5,17.359999,8.1,35.66,27.849998,70.0,11.0,5.04
2020-01-24 07:15:00+01:00,24.789999,20.295,22.5,17.66,8.1,32.630001,27.18,81.0,12.0,5.028
2020-01-24 07:45:00+01:00,24.855,20.434999,22.5,17.199999,7.1,32.450001,26.809999,87.0,12.0,5.016
2020-01-24 08:00:00+01:00,25.285,20.49,22.5,17.639999,8.1,31.83,26.76,87.0,14.0,5.052
2020-01-24 08:15:00+01:00,25.144999,20.664999,22.5,17.359999,7.0,31.98,26.5,87.0,12.0,5.04
2020-01-24 08:30:00+01:00,25.184999,20.91,22.5,17.6,8.0,32.369999,26.23,84.0,13.0,5.004
2020-01-24 08:45:00+01:00,25.18,20.945,22.5,17.719999,9.0,32.360001,26.269999,81.0,12.0,5.016
2020-01-24 09:00:00+01:00,24.744999,20.939999,22.5,17.32,8.0,32.559998,26.269999,78.0,12.0,5.016
2020-01-24 09:15:00+01:00,24.894999,20.91,22.5,17.539999,8.0,32.41,26.389999,75.0,13.0,5.016
2020-01-24 09:30:00+01:00,25.0,21.055,22.5,17.74,8.0,32.59,26.369999,75.0,12.0,5.04
2020-01-24 09:45:00+01:00,24.654999,21.1,22.5,17.539999,8.0,32.599998,26.289999,75.0,13.0,5.028
2020-01-24 10:30:00+01:00,24.785,21.174999,22.5,17.779999,9.0,32.899998,26.51,72.5,12.0,5.016
2020-01-24 10:45:00+01:00,24.545,21.34,22.5,17.48,10.0,32.860001,26.24,70.0,14.0,5.064
2020-01-24 11:00:00+01:00,24.695,21.42,22.5,17.42,10.0,32.349998,26.049999,70.0,12.0,5.004
2020-01-24 11:15:00+01:00,24.555,21.5,22.5,17.299999,11.0,32.649998,26.0,70.0,12.0,5.04
2020-01-24 11:30:00+01:00,24.795,21.529999,22.5,17.639999,11.0,32.540001,25.939999,68.0,13.0,5.04
2020-01-24 12:00:00+01:00,24.855,21.74,22.5,17.279999,9.9,32.489998,25.76,68.0,13.0,5.04
2020-01-24 12:15:00+01:00,24.744999,21.77,22.5,17.82,9.9,32.709999,25.84,70.0,12.0,5.052
2020-01-24 12:30:00+01:00,24.775,21.795,22.5,16.92,10.9,32.149998,25.639999,68.0,13.0,5.04
2020-01-24 13:00:00+01:00,25.144999,21.91,22.5,17.940001,10.9,33.119999,25.809999,63.5,12.0,5.112
2020-01-24 13:15:00+01:00,25.135,21.959999,22.5,18.039999,12.0,33.0,25.939999,61.0,14.0,5.064
2020-01-24 13:30:00+01:00,25.209999,21.949999,22.5,17.779999,14.0,31.849998,25.609999,61.0,12.0,5.064
2020-01-24 13:45:00+01:00,25.025,21.939999,22.5,17.859999,13.1,32.509998,25.609999,61.0,13.0,5.088
2020-01-24 14:00:00+01:00,25.0,21.949999,22.5,18.119999,15.1,32.189999,25.42,59.0,13.0,5.076
2020-01-24 14:15:00+01:00,24.83,21.934999,22.5,18.199999,13.1,33.599998,25.869999,57.0,12.0,5.016
2020-01-24 14:30:00+01:00,24.695,21.869999,22.5,17.559999,13.1,33.23,25.969999,55.0,13.0,5.028
2020-01-24 14:45:00+01:00,24.654999,21.844999,22.5,17.859999,13.1,33.509998,25.98,53.0,12.0,5.028
2020-01-24 15:00:00+01:00,24.775,21.83,22.5,17.6,14.1,33.189999,25.92,57.0,13.0,5.064
2020-01-24 15:15:00+01:00,24.945,21.83,22.5,18.119999,15.1,32.529999,25.83,61.0,12.0,5.064
2020-01-24 15:30:00+01:00,24.785,21.9,22.5,18.1,15.1,32.77,25.859999,61.0,14.0,5.04
2020-01-24 15:45:00+01:00,24.775,21.99,22.5,17.539999,13.1,32.77,25.769999,61.0,12.0,5.064
2020-01-24 16:00:00+01:00,24.715,21.98,22.5,17.76,13.1,32.040001,25.609999,61.0,13.0,5.064
2020-01-24 16:15:00+01:00,24.715,21.975,22.5,18.0,12.1,32.07,25.58,61.0,12.0,5.04
2020-01-24 16:30:00+01:00,24.715,21.975,22.5,17.959999,12.1,32.349998,25.539999,63.5,13.0,5.04
2020-01-24 16:45:00+01:00,24.754999,22.014999,22.5,18.0,12.1,32.399998,25.41,66.0,13.0,5.052
2020-01-24 17:00:00+01:00,25.305,22.014999,22.5,18.139999,12.1,32.259998,25.549999,68.0,12.0,5.04
2020-01-24 17:15:00+01:00,24.094999,22.055,22.5,17.219999,12.1,33.969997,25.67,70.0,13.0,5.052
2020-01-24 17:30:00+01:00,24.115,22.004999,22.5,17.440001,11.1,33.91,25.809999,67.5,12.0,5.124
2020-01-24 17:45:00+01:00,24.189999,21.959999,22.5,16.779999,10.1,33.700001,25.9,65.0,14.0,5.064
2020-01-24 18:00:00+01:00,24.33,22.004999,22.5,17.26,10.1,33.549999,25.869999,65.0,12.0,5.088
2020-01-24 18:15:00+01:00,24.115,21.939999,22.5,17.16,9.1,33.610001,25.869999,65.0,13.0,5.052
2020-01-24 18:30:00+01:00,24.09,21.844999,22.5,16.74,10.1,33.369999,25.869999,65.0,13.0,5.1
2020-01-24 18:45:00+01:00,24.215,21.779999,22.5,16.879999,10.1,33.529999,25.92,65.0,12.0,5.04
2020-01-24 19:15:00+01:00,24.465,21.83,22.5,17.24,9.1,33.98,25.99,70.0,12.0,5.064
2020-01-24 19:30:00+01:00,25.055,21.779999,22.5,17.9,10.1,33.619999,26.309999,70.0,13.0,5.064
2020-01-24 19:45:00+01:00,24.904999,21.799999,22.5,17.539999,9.1,33.919998,26.43,70.0,12.0,5.064
2020-01-24 20:00:00+01:00,25.1,21.764999,22.5,17.98,10.1,33.880001,27.539999,72.5,14.0,5.112
2020-01-25 06:15:00+01:00,20.939999,19.959999,22.5,16.719999,7.4,36.5,28.33,75.0,10.0,5.088
2020-01-25 06:30:00+01:00,21.059999,19.949999,22.5,16.719999,8.4,36.399998,28.17,75.0,12.0,5.04
2020-01-25 06:45:00+01:00,21.965,19.975,22.5,17.779999,8.4,35.349998,27.98,75.0,14.0,5.04
2020-01-25 07:00:00+01:00,23.57,20.119999,22.5,18.18,8.4,33.829998,27.68,75.0,12.0,5.028
2020-01-25 07:15:00+01:00,23.67,20.289999,22.5,17.539999,8.4,33.469997,27.33,75.0,13.0,5.052
2020-01-25 07:30:00+01:00,23.184999,20.324999,22.5,17.059999,8.4,34.079998,27.18,78.0,12.0,5.016
2020-01-25 07:45:00+01:00,24.01,20.334999,22.5,18.02,7.4,33.189999,27.18,81.0,13.0,5.112
2020-01-25 08:00:00+01:00,23.67,20.385,22.5,17.699999,7.4,33.399998,27.019999,81.0,12.0,5.076
2020-01-25 08:30:00+01:00,25.074999,20.994999,22.5,17.76,7.4,32.189999,26.16,81.0,12.0,5.016
2020-01-25 08:45:00+01:00,25.125,21.045,22.5,17.639999,7.4,32.09,26.119999,81.0,13.0,5.028
2020-01-25 09:00:00+01:00,25.084999,20.975,22.5,17.74,9.4,32.059998,26.25,78.0,12.0,5.016
2020-01-25 10:00:00+01:00,24.775,20.844999,22.5,17.42,8.4,32.41,26.51,67.5,12.0,5.052
2020-01-25 10:15:00+01:00,24.684999,20.82,22.5,17.34,9.4,32.559998,26.519999,65.0,13.0,5.064
2020-01-25 10:30:00+01:00,24.635,20.795,22.5,17.34,10.4,32.450001,26.41,63.0,12.0,5.124
2020-01-25 10:45:00+01:00,24.805,20.805,22.5,17.559999,11.4,32.18,26.439999,61.0,13.0,5.088
2020-01-25 11:00:00+01:00,24.914999,20.859999,22.5,17.699999,11.4,31.779999,26.189999,57.0,12.0,5.052
2020-01-25 11:15:00+01:00,24.945,20.895,22.5,17.699999,11.4,31.639999,26.07,53.0,13.0,5.1
2020-01-25 11:30:00+01:00,24.764999,20.875,22.5,17.440001,12.4,32.09,26.15,53.0,12.0,5.076
2020-01-25 11:45:00+01:00,24.754999,20.895,22.5,16.959999,12.4,32.149998,26.189999,53.0,14.0,5.04
2020-01-25 12:00:00+01:00,25.074999,20.92,22.5,17.799999,11.4,31.959999,26.199999,53.0,12.0,5.04
2020-01-25 12:15:00+01:00,24.564999,20.924999,22.5,17.779999,13.4,33.09,26.389999,53.0,13.0,5.004
2020-01-25 12:30:00+01:00,24.564999,20.939999,22.5,17.76,14.4,33.759998,26.74,51.5,12.0,5.064
2020-01-25 12:45:00+01:00,24.805,20.994999,22.5,17.379999,15.4,33.919998,27.07,50.0,13.0,5.004
2020-01-25 13:00:00+01:00,24.529999,21.029999,22.5,17.539999,14.4,34.41,27.349998,50.0,12.0,5.076
2020-01-25 13:15:00+01:00,24.734999,21.045,22.5,17.940001,14.4,33.75,27.349998,50.0,13.0,5.064
2020-01-25 13:30:00+01:00,24.994999,21.094999,22.5,17.859999,15.4,33.380001,27.309999,48.0,12.0,5.124
2020-01-25 13:45:00+01:00,24.934999,21.125,22.5,18.059999,15.4,33.540001,27.16,46.0,13.0,5.172
2020-01-25 14:00:00+01:00,24.605,21.15,22.5,17.02,16.4,33.169998,26.91,50.0,12.0,5.04
2020-01-25 14:15:00+01:00,24.295,21.17,22.5,17.6,14.4,33.149998,26.769999,54.0,14.0,5.088
2020-01-25 14:30:00+01:00,24.664999,21.189999,22.5,17.279999,14.4,32.509998,26.539999,50.5,12.0,5.076
2020-01-25 14:45:00+01:00,25.105,21.195,22.5,17.559999,16.4,31.959999,26.269999,47.0,13.0,5.1
2020-01-27 04:15:00+01:00,17.295,18.645,22.5,15.58,7.4,42.93,31.9,87.0,10.0,5.112
2020-01-27 04:30:00+01:00,17.385,18.445,22.5,15.559999,7.4,43.399998,32.309998,87.0,13.0,5.184
2020-01-27 04:45:00+01:00,17.359999,18.395,22.5,15.52,7.4,44.619999,32.669998,87.0,12.0,5.124
2020-01-27 05:00:00+01:00,17.355,18.365,22.5,15.48,7.4,44.789997,33.130001,87.0,13.0,5.196
2020-01-27 05:15:00+01:00,17.215,18.34,22.5,15.4,7.4,44.899998,33.450001,87.0,13.0,5.136
2020-01-27 05:30:00+01:00,17.154999,18.324999,22.5,15.299999,7.4,45.07,33.639999,87.0,13.0,5.184
2020-01-27 05:45:00+01:00,17.125,18.275,22.5,15.28,7.4,45.489998,33.809998,87.0,12.0,5.124
2020-01-27 06:00:00+01:00,17.084999,18.26,22.5,15.259999,7.4,45.299999,33.91,87.0,14.0,5.112
2020-01-27 06:15:00+01:00,18.92,18.295,22.5,16.359999,6.4,41.360001,33.84,87.0,13.0,5.076
2020-01-27 06:30:00+01:00,19.445,18.404999,22.5,16.719999,5.4,40.049999,33.259998,87.0,12.0,5.124
2020-01-27 06:45:00+01:00,22.289999,18.565001,22.5,18.539999,6.4,37.259998,32.84,87.0,13.0,5.1
2020-01-27 07:00:00+01:00,23.469999,18.9,22.5,18.799999,5.4,35.169998,32.009998,83.5,12.0,5.064
2020-01-27 07:15:00+01:00,22.855,19.49,22.5,17.940001,5.4,35.489998,30.83,80.0,13.0,5.124
2020-01-27 07:30:00+01:00,22.98,20.174999,22.5,17.76,4.4,35.450001,29.57,83.0,12.0,5.148
2020-01-27 07:45:00+01:00,23.264999,20.475,22.5,17.58,5.4,35.48,29.129999,86.0,13.0,5.1
2020-01-27 08:00:00+01:00,23.559999,20.594999,22.5,17.639999,5.4,35.02,28.879999,86.0,12.0,5.112
2020-01-27 08:15:00+01:00,24.0,20.699999,22.5,17.699999,5.4,34.700001,28.82,86.0,14.0,5.076
2020-01-27 08:30:00+01:00,24.205,20.76,22.5,17.6,5.4,34.639999,28.82,86.0,13.0,5.1
2020-01-27 08:45:00+01:00,24.564999,20.754999,22.5,17.66,5.4,34.549999,28.82,86.0,12.0,5.1
2020-01-27 09:00:00+01:00,24.775,20.74,22.5,17.639999,5.4,33.889999,28.709999,86.5,13.0,5.136
2020-01-27 09:30:00+01:00,24.939999,20.514999,22.5,17.699999,6.4,33.43,28.799999,84.0,13.0,5.076
2020-01-27 09:45:00+01:00,24.805,20.439999,22.5,17.699999,7.4,33.919998,29.039999,81.0,13.0,5.004
2020-01-27 10:00:00+01:00,24.75,20.609999,22.5,17.66,7.4,34.309998,29.129999,75.5,12.0,5.136
2020-01-27 10:15:00+01:00,24.775,20.775,22.5,17.779999,7.4,33.919998,28.939999,70.0,14.0,5.124
2020-01-27 10:30:00+01:00,24.74,20.775,22.5,17.58,7.4,33.630001,28.75,70.0,12.0,5.124
2020-01-27 10:45:00+01:00,24.885,20.82,22.5,17.799999,9.4,33.689999,28.639999,70.0,13.0,5.124
2020-01-27 11:00:00+01:00,24.619999,20.93,22.5,17.32,9.4,33.899998,28.459999,68.0,13.0,5.088
2020-01-27 11:30:00+01:00,24.975,20.994999,22.5,17.58,10.4,34.169998,28.869999,64.0,13.0,5.1
2020-01-27 11:45:00+01:00,25.105,21.16,22.5,17.699999,11.4,34.290001,28.859999,62.0,13.0,5.1
2020-01-27 12:00:00+01:00,24.869999,21.299999,22.5,17.74,12.4,34.779999,28.959999,59.5,12.0,5.1
2020-01-27 12:15:00+01:00,24.459999,21.375,22.5,17.32,14.4,34.689999,28.82,57.0,14.0,5.124
2020-01-27 12:30:00+01:00,24.834999,21.455,22.5,17.58,14.4,34.709999,28.939999,57.0,13.0,5.124
2020-01-27 12:45:00+01:00,25.164999,21.514999,22.5,17.92,14.4,34.93,29.15,57.0,12.0,5.124
2020-01-27 13:00:00+01:00,25.254999,21.615,22.5,17.84,15.4,35.18,29.299999,57.5,13.0,5.148
2020-01-27 13:15:00+01:00,24.855,21.674999,22.5,17.66,15.4,35.82,29.389999,58.0,12.0,5.16
2020-01-27 13:30:00+01:00,25.09,21.689999,22.5,18.1,16.4,35.66,29.679998,58.0,13.0,5.148
2020-01-27 13:45:00+01:00,25.234999,21.75,22.5,18.219999,16.4,35.73,29.799999,58.0,12.0,5.172
2020-01-27 14:00:00+01:00,24.844999,21.76,22.5,17.219999,15.4,36.279999,29.959999,60.0,13.0,5.1
2020-01-27 14:15:00+01:00,24.264999,21.725,22.5,17.42,15.4,36.799999,30.15,62.0,14.0,5.028
2020-01-27 14:30:00+01:00,24.055,21.76,22.5,17.48,16.4,37.059998,30.23,64.0,13.0,5.184
2020-01-27 14:45:00+01:00,24.205,21.75,22.5,17.52,16.4,37.079998,30.389999,66.0,13.0,5.16
2020-01-27 15:00:00+01:00,24.184999,21.75,22.5,17.52,16.4,37.27,30.549999,66.0,12.0,5.148
2020-01-27 15:15:00+01:00,24.195,21.719999,22.5,16.92,15.4,37.419998,30.709999,66.0,13.0,5.112
2020-01-27 15:30:00+01:00,24.305,21.74,22.5,16.799999,14.4,37.66,30.869999,66.0,13.0,5.1
2020-01-27 15:45:00+01:00,24.07,21.77,22.5,17.18,14.4,37.73,31.019999,66.0,12.0,5.136
2020-01-27 16:00:00+01:00,24.234999,21.709999,22.5,17.32,14.4,37.669998,31.269999,66.0,14.0,5.052
2020-01-27 16:15:00+01:00,24.289999,21.699999,22.5,17.059999,14.4,38.029999,31.49,66.0,12.0,5.148
2020-01-27 16:30:00+01:00,24.535,21.719999,22.5,17.379999,13.4,37.509998,31.58,68.5,13.0,5.076
2020-01-27 16:45:00+01:00,24.215,21.76,22.5,17.32,13.4,37.98,31.58,71.0,13.0,5.052
2020-01-27 17:00:00+01:00,24.824999,21.795,22.5,17.940001,12.4,37.259998,31.59,68.5,13.0,5.184
2020-01-27 17:15:00+01:00,24.754999,21.859999,22.5,17.699999,12.4,37.239998,31.559999,66.0,12.0,5.184
2020-01-27 17:30:00+01:00,24.785,21.869999,22.5,17.559999,12.4,37.489998,31.599998,68.5,13.0,5.136
2020-01-27 17:45:00+01:00,24.844999,21.869999,22.5,17.48,11.4,37.219997,31.689999,71.0,14.0,5.088
2020-01-27 18:00:00+01:00,24.824999,21.869999,22.5,17.619999,11.4,37.34,31.76,73.5,12.0,5.1
2020-01-27 18:15:00+01:00,25.0,21.869999,22.5,17.92,11.4,36.869999,31.629999,76.0,13.0,5.196
2020-01-27 18:30:00+01:00,24.754999,21.82,22.5,17.16,11.4,37.029999,31.609999,78.5,12.0,5.16
2020-01-27 18:45:00+01:00,24.855,21.83,22.5,18.0,11.4,37.029999,31.689999,81.0,13.0,5.124
2020-01-27 19:00:00+01:00,24.734999,21.77,22.5,17.039999,11.4,37.48,31.74,81.0,13.0,5.088
2020-01-27 19:15:00+01:00,24.934999,21.74,22.5,18.0,11.4,37.329998,31.929998,81.0,13.0,5.172
2020-01-27 19:30:00+01:00,24.785,21.74,22.5,17.32,11.4,38.02,32.139999,78.5,14.0,5.124
2020-01-27 19:45:00+01:00,24.994999,21.699999,22.5,17.699999,11.4,37.77,32.299999,76.0,12.0,5.184
2020-01-27 20:00:00+01:00,25.0,21.66,22.5,18.139999,11.4,37.849998,32.5,78.5,13.0,5.112
2020-01-28 06:15:00+01:00,20.799999,19.68,22.5,16.799999,9.4,42.349998,34.149998,93.0,9.0,5.112
2020-01-28 06:30:00+01:00,21.084999,19.705,22.5,16.82,9.4,42.009998,34.419998,93.0,14.0,5.112
2020-01-28 06:45:00+01:00,22.115,19.76,22.5,17.98,9.4,40.91,34.549999,93.0,13.0,5.1
2020-01-28 07:15:00+01:00,23.5,20.035,22.5,17.619999,9.4,39.200001,34.439999,93.0,13.0,5.088
2020-01-28 07:30:00+01:00,23.41,20.109999,22.5,17.379999,9.4,39.349998,34.489998,93.0,13.0,5.124
2020-01-28 07:45:00+01:00,23.26,20.115,22.5,17.779999,9.4,40.099998,34.619999,93.0,13.0,5.1
2020-01-28 08:00:00+01:00,23.289999,20.119999,22.5,17.66,9.4,39.969997,34.709999,93.0,12.0,5.136
2020-01-28 08:15:00+01:00,24.775,20.445,22.5,17.459999,9.3,38.239998,34.469997,93.0,14.0,5.064
2020-01-28 08:30:00+01:00,25.0,20.744999,22.5,17.66,9.3,37.77,34.040001,93.0,13.0,5.076
2020-01-28 08:45:00+01:00,25.125,20.785,22.5,17.699999,9.3,37.669998,33.98,93.0,12.0,5.088
2020-01-28 09:00:00+01:00,25.154999,20.76,22.5,17.639999,8.3,38.119999,34.07,93.0,13.0,5.1
2020-01-28 09:15:00+01:00,25.184999,20.645,22.5,17.66,9.3,37.879997,34.5,93.0,12.0,5.064
2020-01-28 09:30:00+01:00,24.945,20.625,22.5,17.6,9.3,38.290001,34.73,93.0,13.0,5.16
2020-01-28 09:45:00+01:00,24.754999,20.625,22.5,17.52,10.3,38.379997,34.849998,93.0,12.0,5.052
2020-01-28 10:00:00+01:00,24.715,20.605,22.5,17.5,11.3,38.899998,35.049999,90.0,13.0,5.1
2020-01-28 10:15:00+01:00,24.705,20.764999,22.5,17.539999,11.3,38.579998,35.07,87.0,14.0,5.16
2020-01-28 10:30:00+01:00,24.764999,21.189999,22.5,17.639999,11.3,38.379997,34.43,87.0,12.0,5.064
2020-01-28 10:45:00+01:00,24.894999,21.369999,22.5,17.699999,12.3,38.219997,34.279999,87.0,13.0,5.136
2020-01-28 11:00:00+01:00,24.584999,21.539999,22.5,17.6,12.3,38.52,34.149998,84.0,13.0,5.148
2020-01-28 11:15:00+01:00,24.705,21.689999,22.5,17.42,12.3,38.469997,33.959999,81.0,12.0,5.304
2020-01-28 11:30:00+01:00,24.785,21.77,22.5,17.379999,13.3,38.309998,33.790001,78.5,13.0,5.124
2020-01-28 11:45:00+01:00,24.834999,21.844999,22.5,17.279999,13.3,38.290001,33.649998,76.0,13.0,5.136
2020-01-28 12:00:00+01:00,24.42,21.9,22.5,17.18,14.3,38.759998,33.540001,76.0,14.0,5.1
2020-01-28 12:15:00+01:00,24.959999,22.014999,22.5,17.42,14.3,38.469997,33.360001,76.0,12.0,5.124
2020-01-28 12:30:00+01:00,24.775,22.225,22.5,17.940001,14.3,38.309998,33.099998,71.0,13.0,5.136
2020-01-28 12:45:00+01:00,25.055,22.375,22.5,17.639999,15.3,38.279999,32.959999,66.0,12.0,5.052
2020-01-28 13:00:00+01:00,24.725,22.455,22.5,17.66,15.3,38.469997,32.799999,66.0,13.0,5.076
2020-01-28 13:15:00+01:00,24.725,22.465,22.5,17.52,15.3,38.169998,32.75,66.0,13.0,5.16
2020-01-28 13:30:00+01:00,25.074999,22.555,22.5,17.619999,15.3,37.700001,32.66,66.0,12.0,5.136
2020-01-28 13:45:00+01:00,25.059999,22.674999,22.5,17.08,16.299999,37.689999,32.380001,66.0,13.0,5.148
2020-01-28 14:00:00+01:00,24.144999,22.664999,22.5,17.32,16.299999,38.5,32.18,66.0,14.0,5.172
2020-01-28 14:15:00+01:00,24.1,22.574999,22.5,17.059999,16.299999,38.610001,32.139999,66.0,13.0,5.232
2020-01-28 14:30:00+01:00,24.18,22.564999,22.5,17.219999,14.3,38.91,32.139999,66.0,12.0,5.148
2020-01-28 14:45:00+01:00,24.914999,22.66,22.5,17.84,14.3,37.889999,31.99,66.0,13.0,5.172
2020-01-28 15:00:00+01:00,24.934999,22.644999,22.5,17.799999,15.3,37.829998,31.859999,66.0,13.0,5.124
2020-01-28 15:15:00+01:00,24.514999,22.584999,22.5,17.559999,16.299999,37.779999,31.99,66.0,13.0,5.172
2020-01-28 15:30:00+01:00,24.469999,22.605,22.5,17.6,18.299999,37.849998,31.75,66.0,12.0,5.172
2020-01-28 15:45:00+01:00,24.355,22.555,22.5,17.58,18.299999,37.969997,31.83,66.0,14.0,5.232
2020-01-28 16:00:00+01:00,25.324999,22.594999,22.5,17.959999,18.299999,36.809998,32.18,68.5,13.0,5.172
2020-01-28 16:15:00+01:00,25.074999,22.805,22.5,17.279999,19.299999,37.309998,31.879999,71.0,13.0,5.196
2020-01-28 16:30:00+01:00,25.144999,22.885,22.5,17.58,19.299999,36.380001,31.74,76.0,13.0,5.148
2020-01-28 16:45:00+01:00,25.455,22.894999,22.5,18.0,18.299999,37.029999,31.699999,81.0,13.0,5.208
2020-01-28 17:00:00+01:00,25.09,22.855,22.5,17.76,15.1,38.68,32.439999,78.5,14.0,5.16
2020-01-28 17:15:00+01:00,24.389999,22.734999,22.5,17.539999,13.1,39.66,33.07,76.0,12.0,5.184
2020-01-28 17:30:00+01:00,24.4,22.644999,22.5,18.26,13.1,37.919998,33.299999,81.5,13.0,5.232
2020-01-28 17:45:00+01:00,24.789999,22.605,22.5,17.459999,13.1,38.790001,33.329998,87.0,13.0,5.184
2020-01-28 18:00:00+01:00,24.574999,22.555,22.5,17.139999,12.1,39.110001,33.219997,87.0,13.0,5.172
2020-01-28 18:15:00+01:00,24.644999,22.514999,22.5,17.4,12.1,38.66,33.309998,87.0,13.0,5.16
2020-01-28 18:30:00+01:00,24.684999,22.549999,22.5,17.139999,12.1,38.73,33.049999,87.0,12.0,5.22
2020-01-28 18:45:00+01:00,24.625,22.555,22.5,16.92,12.1,35.200001,32.23,87.0,14.0,5.196
2020-01-28 19:00:00+01:00,24.764999,22.525,22.5,17.379999,12.1,37.669998,31.34,87.0,13.0,5.184
2020-01-28 19:15:00+01:00,23.91,22.41,22.5,16.9,11.1,39.939999,32.169998,87.0,12.0,5.088
2020-01-28 19:30:00+01:00,24.365,22.289999,22.5,17.279999,10.1,39.93,32.77,87.0,13.0,5.076
2020-01-28 19:45:00+01:00,24.254999,22.289999,22.5,16.84,10.1,40.129997,33.139999,87.0,13.0,5.088
2020-01-28 20:00:00+01:00,24.09,22.41,22.5,17.299999,10.1,40.049999,33.209999,90.0,12.0,5.16
2020-01-29 06:15:00+01:00,21.17,20.174999,22.5,17.039999,8.1,41.549999,34.389999,100.0,10.0,5.088
2020-01-29 06:45:00+01:00,20.99,20.145,22.5,17.1,8.1,41.0,33.93,87.0,12.0,5.184
2020-01-29 07:00:00+01:00,21.785,20.145,22.5,17.639999,8.1,40.169998,33.799999,87.0,13.0,5.076
2020-01-29 07:15:00+01:00,22.814999,20.219999,22.5,18.440001,10.1,35.0,32.219997,87.0,12.0,5.136
2020-01-29 07:30:00+01:00,23.26,20.344999,22.5,17.9,10.1,35.059998,31.199999,84.0,14.0,5.1
2020-01-29 07:45:00+01:00,23.41,20.424999,22.5,17.34,8.1,36.66,31.039999,81.0,13.0,5.112
2020-01-29 08:00:00+01:00,23.0,20.434999,22.5,17.0,7.0,37.27,31.48,81.0,13.0,5.136
2020-01-29 08:15:00+01:00,25.105,20.664999,22.5,17.619999,7.0,35.239998,31.389999,81.0,12.0,5.016
2020-01-29 08:30:00+01:00,24.924999,20.994999,22.5,17.459999,6.0,35.790001,30.949999,81.0,13.0,5.064
2020-01-29 08:45:00+01:00,25.295,21.035,22.5,17.719999,6.0,35.259998,30.869999,81.0,13.0,5.064
2020-01-29 09:00:00+01:00,25.275,20.994999,22.5,17.76,6.0,35.209999,30.949999,84.0,12.0,5.064
2020-01-29 09:15:00+01:00,25.32,20.975,22.5,17.559999,6.0,35.079998,30.99,87.0,14.0,5.04
2020-01-29 09:30:00+01:00,25.135,20.959999,22.5,17.74,6.0,35.630001,31.049999,81.5,12.0,5.004
2020-01-29 09:45:00+01:00,24.894999,20.914999,22.5,17.52,8.0,35.860001,31.17,76.0,13.0,5.232
2020-01-29 10:00:00+01:00,24.734999,20.889999,22.5,17.48,8.0,35.869999,31.41,78.5,13.0,5.1
2020-01-29 10:15:00+01:00,24.875,20.965,22.5,17.639999,8.0,35.829998,31.41,81.0,12.0,5.16
2020-01-29 10:30:00+01:00,24.975,21.055,22.5,17.76,8.0,36.169998,31.42,73.5,13.0,5.052
2020-01-29 10:45:00+01:00,24.805,21.094999,22.5,17.84,8.0,36.450001,31.5,66.0,12.0,5.184
2020-01-29 11:00:00+01:00,24.914999,21.105,22.5,17.74,10.0,35.59,31.539999,60.0,13.0,5.172
2020-01-29 11:15:00+01:00,25.16,21.24,22.5,18.039999,10.0,35.52,31.49,54.0,14.0,5.16
2020-01-29 11:30:00+01:00,24.775,21.305,22.5,18.0,12.0,35.540001,31.189999,56.0,12.0,5.076
2020-01-29 11:45:00+01:00,24.715,21.369999,22.5,17.359999,13.0,35.669998,30.939999,58.0,13.0,5.124
2020-01-29 12:00:00+01:00,24.889999,21.439999,22.5,17.879999,14.0,35.709999,30.99,56.0,12.0,5.208
2020-01-29 12:15:00+01:00,24.644999,21.52,22.5,17.279999,15.0,36.34,30.929998,54.0,13.0,5.076
2020-01-29 12:30:00+01:00,24.779999,21.549999,22.5,17.5,15.0,36.32,30.969999,52.5,13.0,5.124
2020-01-29 12:45:00+01:00,24.494999,21.75,22.5,18.119999,15.0,36.880001,30.939999,51.0,13.0,5.172
2020-01-29 13:00:00+01:00,24.139999,21.85,22.5,17.26,16.0,37.040001,30.76,38.0,14.0,5.172
2020-01-29 13:15:00+01:00,24.539999,21.934999,22.5,17.6,17.0,36.380001,30.519999,25.0,12.0,5.148
2020-01-29 13:30:00+01:00,24.924999,22.059999,22.5,18.059999,16.0,35.809998,30.26,25.0,13.0,5.172
2020-01-29 13:45:00+01:00,25.365,22.129999,22.5,18.539999,17.0,34.48,29.789999,25.0,13.0,5.184
2020-01-30 06:15:00+01:00,18.914999,20.289999,22.5,17.199999,7.9,38.629997,29.349998,60.0,9.0,5.064
2020-01-30 06:30:00+01:00,18.93,20.119999,22.5,17.1,7.9,38.450001,29.049999,58.0,14.0,5.136
2020-01-30 07:00:00+01:00,20.375,20.119999,22.5,17.02,8.9,37.169998,28.449999,58.0,12.0,5.136
2020-01-30 07:15:00+01:00,20.434999,20.139999,22.5,17.18,8.9,36.969997,28.389999,60.0,13.0,5.16
2020-01-30 07:30:00+01:00,20.754999,20.154999,22.5,17.440001,7.9,36.48,28.219999,62.5,13.0,5.124
2020-01-30 07:45:00+01:00,20.674999,20.154999,22.5,17.68,8.9,36.98,28.189999,65.0,12.0,5.064
2020-01-30 08:00:00+01:00,21.365,20.174999,22.5,17.76,8.9,36.09,28.109999,65.0,13.0,5.1
2020-01-30 08:15:00+01:00,25.244999,20.645,22.5,18.1,8.9,32.139999,27.439999,65.0,12.0,5.028
2020-01-30 08:30:00+01:00,25.01,21.025,22.5,17.4,8.9,32.119999,26.67,62.5,14.0,5.004
2020-01-30 08:45:00+01:00,25.035,21.055,22.5,17.84,8.9,32.079998,26.609999,60.0,12.0,5.064
2020-01-30 09:00:00+01:00,24.904999,21.035,22.5,17.379999,7.9,32.399998,26.599998,62.5,13.0,5.052
2020-01-30 09:15:00+01:00,24.834999,21.004999,22.5,17.379999,7.9,32.489998,26.599998,65.0,12.0,5.064
2020-01-30 09:30:00+01:00,24.725,20.99,22.5,17.48,8.9,32.469997,26.599998,63.0,13.0,5.028
2020-01-30 10:00:00+01:00,24.744999,20.994999,22.5,17.639999,8.9,32.969997,26.869999,59.0,13.0,5.028
2020-01-30 10:15:00+01:00,24.795,21.004999,22.5,17.719999,8.9,33.130001,27.24,57.0,13.0,5.028
2020-01-30 10:30:00+01:00,24.695,21.094999,22.5,17.539999,9.9,33.389999,27.309999,55.0,12.0,5.088
2020-01-30 10:45:00+01:00,24.705,21.24,22.5,17.619999,9.9,32.759998,27.18,53.0,14.0,5.052
2020-01-30 11:00:00+01:00,24.529999,21.34,22.5,18.02,10.9,32.529999,26.789999,55.0,12.0,5.052
2020-01-30 11:15:00+01:00,24.744999,21.369999,22.5,18.02,11.9,32.130001,26.439999,57.0,13.0,5.052
2020-01-30 11:30:00+01:00,24.994999,21.434999,22.5,17.799999,11.9,32.349998,26.389999,50.5,13.0,5.076
2020-01-30 11:45:00+01:00,25.08,21.52,22.5,17.84,11.9,32.509998,26.26,44.0,12.0,5.148
2020-01-30 12:00:00+01:00,24.969999,21.619999,22.5,17.82,14.9,32.119999,26.17,42.5,13.0,5.148
2020-01-30 12:15:00+01:00,25.045,21.719999,22.5,17.58,15.9,31.66,25.959999,41.0,12.0,5.076
2020-01-30 12:30:00+01:00,24.705,21.799999,22.5,17.32,15.9,31.719999,25.599998,44.0,13.0,5.172
2020-01-30 12:45:00+01:00,24.969999,21.82,22.5,17.42,16.9,31.389999,25.359999,47.0,14.0,5.076
2020-01-30 13:00:00+01:00,25.119999,21.9,22.5,17.26,16.9,31.4,25.129999,47.0,12.0,5.1
2020-01-30 13:15:00+01:00,25.049999,22.014999,22.5,17.379999,17.9,32.82,25.4,47.0,13.0,5.172
2020-01-30 13:30:00+01:00,25.014999,22.16,22.5,17.359999,17.9,32.91,25.5,50.5,13.0,5.124
2020-01-30 13:45:00+01:00,25.064999,22.219999,22.5,18.18,16.9,32.759998,25.639999,54.0,13.0,5.112
2020-01-30 14:00:00+01:00,24.309999,22.219999,22.5,17.6,16.799999,33.43,25.689999,54.0,12.0,5.1
2020-01-30 14:15:00+01:00,24.32,22.18,22.5,17.699999,16.799999,33.619999,25.949999,54.0,13.0,5.16
2020-01-30 14:30:00+01:00,24.449999,22.264999,22.5,17.66,17.799999,33.599998,26.32,56.0,14.0,5.148
2020-01-30 14:45:00+01:00,24.355,22.344999,22.5,17.68,17.799999,34.32,26.519999,58.0,13.0,5.112
2020-01-30 15:00:00+01:00,24.799999,22.389999,22.5,17.059999,18.799999,33.919998,26.559999,58.0,12.0,5.052
2020-01-30 15:15:00+01:00,24.049999,22.35,22.5,17.279999,17.799999,34.719997,26.65,58.0,13.0,5.196
2020-01-30 15:30:00+01:00,24.365,22.254999,22.5,17.379999,16.799999,34.59,26.869999,60.0,13.0,5.136
2020-01-30 15:45:00+01:00,24.734999,22.209999,22.5,17.52,16.799999,34.599998,27.029999,62.0,12.0,5.136
2020-01-30 16:00:00+01:00,24.914999,22.25,22.5,17.5,16.799999,34.709999,27.279999,60.0,13.0,5.208
2020-01-30 16:15:00+01:00,24.689999,22.314999,22.5,16.98,16.799999,34.93,27.349998,58.0,14.0,5.148
2020-01-30 16:30:00+01:00,24.769999,22.309999,22.5,16.92,15.8,35.02,27.379999,60.0,12.0,5.16
2020-01-30 16:45:00+01:00,25.269999,22.334999,22.5,18.18,15.8,34.630001,27.539999,62.0,13.0,5.136
2020-01-30 17:00:00+01:00,24.07,22.305,22.5,17.279999,16.799999,35.919998,27.709999,62.0,13.0,5.244
2020-01-30 17:15:00+01:00,24.139999,22.225,22.5,17.42,16.799999,36.079998,28.059999,62.0,13.0,5.148
2020-01-30 17:30:00+01:00,24.289999,22.254999,22.5,17.58,15.8,36.739998,28.5,62.0,12.0,5.184
2020-01-30 17:45:00+01:00,24.09,22.264999,22.5,17.6,15.8,36.369999,28.74,62.0,13.0,5.16
2020-01-30 18:00:00+01:00,24.545,22.254999,22.5,17.4,14.8,35.869999,28.74,66.5,14.0,5.232
2020-01-30 18:15:00+01:00,24.955,22.219999,22.5,17.76,14.8,35.509998,28.74,71.0,12.0,5.172
2020-01-30 18:30:00+01:00,24.734999,22.199999,22.5,17.699999,13.8,35.689999,28.809999,71.0,13.0,5.136
2020-01-30 18:45:00+01:00,24.625,22.16,22.5,16.9,13.8,37.130001,29.199999,71.0,13.0,5.064
2020-01-30 19:00:00+01:00,24.529999,22.16,22.5,17.32,13.8,38.739998,30.389999,71.0,13.0,5.16
2020-01-30 19:15:00+01:00,24.734999,22.15,22.5,16.879999,12.8,38.860001,31.129999,71.0,12.0,5.124
2020-01-30 19:30:00+01:00,24.715,22.16,22.5,16.74,12.8,39.16,31.609999,71.0,13.0,5.076
2020-01-30 19:45:00+01:00,24.719999,22.125,22.5,16.799999,12.8,38.709999,31.779999,71.0,14.0,5.112
2020-01-30 20:00:00+01:00,24.67,22.09,22.5,16.76,11.8,38.629997,31.969999,76.0,12.0,5.1
2020-01-31 06:15:00+01:00,21.945,20.434999,22.5,17.359999,7.8,38.399998,31.529999,93.0,10.0,5.112
2020-01-31 06:30:00+01:00,23.014999,20.514999,22.5,17.32,8.8,37.149998,31.219999,87.0,12.0,5.064
2020-01-31 06:45:00+01:00,23.879999,20.635,22.5,17.4,7.8,36.369999,30.91,81.0,14.0,5.028
2020-01-31 07:00:00+01:00,24.695,20.775,22.5,17.52,7.8,35.48,30.65,84.0,12.0,5.016
2020-01-31 07:45:00+01:00,24.764999,20.945,22.5,17.459999,8.8,35.689999,30.41,87.0,13.0,5.1
2020-01-31 08:00:00+01:00,24.924999,20.975,22.5,17.559999,8.8,35.419998,30.48,87.0,12.0,5.088
2020-01-31 08:15:00+01:00,24.894999,21.025,22.5,17.52,8.8,35.41,30.4,87.0,13.0,5.1
2020-01-31 08:30:00+01:00,24.844999,21.1,22.5,17.5,7.8,36.329998,30.48,84.0,12.0,5.064
2020-01-31 08:45:00+01:00,24.734999,21.094999,22.5,17.5,7.8,36.439999,30.75,81.0,13.0,5.04
2020-01-31 09:00:00+01:00,24.695,21.1,22.5,17.52,8.8,36.34,30.91,84.0,12.0,5.04
2020-01-31 09:15:00+01:00,24.695,21.064999,22.5,17.52,8.8,36.34,31.109999,87.0,14.0,5.052
2020-01-31 09:30:00+01:00,24.715,21.045,22.5,17.6,8.8,36.799999,31.42,81.5,12.0,5.1
2020-01-31 09:45:00+01:00,24.775,21.094999,22.5,17.68,8.8,36.689999,31.459999,76.0,13.0,5.16
2020-01-31 10:00:00+01:00,24.594999,21.15,22.5,16.779999,9.8,36.82,31.459999,71.0,13.0,5.112
2020-01-31 10:15:00+01:00,24.709999,21.154999,22.5,17.82,8.8,36.619999,31.67,66.0,12.0,5.016
2020-01-31 10:30:00+01:00,24.584999,21.215,22.5,17.74,9.8,36.82,31.599998,66.0,13.0,5.076
2020-01-31 10:45:00+01:00,25.045,21.27,22.5,17.9,10.8,36.209999,31.599998,66.0,13.0,5.088
2020-01-31 11:00:00+01:00,24.764999,21.35,22.5,17.699999,10.8,37.009998,31.689999,64.0,12.0,5.088
2020-01-31 11:15:00+01:00,25.164999,21.494999,22.5,18.02,11.8,36.759998,31.709999,62.0,14.0,5.1
2020-01-31 11:30:00+01:00,24.904999,21.6,22.5,17.82,12.8,37.049999,31.709999,62.0,13.0,5.1
2020-01-31 11:45:00+01:00,24.644999,21.699999,22.5,17.799999,14.8,37.27,31.74,62.0,12.0,5.088
2020-01-31 12:00:00+01:00,25.1,21.814999,22.5,18.18,14.8,36.889999,31.74,62.0,13.0,5.088
2020-01-31 12:15:00+01:00,24.484999,21.85,22.5,17.199999,15.8,37.610001,31.76,62.0,13.0,5.124
2020-01-31 12:30:00+01:00,24.115,21.895,22.5,17.18,16.799999,38.079998,31.75,60.0,12.0,5.172
2020-01-31 12:45:00+01:00,24.18,21.934999,22.5,17.1,16.799999,37.939999,31.709999,58.0,13.0,5.16
2020-01-31 13:00:00+01:00,24.209999,22.004999,22.5,17.539999,16.799999,38.239998,31.779999,56.0,12.0,5.136
2020-01-31 13:15:00+01:00,24.355,22.064999,22.5,17.66,17.799999,38.149998,31.809999,54.0,14.0,5.136
2020-01-31 13:30:00+01:00,24.635,22.119999,22.5,17.98,17.799999,37.959999,31.809999,54.0,13.0,5.136
2020-01-31 13:45:00+01:00,24.115,22.189999,22.5,17.539999,18.799999,38.57,31.779999,54.0,13.0,5.136
2020-01-31 14:00:00+01:00,25.334999,22.289999,22.5,18.18,18.799999,37.419998,31.709999,52.5,13.0,5.184
2020-01-31 14:15:00+01:00,24.664999,22.394999,22.5,17.5,19.799999,38.57,31.809999,51.0,12.0,5.184
2020-01-31 14:30:00+01:00,24.789999,22.4,22.5,17.52,18.799999,38.829998,32.079998,51.0,13.0,5.136
2020-01-31 14:45:00+01:00,24.914999,22.424999,22.5,17.5,18.799999,39.419998,32.549999,51.0,12.0,5.16
2020-01-31 15:00:00+01:00,25.189999,22.514999,22.5,17.859999,18.799999,39.399998,32.759998,53.0,14.0,5.148
2020-01-31 15:15:00+01:00,25.275,22.584999,22.5,17.98,18.799999,39.189999,33.059998,55.0,13.0,5.16
2020-02-01 06:15:00+01:00,19.34,20.654999,22.5,17.559999,10.9,46.419998,35.290001,87.0,10.0,5.172
2020-02-01 06:30:00+01:00,19.35,20.494999,22.5,17.440001,10.9,46.52,35.59,87.0,13.0,5.148
2020-02-01 06:45:00+01:00,19.35,20.465,22.5,17.74,10.9,45.829998,35.549999,87.0,12.0,5.148
2020-02-01 07:00:00+01:00,19.59,20.42,22.5,17.52,10.9,45.32,35.450001,90.0,13.0,5.124
2020-02-01 07:15:00+01:00,19.695,20.4,22.5,17.76,11.9,44.950001,35.399998,93.0,13.0,5.208
2020-02-01 07:45:00+01:00,19.59,20.355,22.5,17.68,10.9,45.099998,35.290001,93.0,13.0,5.208
2020-02-01 08:00:00+01:00,19.324999,20.34,22.5,17.379999,10.9,45.799999,35.329998,93.0,12.0,5.124
2020-02-01 08:15:00+01:00,24.914999,20.594999,22.5,17.619999,10.9,38.360001,35.009998,93.0,13.0,5.112
2020-02-01 08:30:00+01:00,25.289999,20.965,22.5,17.440001,10.9,38.209999,34.509998,90.0,12.0,5.112
2020-02-01 09:00:00+01:00,25.32,21.215,22.5,18.08,10.9,38.029999,34.299999,87.0,12.0,5.1
2020-02-01 09:15:00+01:00,25.164999,21.254999,22.5,17.82,10.9,38.360001,34.360001,87.0,13.0,5.088
2020-02-01 09:30:00+01:00,25.064999,21.285,22.5,17.940001,10.9,38.629997,34.439999,90.0,14.0,5.172
2020-02-01 09:45:00+01:00,24.955,21.305,22.5,17.559999,10.9,39.450001,34.459999,93.0,12.0,5.124
2020-02-01 10:00:00+01:00,24.93,21.314999,22.5,17.559999,11.9,39.379997,34.599998,90.0,13.0,5.124
2020-02-01 10:15:00+01:00,24.9,21.324999,22.5,17.48,11.9,39.32,34.689999,87.0,12.0,5.064
2020-02-01 10:30:00+01:00,24.844999,21.34,22.5,17.619999,11.9,39.419998,34.869999,87.0,13.0,5.112
2020-02-01 10:45:00+01:00,24.65,21.324999,22.5,18.039999,11.9,39.73,35.07,87.0,13.0,5.064
2020-02-01 11:00:00+01:00,24.834999,21.34,22.5,17.6,12.9,39.509998,35.149998,81.5,12.0,5.1
2020-02-01 11:15:00+01:00,24.59,21.35,22.5,18.08,12.9,39.879997,35.25,76.0,13.0,5.148
2020-02-01 11:30:00+01:00,24.744999,21.35,22.5,17.84,12.9,39.869999,35.27,76.0,14.0,5.196
2020-02-01 11:45:00+01:00,24.705,21.359999,22.5,17.92,13.9,40.139999,35.399998,76.0,13.0,5.124
2020-02-01 12:00:00+01:00,24.555,21.369999,22.5,17.48,13.9,40.649998,35.48,79.0,12.0,5.124
2020-02-01 12:15:00+01:00,24.889999,21.375,22.5,17.6,13.9,39.989998,35.57,82.0,13.0,5.064
2020-02-01 12:30:00+01:00,25.23,21.41,22.5,17.66,14.9,39.779999,35.639999,79.0,12.0,5.1
2020-02-01 12:45:00+01:00,25.154999,21.484999,22.5,17.6,14.9,40.029999,35.649998,76.0,13.0,5.076
2020-02-01 13:00:00+01:00,25.295,21.504999,22.5,17.639999,14.9,39.989998,35.759998,76.0,13.0,5.064
2020-02-01 13:15:00+01:00,24.93,21.529999,22.5,17.92,16.9,40.399998,35.829998,76.0,12.0,5.1
2020-02-01 13:30:00+01:00,24.789999,21.51,22.5,17.859999,15.9,40.59,36.0,76.0,14.0,5.136
2020-02-01 13:45:00+01:00,24.59,21.5,22.5,17.940001,14.9,41.219997,36.200001,76.0,12.0,5.076
2020-02-01 14:00:00+01:00,24.725,21.469999,22.5,17.5,15.9,41.149998,36.32,76.0,13.0,5.112
2020-02-01 14:30:00+01:00,24.555,21.52,22.5,16.859999,15.9,41.639999,36.52,73.5,12.0,5.064
2020-02-01 14:45:00+01:00,24.625,21.525,22.5,17.139999,14.9,41.700001,36.649998,71.0,12.0,5.004
2020-02-01 15:00:00+01:00,24.445,21.539999,22.5,17.219999,14.9,42.02,36.779999,71.0,13.0,5.028
2020-02-03 04:15:00+01:00,19.16,19.709999,22.5,17.4,10.9,52.52,40.379997,100.0,11.0,5.16
2020-02-03 04:30:00+01:00,19.33,19.6,22.5,17.379999,10.9,52.32,41.309998,100.0,12.0,5.196
2020-02-03 04:45:00+01:00,19.305,19.58,22.5,17.359999,10.9,52.279999,41.759998,100.0,13.0,5.16
2020-02-03 05:00:00+01:00,19.305,19.564999,22.5,17.32,10.9,53.149998,42.18,100.0,13.0,5.136
2020-02-03 05:15:00+01:00,19.24,19.545,22.5,17.219999,10.9,52.989998,42.439999,100.0,12.0,5.124
2020-02-03 05:30:00+01:00,19.25,19.539999,22.5,17.299999,10.9,52.809998,42.599998,100.0,14.0,5.124
2020-02-03 05:45:00+01:00,19.27,19.529999,22.5,17.279999,10.9,52.110001,42.629997,100.0,12.0,5.124
2020-02-03 06:00:00+01:00,19.27,19.529999,22.5,17.279999,10.9,52.739998,42.700001,100.0,13.0,5.1
2020-02-03 06:15:00+01:00,21.41,19.529999,22.5,17.940001,9.9,47.719997,42.509998,100.0,13.0,5.112
2020-02-03 06:30:00+01:00,21.129999,19.674999,22.5,17.699999,9.9,47.299999,41.860001,96.5,12.0,5.124
2020-02-03 06:45:00+01:00,22.705,19.76,22.5,17.959999,9.9,44.899998,41.52,93.0,13.0,5.088
2020-02-03 07:00:00+01:00,23.385,19.949999,22.5,17.82,9.9,44.610001,41.079998,96.5,12.0,5.052
2020-02-03 07:15:00+01:00,23.549999,20.234999,22.5,17.52,10.9,44.399998,40.849998,100.0,13.0,5.112
2020-02-03 07:30:00+01:00,24.059999,20.615,22.5,17.66,10.9,43.360001,40.219997,96.5,14.0,5.076
2020-02-03 07:45:00+01:00,24.6,20.715,22.5,17.699999,10.9,43.23,40.049999,93.0,12.0,5.076
2020-02-03 08:15:00+01:00,25.154999,20.725,22.5,17.699999,8.9,41.369999,39.579998,100.0,12.0,5.052
2020-02-03 08:30:00+01:00,25.205,20.734999,22.5,17.639999,8.9,41.379997,39.43,100.0,13.0,5.052
2020-02-03 09:00:00+01:00,24.894999,20.764999,22.5,17.66,9.9,41.66,39.5,100.0,13.0,5.076
2020-02-03 09:15:00+01:00,25.059999,20.744999,22.5,17.74,9.9,41.379997,39.889999,100.0,12.0,5.088
2020-02-03 09:45:00+01:00,24.379999,21.225,22.5,17.779999,10.9,42.57,39.82,93.0,14.0,5.028
2020-02-03 10:00:00+01:00,24.734999,21.309999,22.5,17.92,10.9,42.869999,39.860001,90.0,12.0,5.016
2020-02-03 10:15:00+01:00,24.514999,21.35,22.5,17.959999,10.9,42.719997,39.91,87.0,13.0,5.028
2020-02-03 10:30:00+01:00,24.404999,21.369999,22.5,17.24,11.9,43.43,40.119999,87.0,12.0,5.076
2020-02-03 10:45:00+01:00,24.424999,21.414999,22.5,17.82,12.9,43.639999,40.209999,87.0,12.0,5.088
2020-02-03 11:00:00+01:00,24.564999,21.395,22.5,17.559999,13.9,43.849998,40.439999,87.5,13.0,5.112
2020-02-03 11:15:00+01:00,24.934999,21.41,22.5,18.02,14.9,43.379997,40.66,88.0,12.0,5.064
2020-02-03 11:30:00+01:00,24.215,21.48,22.5,17.119999,15.9,44.809998,40.860001,82.5,13.0,5.04
2020-02-03 11:45:00+01:00,24.4,21.52,22.5,17.639999,16.9,44.32,40.989998,77.0,13.0,5.076
2020-02-03 12:00:00+01:00,24.695,21.539999,22.5,18.02,18.9,43.379997,40.919998,72.0,12.0,5.076
2020-02-03 12:45:00+01:00,26.949999,22.6,22.5,19.619999,20.9,40.779999,38.849998,63.0,12.0,5.004
2020-02-03 13:00:00+01:00,27.51,22.754999,22.5,20.34,21.9,39.669998,38.279999,63.0,12.0,5.016
2020-02-03 13:15:00+01:00,26.92,22.934999,22.5,19.68,21.9,40.309998,38.099998,63.0,12.0,5.004
2020-02-03 13:30:00+01:00,28.25,23.029999,22.5,21.66,20.9,38.969997,37.919998,59.5,13.0,5.112
2020-02-03 13:45:00+01:00,28.75,23.285,22.5,21.48,21.9,38.66,37.0,56.0,13.0,5.076
2020-02-03 14:00:00+01:00,28.719999,23.359999,22.5,21.619999,22.9,39.149998,37.219997,56.0,12.0,5.112
2020-02-03 14:15:00+01:00,28.99,23.359999,22.5,22.219999,23.9,36.52,36.82,56.0,13.0,5.22
2020-02-03 14:30:00+01:00,30.154999,23.465,22.5,23.4,25.9,37.130001,36.43,36.5,13.0,5.136
2020-02-03 14:45:00+01:00,30.045,23.635,23.5,23.48,25.9,36.059998,36.259998,17.0,12.0,5.148
2020-02-03 15:00:00+01:00,30.059999,23.769999,23.5,24.279999,27.9,33.709999,34.309998,16.0,14.0,5.148
2020-02-03 15:15:00+01:00,29.279999,23.889999,23.5,24.6,28.9,32.040001,32.459999,15.0,13.0,5.148
2020-02-03 15:30:00+01:00,27.18,23.834999,23.5,24.719999,28.9,33.009998,31.709999,15.5,13.0,5.148
2020-02-03 15:45:00+01:00,27.139999,23.68,23.5,24.719999,27.9,32.399998,31.099998,16.0,12.0,5.124
2020-02-03 16:00:00+01:00,27.019999,23.635,23.5,24.639999,27.9,32.489998,30.219999,15.0,13.0,5.1
2020-02-03 16:15:00+01:00,26.969999,23.574999,23.5,24.58,26.9,31.949999,29.74,14.0,12.0,5.124
2020-02-03 16:30:00+01:00,26.91,23.484999,23.5,24.5,26.9,31.429998,29.17,14.0,13.0,5.136
2020-02-03 16:45:00+01:00,27.285,23.404999,23.5,24.439999,25.9,31.09,28.699999,14.0,14.0,5.136
2020-02-03 17:00:00+01:00,27.639999,23.434999,23.5,24.4,25.9,30.449999,27.99,14.0,13.0,5.136
2020-02-03 17:15:00+01:00,27.709999,23.445,23.5,24.34,24.9,29.809999,27.5,14.0,13.0,5.148
2020-02-03 17:30:00+01:00,27.805,23.404999,23.5,24.199999,24.9,29.549999,27.059999,14.5,12.0,5.184
2020-02-03 17:45:00+01:00,28.404999,23.424999,23.5,24.08,24.9,28.98,26.75,15.0,13.0,5.16
2020-02-03 18:00:00+01:00,28.215,23.445,23.5,23.9,23.9,28.84,26.23,16.0,13.0,5.196
2020-02-03 18:15:00+01:00,28.004999,23.445,23.5,23.68,23.9,28.849998,26.029999,17.0,14.0,5.1
2020-02-03 18:30:00+01:00,28.195,23.43,23.5,23.539999,22.9,28.57,25.639999,18.5,12.0,5.1
2020-02-03 18:45:00+01:00,28.215,23.424999,23.5,23.48,22.9,28.639999,25.449999,20.0,13.0,5.076
2020-02-03 19:00:00+01:00,28.404999,23.404999,23.5,23.379999,22.9,28.619999,25.4,19.0,13.0,5.088
2020-02-03 19:15:00+01:00,28.514999,23.404999,23.5,23.379999,22.9,28.689999,25.32,18.0,12.0,5.16
2020-02-03 19:30:00+01:00,28.449999,23.475,23.5,23.299999,22.9,28.82,25.049999,18.0,13.0,5.16
2020-02-03 19:45:00+01:00,28.484999,23.424999,23.5,23.32,22.9,28.82,25.209999,18.0,13.0,5.232
2020-02-03 20:00:00+01:00,28.545,23.434999,23.5,23.299999,22.9,28.789999,25.049999,18.5,14.0,5.136
2020-02-05 06:15:00+01:00,19.23,20.805,22.5,17.66,8.8,33.860001,25.469999,56.0,10.0,5.052
2020-02-05 06:30:00+01:00,19.379999,20.625,22.5,17.6,7.8,33.149998,24.59,52.0,12.0,5.064
2020-02-05 07:00:00+01:00,20.279999,20.564999,22.5,17.4,6.8,31.609999,23.51,46.5,12.0,5.1
2020-02-05 07:15:00+01:00,20.045,20.574999,22.5,17.139999,6.8,31.719999,23.039999,45.0,13.0,5.04
2020-02-05 07:30:00+01:00,19.975,20.529999,22.5,17.059999,6.9,31.869999,22.889999,50.5,13.0,5.088
2020-02-05 07:45:00+01:00,19.549999,20.49,22.5,17.02,6.9,32.23,22.73,56.0,12.0,5.076
2020-02-05 08:00:00+01:00,19.734999,20.434999,22.5,17.139999,6.9,31.959999,22.609999,46.0,13.0,5.088
2020-02-05 08:30:00+01:00,24.635,21.064999,22.5,17.58,6.9,27.549999,21.299999,40.5,12.0,5.04
2020-02-05 08:45:00+01:00,24.754999,21.145,22.5,17.42,6.9,27.529999,21.18,45.0,14.0,5.016
2020-02-05 09:00:00+01:00,25.119999,21.209999,22.5,17.48,6.9,26.949999,21.059999,47.0,12.0,5.04
2020-02-05 09:30:00+01:00,24.859999,21.314999,22.5,17.76,7.9,27.09,20.76,41.5,12.0,5.004
2020-02-05 09:45:00+01:00,24.904999,21.34,22.5,18.18,7.9,27.199999,20.699999,34.0,13.0,5.064
2020-02-05 10:00:00+01:00,24.519999,21.334999,22.5,17.58,8.9,27.369999,20.699999,28.0,12.0,5.004
2020-02-05 10:15:00+01:00,24.705,21.369999,22.5,18.0,9.9,27.139999,20.539999,22.0,12.0,5.04
2020-02-05 10:30:00+01:00,24.91,21.445,22.5,18.299999,10.9,27.519999,20.59,17.0,13.0,5.088
2020-02-05 10:45:00+01:00,23.834999,21.564999,22.5,16.84,11.9,27.219999,20.25,12.0,12.0,5.064
2020-02-05 11:00:00+01:00,23.549999,21.57,22.5,17.219999,11.9,26.349998,19.889999,11.9,13.0,5.064
2020-02-05 11:15:00+01:00,23.74,21.609999,22.5,17.219999,13.9,24.58,19.059999,11.8,12.0,5.064
2020-02-05 11:30:00+01:00,24.24,21.689999,22.5,17.6,14.9,24.15,18.549999,11.7,14.0,5.064
2020-02-05 11:45:00+01:00,24.269999,21.795,22.5,17.76,15.9,24.09,17.92,11.6,13.0,5.064
2020-02-05 12:00:00+01:00,24.355,21.82,22.5,17.9,15.9,24.529999,17.48,11.5,12.0,5.064
2020-02-05 12:15:00+01:00,24.824999,21.859999,22.5,18.379999,15.9,23.459999,17.029999,14.0,13.0,5.088
2020-02-05 12:30:00+01:00,25.049999,21.975,22.5,18.039999,16.9,23.539999,16.709999,13.5,12.0,5.1
2020-02-05 12:45:00+01:00,25.365,22.059999,22.5,18.32,16.9,22.789999,16.41,13.0,13.0,5.1
2020-02-05 13:00:00+01:00,25.734999,22.279999,22.5,18.82,17.9,22.209999,15.9,13.0,13.0,5.004
2020-02-06 06:15:00+01:00,18.975,20.725,22.5,17.379999,7.9,31.279999,21.0,60.0,10.0,5.088
2020-02-06 06:30:00+01:00,19.055,20.51,22.5,17.26,6.9,31.24,20.709999,50.5,13.0,5.016
2020-02-06 07:15:00+01:00,20.344999,20.52,22.5,17.0,6.9,29.66,19.99,60.0,13.0,5.064
2020-02-06 07:30:00+01:00,20.555,20.514999,22.5,17.219999,6.9,29.65,19.92,54.0,13.0,5.064
2020-02-06 07:45:00+01:00,20.779999,20.514999,22.5,17.639999,7.9,29.34,19.85,48.0,12.0,5.028
2020-02-06 08:15:00+01:00,25.17,20.875,22.5,17.92,6.9,25.199999,18.799999,45.0,12.0,5.04
2020-02-06 10:00:00+01:00,24.42,21.439999,22.5,17.539999,7.9,25.789999,18.129999,43.0,12.0,5.004
2020-02-06 11:30:00+01:00,24.555,21.779999,22.5,18.059999,9.9,24.58,16.889999,26.0,14.0,5.028
2020-02-06 12:00:00+01:00,24.6,22.014999,22.5,17.539999,11.9,24.34,16.67,27.0,13.0,5.016
2020-02-06 12:15:00+01:00,24.439999,22.109999,22.5,17.940001,10.9,24.449999,16.57,29.0,12.0,5.064
2020-02-06 12:30:00+01:00,24.92,22.135,22.5,18.379999,12.9,24.139999,16.57,29.0,12.0,5.064
2020-02-06 12:45:00+01:00,23.9,22.125,22.5,17.539999,12.9,24.449999,16.49,29.0,13.0,5.1
2020-02-06 13:00:00+01:00,23.629999,22.08,22.5,16.799999,12.9,24.75,16.359999,28.0,12.0,5.064
2020-02-06 13:15:00+01:00,23.66,22.09,22.5,16.859999,12.9,24.539999,16.32,27.0,13.0,5.04
2020-02-06 13:30:00+01:00,23.814999,22.109999,22.5,17.18,11.9,24.59,16.33,27.0,12.0,5.04
2020-02-06 13:45:00+01:00,23.609999,22.109999,22.5,17.059999,11.9,25.059999,16.33,27.0,13.0,5.004
2020-02-06 14:00:00+01:00,23.58,22.129999,22.5,17.18,13.9,25.01,16.25,25.5,14.0,5.004
2020-02-06 14:15:00+01:00,23.9,22.264999,22.5,17.299999,13.9,24.359999,16.109999,24.0,12.0,5.064
2020-02-06 14:30:00+01:00,23.73,22.4,22.5,16.98,13.9,24.34,15.95,24.5,13.0,5.052
2020-02-06 14:45:00+01:00,23.689999,22.404999,22.5,17.139999,12.9,24.5,15.719999,25.0,12.0,5.112
2020-02-06 15:00:00+01:00,24.615,22.385,22.5,17.42,12.9,24.24,15.67,24.5,13.0,5.028
2020-02-06 15:15:00+01:00,24.539999,22.344999,22.5,17.08,13.9,23.969999,15.67,24.0,12.0,5.076
2020-02-06 15:30:00+01:00,24.625,22.289999,22.5,17.219999,13.9,24.16,15.67,23.0,13.0,5.004
2020-02-06 15:45:00+01:00,24.539999,22.26,22.5,17.139999,13.9,23.939999,15.67,22.0,12.0,5.028
2020-02-06 16:00:00+01:00,24.625,22.314999,22.5,17.16,13.9,23.949999,15.67,23.5,13.0,5.004
2020-02-06 16:15:00+01:00,24.539999,22.365,22.5,17.459999,13.9,25.92,16.139999,25.0,12.0,5.076
2020-02-06 16:30:00+01:00,24.49,22.355,22.5,17.0,14.9,26.82,16.75,23.5,14.0,5.076
2020-02-06 16:45:00+01:00,24.414999,22.334999,22.5,17.440001,13.9,26.91,17.199999,22.0,12.0,5.052
2020-02-06 17:00:00+01:00,24.359999,22.34,22.5,16.779999,13.9,26.469999,17.49,22.0,12.0,5.052
2020-02-06 17:15:00+01:00,24.529999,22.424999,22.5,17.039999,13.9,26.65,17.619999,22.0,13.0,5.016
2020-02-06 17:30:00+01:00,24.475,22.414999,22.5,17.219999,11.9,26.08,17.529999,23.5,13.0,5.064
2020-02-06 17:45:00+01:00,24.314999,22.394999,22.5,16.859999,11.9,26.629999,17.539999,25.0,13.0,5.052
2020-02-06 18:00:00+01:00,24.355,22.344999,22.5,17.08,11.9,25.76,17.6,26.0,13.0,5.016
2020-02-06 18:15:00+01:00,24.359999,22.314999,22.5,17.4,11.9,24.439999,17.129999,27.0,12.0,5.124
2020-02-06 18:30:00+01:00,24.42,22.275,22.5,16.799999,10.9,24.369999,16.82,30.5,13.0,5.04
2020-02-06 18:45:00+01:00,23.85,22.23,22.5,17.219999,10.9,24.119999,16.42,34.0,12.0,5.064
2020-02-06 19:00:00+01:00,23.66,22.23,22.5,17.4,10.9,24.029999,16.139999,36.5,14.0,5.064
2020-02-06 19:15:00+01:00,23.959999,22.199999,22.5,17.4,10.9,23.82,15.83,39.0,12.0,5.052
2020-02-06 19:30:00+01:00,23.859999,22.275,22.5,16.9,10.9,25.629999,16.219999,39.0,13.0,5.004
2020-02-07 06:15:00+01:00,21.789999,20.664999,22.5,17.299999,6.9,31.08,21.4,60.0,10.0,5.04
2020-02-07 07:15:00+01:00,24.695,21.035,22.5,17.459999,5.9,27.889999,20.639999,64.0,12.0,5.004
2020-02-07 07:30:00+01:00,24.6,21.094999,22.5,17.440001,5.9,27.17,20.279999,64.0,13.0,5.04
2020-02-07 07:45:00+01:00,24.869999,21.109999,22.5,17.48,5.9,27.299999,20.08,64.0,12.0,5.112
2020-02-07 08:00:00+01:00,24.719999,21.15,22.5,17.66,6.9,28.369999,20.469999,64.0,13.0,5.04
2020-02-07 08:15:00+01:00,24.6,21.15,22.5,17.24,7.9,28.559999,20.549999,64.0,12.0,5.016
2020-02-07 08:30:00+01:00,24.715,21.15,22.5,17.66,7.9,28.389999,20.67,62.0,13.0,5.04
2020-02-07 08:45:00+01:00,24.389999,21.105,22.5,17.6,7.9,28.369999,20.68,60.0,12.0,5.04
2020-02-07 09:00:00+01:00,24.5,21.094999,22.5,17.379999,7.9,27.76,20.439999,58.0,14.0,5.004
2020-02-07 09:30:00+01:00,24.564999,20.955,22.5,17.66,7.9,27.369999,20.35,56.0,12.0,5.028
2020-02-07 09:45:00+01:00,24.365,20.939999,22.5,17.6,7.9,27.799999,20.34,56.0,13.0,5.04
2020-02-07 10:30:00+01:00,24.574999,21.035,22.5,17.779999,8.9,27.66,20.35,49.5,12.0,5.004
2020-02-07 10:45:00+01:00,24.355,21.195,22.5,17.440001,8.9,27.939999,20.449999,43.0,13.0,5.1
2020-02-07 11:00:00+01:00,24.635,21.459999,22.5,17.719999,7.9,27.849998,20.539999,41.5,12.0,5.028
2020-02-07 11:15:00+01:00,24.67,21.635,22.5,17.26,8.9,28.099998,20.439999,40.0,13.0,5.172
2020-02-07 11:30:00+01:00,24.6,21.789999,22.5,17.9,9.9,28.689999,20.49,38.5,12.0,5.064
2020-02-07 11:45:00+01:00,24.625,22.0,22.5,17.940001,11.9,28.57,20.5,37.0,14.0,5.088
2020-02-07 12:00:00+01:00,24.764999,22.154999,22.5,18.16,13.9,28.59,20.48,33.5,13.0,5.172
2020-02-07 12:15:00+01:00,24.49,22.375,22.5,17.440001,12.9,28.4,20.35,30.0,12.0,5.136
2020-02-07 12:30:00+01:00,24.469999,22.424999,22.5,17.48,13.9,28.209999,20.16,29.0,13.0,5.112
2020-02-07 12:45:00+01:00,24.434999,22.51,22.5,17.92,15.9,27.309999,19.92,28.0,13.0,5.184
2020-02-07 13:00:00+01:00,23.74,22.555,22.5,17.440001,16.9,27.369999,19.42,28.0,12.0,5.076
2020-02-07 13:15:00+01:00,23.57,22.605,22.5,17.0,16.9,27.74,19.219999,28.0,13.0,5.064
2020-02-07 13:30:00+01:00,23.789999,22.705,22.5,17.16,16.9,27.459999,18.959999,27.0,12.0,5.1
2020-02-07 13:45:00+01:00,23.744999,22.734999,22.5,17.059999,16.9,26.98,18.67,26.0,14.0,5.1
2020-02-07 14:00:00+01:00,23.795,22.705,22.5,17.16,16.9,27.059999,18.869999,27.0,13.0,5.076
2020-02-07 14:15:00+01:00,24.379999,22.734999,22.5,18.1,17.9,26.299999,18.84,28.0,12.0,5.124
2020-02-07 14:30:00+01:00,24.434999,22.795,22.5,17.379999,17.9,26.08,18.67,29.0,13.0,5.052
2020-02-07 14:45:00+01:00,24.555,22.805,22.5,17.74,17.9,25.779999,18.48,30.0,12.0,5.1
2020-02-07 15:00:00+01:00,23.99,22.754999,22.5,17.619999,17.9,26.4,18.35,28.0,13.0,5.076
2020-02-07 15:15:00+01:00,24.33,22.725,22.5,17.879999,16.9,26.549999,18.17,26.0,13.0,5.112
2020-02-07 15:30:00+01:00,23.945,22.725,22.5,17.66,16.9,26.709999,18.17,26.0,14.0,5.076
2020-02-07 15:45:00+01:00,23.615,22.705,22.5,17.26,16.9,26.65,17.959999,26.0,12.0,5.172
2020-02-07 16:00:00+01:00,23.764999,22.654999,22.5,17.48,16.9,26.59,17.869999,27.0,13.0,5.16
2020-02-07 16:15:00+01:00,24.414999,22.695,22.5,18.279999,16.9,26.199999,17.68,28.0,13.0,5.16
2020-02-07 16:30:00+01:00,24.125,22.785,22.5,17.84,16.9,26.18,17.529999,30.5,12.0,5.208
2020-02-07 16:45:00+01:00,24.129999,22.744999,22.5,17.699999,16.9,26.139999,17.559999,33.0,13.0,5.136
2020-02-07 17:00:00+01:00,24.689999,22.715,22.5,17.559999,15.9,25.99,17.559999,32.5,13.0,5.124
2020-02-07 17:15:00+01:00,24.934999,22.779999,22.5,17.48,15.9,25.639999,17.539999,32.0,12.0,5.136
2020-02-07 17:30:00+01:00,24.969999,22.775,22.5,17.539999,15.9,25.629999,17.48,31.0,14.0,5.088
2020-02-07 17:45:00+01:00,24.58,22.734999,22.5,18.0,14.9,25.82,17.539999,30.0,13.0,5.124
2020-02-07 18:00:00+01:00,23.859999,22.705,22.5,17.440001,13.9,26.43,17.559999,30.0,13.0,5.1
2020-02-07 18:15:00+01:00,23.605,22.644999,22.5,17.26,12.9,26.719999,17.67,30.0,12.0,5.112
2020-02-07 18:30:00+01:00,23.684999,22.564999,22.5,17.379999,11.9,26.849998,17.75,32.0,13.0,5.1
2020-02-07 18:45:00+01:00,24.359999,22.519999,22.5,17.559999,11.9,26.709999,17.82,34.0,13.0,5.112
2020-02-07 19:00:00+01:00,24.33,22.514999,22.5,17.5,11.9,27.029999,17.889999,41.5,12.0,5.148
2020-02-07 19:15:00+01:00,24.299999,22.465,22.5,17.0,10.9,27.139999,18.029999,49.0,14.0,5.076
2020-02-07 19:30:00+01:00,24.59,22.424999,22.5,17.18,11.9,27.049999,18.26,47.5,12.0,5.1
2020-02-07 19:45:00+01:00,24.564999,22.394999,22.5,17.34,11.9,27.209999,18.33,46.0,13.0,5.076
2020-02-07 20:00:00+01:00,24.5,22.385,22.5,17.26,10.9,27.369999,18.459999,46.0,12.0,5.088
2020-02-08 06:15:00+01:00,21.924999,20.715,22.5,17.139999,5.9,30.369999,21.439999,56.0,10.0,5.016
2020-02-08 06:30:00+01:00,21.859999,20.664999,22.5,17.52,6.9,30.619999,21.389999,60.0,12.0,5.064
2020-02-08 08:15:00+01:00,25.014999,21.189999,22.5,17.799999,5.9,27.92,20.529999,65.0,12.0,5.028
2020-02-08 08:45:00+01:00,24.629999,21.219999,22.5,17.26,5.9,28.33,20.58,65.0,12.0,5.076
2020-02-08 09:00:00+01:00,24.684999,21.205,22.5,17.74,5.9,28.17,20.609999,63.0,12.0,5.028
2020-02-08 09:15:00+01:00,24.615,21.195,22.5,17.559999,6.9,28.4,20.609999,61.0,14.0,5.004
2020-02-08 09:30:00+01:00,24.365,21.18,22.5,17.32,7.9,28.469999,20.609999,57.0,12.0,5.064
2020-02-08 09:45:00+01:00,24.469999,21.184999,22.5,17.32,7.9,28.269999,20.58,53.0,13.0,5.064
2020-02-08 10:15:00+01:00,24.684999,21.24,22.5,17.48,8.9,28.18,20.5,57.0,12.0,5.004
2020-02-08 10:30:00+01:00,24.734999,21.27,22.5,17.639999,10.9,28.01,20.449999,59.0,13.0,5.04
2020-02-08 11:00:00+01:00,24.734999,21.305,22.5,18.0,11.9,29.599998,21.0,59.0,13.0,5.04
2020-02-08 11:15:00+01:00,24.805,21.334999,22.5,17.26,10.9,30.019999,21.49,57.0,12.0,5.088
2020-02-08 11:30:00+01:00,24.769999,21.35,22.5,17.699999,10.9,29.959999,21.699999,57.0,13.0,5.064
2020-02-08 11:45:00+01:00,24.744999,21.375,22.5,17.440001,11.9,30.32,21.9,57.0,12.0,5.04
2020-02-08 12:00:00+01:00,24.805,21.41,22.5,17.879999,11.9,30.449999,22.08,53.5,14.0,5.076
2020-02-08 12:15:00+01:00,24.775,21.439999,22.5,17.92,13.9,30.699999,22.269999,50.0,13.0,5.064
2020-02-08 12:30:00+01:00,24.615,21.48,22.5,17.58,13.9,31.34,22.58,52.0,12.0,5.028
2020-02-08 12:45:00+01:00,24.785,21.49,22.5,17.699999,16.0,31.5,22.799999,54.0,13.0,5.076
2020-02-08 13:00:00+01:00,24.945,21.52,22.5,17.18,15.0,31.179998,22.969999,55.5,12.0,5.04
2020-02-08 13:15:00+01:00,24.385,21.6,22.5,17.08,15.0,32.200001,23.26,57.0,13.0,5.04
2020-02-08 13:30:00+01:00,24.744999,21.629999,22.5,17.24,15.0,32.59,23.65,57.0,12.0,5.088
2020-02-08 13:45:00+01:00,24.305,21.645,22.5,17.08,16.1,33.75,24.18,57.0,12.0,5.004
2020-02-08 14:00:00+01:00,24.754999,21.635,22.5,17.139999,15.1,33.149998,24.439999,55.5,13.0,5.052
2020-02-08 14:15:00+01:00,24.32,21.645,22.5,17.52,15.1,33.959999,24.709999,54.0,12.0,5.004
2020-02-08 14:45:00+01:00,24.644999,21.699999,22.5,17.58,18.1,33.959999,25.209999,54.0,12.0,5.088
2020-02-08 15:00:00+01:00,24.539999,21.75,22.5,17.0,18.1,34.540001,25.48,54.0,13.0,5.028
2020-02-10 04:15:00+01:00,18.27,19.555,22.5,16.539999,7.1,41.579998,29.189999,81.0,10.0,5.112
2020-02-10 04:30:00+01:00,18.094999,19.359999,22.5,16.299999,8.1,41.489998,29.66,87.0,12.0,5.064
2020-02-10 04:45:00+01:00,18.029999,19.254999,22.5,16.18,8.1,41.599998,29.929998,93.0,13.0,5.112
2020-02-10 05:00:00+01:00,18.07,19.25,22.5,16.24,7.1,41.84,30.08,90.0,12.0,5.172
2020-02-10 05:15:00+01:00,18.059999,19.25,22.5,16.219999,7.1,41.68,30.199999,87.0,13.0,5.028
2020-02-10 05:30:00+01:00,18.07,19.234999,22.5,16.26,7.1,41.700001,30.279999,87.0,13.0,5.136
2020-02-10 05:45:00+01:00,18.1,19.234999,22.5,16.199999,8.1,41.599998,30.32,87.0,12.0,5.124
2020-02-10 06:00:00+01:00,18.1,19.234999,22.5,16.219999,8.1,41.77,30.359999,87.0,13.0,5.1
2020-02-10 06:15:00+01:00,21.27,19.25,22.5,18.279999,8.1,37.66,30.33,87.0,12.0,5.088
2020-02-10 06:30:00+01:00,21.08,19.434999,22.5,18.08,8.1,37.829998,30.099998,87.0,14.0,5.064
2020-02-10 06:45:00+01:00,22.15,19.549999,22.5,18.4,9.1,37.16,30.109999,87.0,12.0,5.052
2020-02-10 07:00:00+01:00,23.58,19.719999,22.5,18.459999,8.1,35.75,29.879999,84.0,13.0,5.052
2020-02-10 07:15:00+01:00,23.539999,20.145,22.5,17.82,9.1,35.66,29.65,81.0,13.0,5.028
2020-02-10 07:30:00+01:00,23.67,20.535,22.5,17.68,9.1,35.380001,28.969999,81.0,12.0,5.1
2020-02-10 07:45:00+01:00,23.949999,20.664999,22.5,17.299999,9.1,35.459999,28.74,81.0,13.0,5.1
2020-02-10 08:00:00+01:00,24.314999,20.645,22.5,17.34,9.1,34.93,28.779999,87.0,12.0,5.136
2020-02-10 08:15:00+01:00,25.0,20.629999,22.5,17.66,9.1,34.279999,28.91,93.0,13.0,5.076
2020-02-10 08:30:00+01:00,25.164999,20.645,22.5,17.6,9.1,34.32,28.98,90.0,12.0,5.064
2020-02-10 09:00:00+01:00,25.355,20.67,22.5,17.719999,8.1,34.259998,29.139999,90.0,12.0,5.124
2020-02-10 09:15:00+01:00,25.254999,20.674999,22.5,17.6,9.1,34.18,29.129999,93.0,13.0,5.076
2020-02-10 09:30:00+01:00,25.125,20.695,22.5,17.6,9.1,34.599998,29.369999,87.0,13.0,5.076
2020-02-10 09:45:00+01:00,25.019999,20.82,22.5,17.639999,9.1,34.809998,29.4,81.0,12.0,5.064
2020-02-10 10:00:00+01:00,24.834999,20.875,22.5,17.559999,10.1,34.579998,29.32,78.5,13.0,5.064
2020-02-10 10:15:00+01:00,24.775,20.855,22.5,17.58,10.1,34.649998,29.389999,76.0,12.0,5.088
2020-02-10 10:30:00+01:00,24.734999,20.855,22.5,17.58,10.1,34.959999,29.539999,73.5,13.0,5.1
2020-02-10 10:45:00+01:00,24.789999,21.02,22.5,17.66,10.1,34.93,29.42,71.0,12.0,5.052
2020-02-10 11:00:00+01:00,24.865,21.25,22.5,17.66,11.1,34.950001,29.189999,68.5,14.0,5.112
2020-02-10 11:15:00+01:00,24.775,21.41,22.5,17.539999,12.1,35.09,29.09,66.0,13.0,5.028
2020-02-10 11:30:00+01:00,25.035,21.469999,22.5,17.74,13.1,35.18,29.139999,66.0,12.0,5.124
2020-02-10 11:45:00+01:00,24.684999,21.549999,22.5,17.68,14.1,35.48,29.179998,66.0,13.0,5.124
2020-02-10 12:00:00+01:00,24.844999,21.65,22.5,17.82,14.1,35.489998,29.24,66.0,12.0,5.124
2020-02-10 12:15:00+01:00,24.924999,21.709999,22.5,18.0,15.1,35.57,29.32,66.0,13.0,5.124
2020-02-10 12:30:00+01:00,24.83,21.799999,22.5,17.84,15.1,36.189999,29.49,66.0,12.0,5.136
2020-02-10 12:45:00+01:00,24.789999,21.869999,22.5,17.66,16.1,36.52,29.73,66.0,13.0,5.112
2020-02-10 13:00:00+01:00,25.035,21.93,22.5,17.9,17.1,36.52,29.959999,64.0,14.0,5.124
2020-02-10 13:15:00+01:00,24.269999,21.93,22.5,17.279999,16.1,37.559998,30.25,62.0,12.0,5.136
2020-02-10 13:30:00+01:00,24.24,21.91,22.5,17.6,15.1,37.700001,30.57,60.0,13.0,5.16
2020-02-10 13:45:00+01:00,24.6,21.945,22.5,17.4,16.1,37.68,30.799999,58.0,13.0,5.124
2020-02-10 14:00:00+01:00,24.34,22.01,22.5,17.279999,15.0,38.119999,30.939999,58.0,12.0,5.124
2020-02-10 14:15:00+01:00,25.025,22.125,22.5,18.1,16.0,37.439999,31.029999,58.0,13.0,5.148
2020-02-10 14:30:00+01:00,24.4,22.209999,22.5,17.539999,17.0,38.219997,31.059999,58.0,13.0,5.112
2020-02-10 14:45:00+01:00,24.355,22.254999,22.5,17.52,17.0,38.369999,31.16,58.0,14.0,5.196
2020-02-10 15:00:00+01:00,24.764999,22.264999,22.5,17.879999,16.0,37.82,31.17,58.0,12.0,5.184
2020-02-10 15:15:00+01:00,24.885,22.314999,22.5,17.859999,16.0,37.619999,31.07,58.0,13.0,5.148
2020-02-10 15:30:00+01:00,25.025,22.359999,22.5,18.1,17.0,37.439999,31.099998,58.0,13.0,5.112
2020-02-10 15:45:00+01:00,25.275,22.424999,22.5,17.940001,17.0,37.25,31.01,58.0,13.0,5.148
2020-02-10 16:00:00+01:00,24.615,22.525,22.5,17.059999,18.0,38.029999,30.939999,58.0,13.0,5.208
2020-02-10 16:15:00+01:00,24.869999,22.535,22.5,17.82,19.0,38.189999,31.129999,58.0,12.0,5.208
2020-02-10 16:30:00+01:00,24.75,22.494999,22.5,17.940001,18.0,38.540001,31.41,58.0,14.0,5.136
2020-02-10 16:45:00+01:00,24.564999,22.424999,22.5,17.719999,18.0,39.09,31.809999,58.0,13.0,5.208
2020-02-10 17:00:00+01:00,24.33,22.394999,22.5,17.6,17.0,39.75,32.200001,62.0,13.0,5.208
2020-02-10 17:15:00+01:00,24.785,22.359999,22.5,17.68,17.0,39.59,32.48,66.0,12.0,5.124
2020-02-10 17:30:00+01:00,24.769999,22.385,22.5,17.799999,16.0,39.860001,32.880001,66.0,13.0,5.124
2020-02-10 17:45:00+01:00,24.074999,22.365,22.5,17.32,15.0,40.919998,33.16,66.0,13.0,5.136
2020-02-10 18:00:00+01:00,24.504999,22.289999,22.5,16.940001,15.0,40.68,33.57,66.0,12.0,5.148
2020-02-10 18:15:00+01:00,24.74,22.334999,22.5,17.48,14.0,40.439999,33.779999,66.0,14.0,5.148
2020-02-10 18:30:00+01:00,24.68,22.305,22.5,17.42,13.0,40.639999,33.989998,73.5,13.0,5.172
2020-02-10 18:45:00+01:00,24.539999,22.285,22.5,17.199999,13.0,40.879997,34.18,81.0,13.0,5.172
2020-02-10 19:00:00+01:00,24.744999,22.25,22.5,17.219999,12.0,40.41,34.209999,78.5,12.0,5.148
2020-02-10 19:15:00+01:00,24.76,22.234999,22.5,17.34,12.0,40.450001,34.349998,76.0,13.0,5.124
2020-02-10 19:30:00+01:00,24.875,22.18,22.5,17.279999,12.0,40.309998,34.469997,78.5,12.0,5.088
2020-02-10 19:45:00+01:00,25.014999,22.154999,22.5,16.76,13.0,40.41,34.459999,81.0,13.0,5.052
2020-02-10 20:00:00+01:00,25.025,22.125,22.5,16.959999,13.0,39.639999,34.329998,84.0,14.0,5.1
2020-02-11 06:15:00+01:00,20.744999,20.67,22.5,17.24,16.0,40.639999,32.099998,44.0,10.0,5.208
2020-02-11 06:30:00+01:00,20.67,20.645,22.5,17.879999,15.0,40.27,31.949999,44.0,14.0,5.232
2020-02-11 06:45:00+01:00,20.789999,20.605,22.5,18.0,15.0,39.610001,31.609999,44.0,12.0,5.22
2020-02-11 07:00:00+01:00,21.33,20.619999,22.5,18.039999,15.0,38.689999,31.269999,41.0,13.0,5.172
2020-02-11 07:15:00+01:00,21.67,20.645,22.5,18.08,15.0,37.93,30.91,38.0,13.0,5.22
2020-02-11 07:30:00+01:00,21.895,20.715,22.5,17.639999,15.0,37.349998,30.519999,36.0,13.0,5.232
2020-02-11 07:45:00+01:00,21.27,20.725,22.5,17.619999,15.0,37.829998,30.189999,34.0,13.0,5.244
2020-02-11 08:00:00+01:00,21.975,20.725,22.5,17.76,15.0,36.549999,29.849998,30.5,14.0,5.16
2020-02-11 08:15:00+01:00,25.055,20.939999,22.5,17.879999,15.0,32.989998,28.959999,27.0,13.0,5.208
2020-02-11 08:30:00+01:00,25.465,21.209999,22.5,18.559999,16.0,32.32,28.129999,29.0,12.0,5.244
2020-02-11 08:45:00+01:00,25.375,21.35,22.5,18.440001,16.0,32.860001,27.9,31.0,13.0,5.124
2020-02-11 09:00:00+01:00,25.404999,21.379999,22.5,18.48,16.0,32.459999,27.709999,29.0,13.0,5.208
2020-02-11 09:15:00+01:00,25.289999,21.455,22.5,18.539999,16.0,31.629999,27.269999,27.0,13.0,5.22
2020-02-11 09:30:00+01:00,25.064999,21.459999,22.5,18.02,16.0,30.599998,26.629999,25.0,12.0,5.124
2020-02-11 09:45:00+01:00,24.76,21.455,22.5,17.66,16.0,30.209999,25.969999,23.0,14.0,5.1
2020-02-11 10:00:00+01:00,24.664999,21.455,22.5,17.559999,16.0,29.879999,25.41,21.0,13.0,5.16
2020-02-11 10:15:00+01:00,24.529999,21.5,22.5,17.379999,16.0,30.269999,25.35,19.0,12.0,5.076
2020-02-11 10:30:00+01:00,24.57,21.619999,22.5,17.940001,16.0,30.189999,25.109999,19.0,13.0,5.172
2020-02-11 10:45:00+01:00,24.715,21.699999,22.5,18.059999,16.0,30.119999,24.68,19.0,13.0,5.16
2020-02-11 11:00:00+01:00,24.705,21.82,22.5,18.32,16.0,29.76,24.26,18.5,13.0,5.232
2020-02-11 11:15:00+01:00,24.904999,22.01,22.5,18.539999,16.0,29.59,23.889999,18.0,14.0,5.208
2020-02-11 11:30:00+01:00,25.184999,22.09,22.5,18.219999,17.0,29.15,23.57,16.5,12.0,5.124
2020-02-11 11:45:00+01:00,25.215,22.16,22.5,18.219999,17.0,29.699999,23.519999,15.0,13.0,5.16
2020-02-11 12:00:00+01:00,25.334999,22.225,22.5,18.34,17.0,29.309999,23.359999,15.5,13.0,5.172
2020-02-11 12:15:00+01:00,25.475,22.314999,22.5,18.6,18.0,28.939999,23.029999,16.0,13.0,5.196
2020-02-12 06:15:00+01:00,18.5,20.93,22.5,17.48,12.0,27.889999,23.379999,27.0,10.0,5.196
2020-02-12 06:30:00+01:00,18.539999,20.715,22.5,17.1,12.0,27.23,21.559999,24.5,13.0,5.064
2020-02-12 06:45:00+01:00,18.59,20.625,22.5,17.4,12.0,26.849998,20.33,22.0,13.0,5.172
2020-02-12 07:00:00+01:00,18.76,20.57,22.5,17.219999,12.0,25.84,19.33,23.5,13.0,5.148
2020-02-12 07:15:00+01:00,18.68,20.535,22.5,17.539999,12.0,25.939999,18.779999,25.0,13.0,5.076
2020-02-12 07:30:00+01:00,18.809999,20.514999,22.5,16.92,12.0,25.49,18.23,24.0,12.0,5.244
2020-02-12 07:45:00+01:00,18.939999,20.494999,22.5,17.4,12.0,25.109999,17.75,23.0,14.0,5.196
2020-02-12 08:00:00+01:00,18.949999,20.475,22.5,16.959999,12.0,25.139999,17.469999,26.0,13.0,5.172
2020-02-12 08:15:00+01:00,24.045,20.645,22.5,17.42,12.0,21.869999,16.66,29.0,12.0,5.136
2020-02-12 08:30:00+01:00,24.09,21.02,22.5,16.959999,12.0,21.559999,15.83,31.5,13.0,5.088
2020-02-12 08:45:00+01:00,24.004999,21.15,22.5,17.24,12.0,21.59,15.58,34.0,13.0,5.076
2020-02-12 09:00:00+01:00,24.059999,21.209999,22.5,16.98,12.0,21.309999,15.36,30.5,12.0,5.1
2020-02-12 09:15:00+01:00,24.199999,21.27,22.5,17.639999,12.0,21.209999,15.4,27.0,13.0,5.136
2020-02-12 09:30:00+01:00,24.019999,21.41,22.5,17.52,13.0,21.4,15.009999,26.5,14.0,5.076
2020-02-12 09:45:00+01:00,24.414999,21.629999,22.5,17.199999,13.0,21.029999,14.889999,26.0,12.0,5.076
2020-02-12 10:00:00+01:00,24.215,21.779999,22.5,17.279999,13.0,21.049999,14.69,25.0,13.0,5.136
2020-02-12 10:15:00+01:00,24.129999,21.895,22.5,17.299999,13.0,21.66,14.53,24.0,13.0,5.076
2020-02-12 10:30:00+01:00,24.644999,21.949999,22.5,17.48,14.0,22.799999,15.17,23.0,12.0,5.124
2020-02-12 10:45:00+01:00,24.664999,22.035,22.5,17.539999,14.0,22.809999,15.27,22.0,13.0,5.112
2020-02-12 11:00:00+01:00,24.805,22.145,22.5,17.42,15.0,22.779999,15.179999,21.5,12.0,5.064
2020-02-12 11:15:00+01:00,24.18,22.225,22.5,17.440001,15.0,23.519999,15.429999,21.0,13.0,5.136
2020-02-12 11:30:00+01:00,23.76,22.285,22.5,17.359999,17.0,23.789999,15.429999,23.0,14.0,5.172
2020-02-12 11:45:00+01:00,23.889999,22.225,22.5,17.559999,18.0,23.359999,15.41,25.0,12.0,5.076
2020-02-12 12:00:00+01:00,24.244999,22.455,22.5,18.0,19.0,23.309999,15.08,22.5,13.0,5.172
2020-02-12 12:15:00+01:00,24.469999,22.644999,22.5,17.42,19.0,24.74,15.299999,20.0,13.0,5.16
2020-02-12 12:30:00+01:00,24.469999,22.779999,22.5,17.299999,19.0,24.42,15.54,19.0,12.0,5.124
2020-02-12 12:45:00+01:00,24.564999,22.879999,22.5,18.24,19.1,23.48,15.559999,18.0,13.0,5.172
2020-02-12 13:00:00+01:00,24.65,22.885,22.5,18.4,20.1,23.4,15.52,18.0,13.0,5.148
2020-02-13 06:15:00+01:00,19.125,21.02,22.5,17.639999,8.1,30.629999,20.549999,48.0,9.0,5.112
2020-02-13 06:30:00+01:00,19.1,20.82,22.5,17.379999,8.1,29.699999,19.959999,48.0,13.0,5.064
2020-02-13 06:45:00+01:00,19.455,20.744999,22.5,17.66,8.1,29.0,19.42,48.0,14.0,5.1
2020-02-13 07:00:00+01:00,19.439999,20.705,22.5,17.58,8.1,28.83,19.119999,50.0,12.0,5.076
2020-02-13 07:15:00+01:00,19.205,20.654999,22.5,17.34,8.1,29.189999,18.869999,52.0,13.0,5.148
2020-02-13 07:30:00+01:00,19.139999,20.625,22.5,17.299999,8.1,29.41,18.789999,52.0,12.0,5.16
2020-02-13 07:45:00+01:00,19.07,20.584999,22.5,17.24,8.1,29.67,18.859999,52.0,13.0,5.16
2020-02-13 08:00:00+01:00,18.949999,20.535,22.5,17.119999,8.1,30.33,18.939999,52.0,13.0,5.064
2020-02-13 08:45:00+01:00,24.695,21.25,22.5,17.48,7.1,26.07,18.25,48.0,12.0,5.016
2020-02-13 09:00:00+01:00,24.789999,21.32,22.5,17.52,7.1,26.33,18.359999,48.5,14.0,5.004
2020-02-13 09:15:00+01:00,24.844999,21.359999,22.5,17.699999,7.1,26.049999,18.34,49.0,12.0,5.052
2020-02-13 09:30:00+01:00,24.379999,21.424999,22.5,17.82,8.1,26.4,18.369999,43.0,13.0,5.04
2020-02-13 09:45:00+01:00,24.314999,21.41,22.5,17.779999,9.1,26.629999,18.65,37.0,12.0,5.076
2020-02-13 10:00:00+01:00,24.574999,21.52,22.5,17.859999,9.1,26.48,18.83,37.0,13.0,5.076
2020-02-13 10:15:00+01:00,24.539999,21.6,22.5,17.82,9.1,27.369999,19.02,37.0,13.0,5.124
2020-02-13 10:30:00+01:00,24.414999,21.689999,22.5,17.48,10.1,26.549999,19.119999,38.5,12.0,5.028
2020-02-13 10:45:00+01:00,24.834999,21.799999,22.5,18.039999,10.1,26.269999,18.879999,40.0,13.0,5.136
2020-02-13 11:00:00+01:00,24.594999,21.924999,22.5,17.440001,10.1,26.449999,18.65,41.5,12.0,5.064
2020-02-13 11:15:00+01:00,24.715,22.014999,22.5,18.1,11.1,26.23,18.539999,43.0,14.0,5.076
2020-02-13 11:30:00+01:00,24.85,22.08,22.5,17.699999,12.1,26.24,18.459999,44.5,12.0,5.136
2020-02-13 11:45:00+01:00,23.889999,22.135,22.5,16.9,12.1,27.369999,18.67,46.0,13.0,5.124
2020-02-13 12:00:00+01:00,23.82,22.139999,22.5,17.52,14.1,28.219999,18.939999,43.0,13.0,5.136
2020-02-13 12:15:00+01:00,23.744999,22.209999,22.5,16.959999,15.1,28.799999,19.23,40.0,13.0,5.136
2020-02-13 12:30:00+01:00,24.049999,22.285,22.5,17.68,14.1,29.059999,19.549999,40.0,12.0,5.172
2020-02-13 12:45:00+01:00,24.449999,22.484999,22.5,17.02,14.1,28.67,19.6,40.0,13.0,5.1
2020-02-13 13:00:00+01:00,24.539999,22.605,22.5,17.58,15.1,28.67,19.77,40.0,14.0,5.1
2020-02-13 13:15:00+01:00,24.494999,22.744999,22.5,17.039999,16.1,28.51,19.709999,40.0,12.0,5.124
2020-02-13 13:30:00+01:00,24.555,22.795,22.5,17.1,17.1,28.459999,19.6,39.0,13.0,5.184
2020-02-13 13:45:00+01:00,24.195,22.834999,22.5,17.619999,17.1,28.57,19.469999,38.0,12.0,5.148
2020-02-13 14:00:00+01:00,24.35,22.834999,22.5,17.9,17.1,27.939999,19.279999,35.5,13.0,5.112
2020-02-13 14:15:00+01:00,24.309999,22.814999,22.5,17.82,16.1,28.019999,19.199999,33.0,13.0,5.184
2020-02-13 14:30:00+01:00,24.625,22.855,22.5,18.119999,17.1,27.09,18.949999,34.0,13.0,5.196
2020-02-13 14:45:00+01:00,24.91,22.934999,22.5,17.639999,17.1,27.949999,18.969999,35.0,14.0,5.196
2020-02-13 15:00:00+01:00,24.775,22.994999,22.5,17.6,16.1,27.57,18.93,35.0,13.0,5.196
2020-02-13 15:15:00+01:00,24.68,22.994999,22.5,17.539999,15.1,27.689999,18.82,35.0,13.0,5.22
2020-02-13 15:30:00+01:00,24.709999,23.074999,22.5,17.779999,16.1,27.58,18.75,34.0,12.0,5.232
2020-02-13 15:45:00+01:00,24.629999,23.209999,22.5,17.959999,15.0,27.789999,18.91,33.0,13.0,5.196
2020-02-13 16:00:00+01:00,24.539999,23.26,22.5,17.279999,14.0,27.57,18.879999,31.5,13.0,5.136
2020-02-13 16:15:00+01:00,24.6,23.26,22.5,17.34,15.0,27.599998,18.76,30.0,14.0,5.16
2020-02-13 16:30:00+01:00,24.635,23.279999,22.5,17.359999,15.0,27.82,18.76,33.5,13.0,5.148
2020-02-13 16:45:00+01:00,24.744999,23.264999,22.5,17.48,13.9,27.779999,18.76,37.0,12.0,5.196
2020-02-13 17:00:00+01:00,24.535,23.25,22.5,17.24,14.9,28.039999,18.719999,37.0,13.0,5.148
2020-02-13 17:15:00+01:00,24.469999,23.279999,22.5,17.26,14.9,28.25,18.76,37.0,12.0,5.148
2020-02-13 17:30:00+01:00,24.494999,23.254999,22.5,17.26,13.9,28.08,18.949999,38.5,13.0,5.136
2020-02-13 17:45:00+01:00,24.695,23.25,22.5,17.52,13.9,28.17,18.93,40.0,13.0,5.148
2020-02-13 18:00:00+01:00,24.58,23.209999,22.5,17.279999,12.9,28.469999,19.16,40.0,14.0,5.1
2020-02-13 18:15:00+01:00,23.615,23.184999,22.5,17.199999,12.9,29.82,19.309999,40.0,13.0,5.148
2020-02-13 18:30:00+01:00,23.994999,23.125,22.5,17.539999,11.9,29.41,19.58,41.5,12.0,5.124
2020-02-13 18:45:00+01:00,24.07,23.08,22.5,17.18,12.9,29.809999,19.699999,43.0,13.0,5.028
2020-02-13 19:00:00+01:00,24.24,23.08,22.5,16.98,12.9,30.119999,19.969999,43.0,13.0,5.076
2020-02-13 19:15:00+01:00,24.26,23.029999,22.5,16.879999,11.9,30.689999,20.359999,43.0,13.0,5.088
2020-02-13 19:30:00+01:00,24.389999,22.984999,22.5,17.379999,11.9,30.799999,20.67,46.0,12.0,5.124
2020-02-13 19:45:00+01:00,24.375,22.894999,22.5,16.959999,11.9,30.959999,20.99,49.0,14.0,5.112
2020-02-13 20:00:00+01:00,24.365,22.834999,22.5,17.440001,11.9,30.84,21.129999,53.0,13.0,5.136
2020-02-14 06:15:00+01:00,21.82,21.094999,22.5,17.639999,7.9,35.200001,24.189999,93.0,9.0,5.1
2020-02-14 06:30:00+01:00,23.139999,21.115,22.5,17.32,7.9,33.989998,24.549999,90.0,14.0,5.112
2020-02-14 06:45:00+01:00,24.494999,21.26,22.5,17.539999,7.9,32.889999,24.639999,87.0,12.0,5.064
2020-02-14 07:00:00+01:00,24.615,21.4,22.5,17.699999,7.9,32.989998,24.779999,90.0,13.0,5.088
2020-02-14 07:15:00+01:00,24.769999,21.459999,22.5,17.639999,7.9,32.950001,24.859999,93.0,13.0,5.076
2020-02-14 07:30:00+01:00,24.68,21.49,22.5,17.6,7.9,32.82,24.859999,93.0,12.0,5.148
2020-02-14 07:45:00+01:00,24.539999,21.5,22.5,17.48,8.9,32.73,24.82,93.0,13.0,5.148
2020-02-14 08:00:00+01:00,24.34,21.48,22.5,17.379999,7.9,32.52,24.699999,93.0,12.0,5.088
2020-02-14 08:15:00+01:00,24.17,21.459999,22.5,17.299999,7.9,32.860001,24.67,93.0,13.0,5.148
2020-02-14 08:30:00+01:00,24.1,21.449999,22.5,17.299999,7.9,32.889999,24.709999,93.0,14.0,5.088
2020-02-14 08:45:00+01:00,24.1,21.439999,22.5,17.379999,8.9,32.889999,24.74,93.0,12.0,5.1
2020-02-14 09:00:00+01:00,24.059999,21.41,22.5,17.32,8.9,32.719997,24.699999,87.0,13.0,5.1
2020-02-14 09:15:00+01:00,24.09,21.379999,22.5,17.379999,8.9,33.290001,25.029999,81.0,13.0,5.1
2020-02-14 09:30:00+01:00,24.234999,21.389999,22.5,17.5,8.9,33.450001,25.32,81.0,12.0,5.136
2020-02-14 10:00:00+01:00,24.469999,21.555,22.5,17.699999,8.9,34.399998,26.07,78.5,13.0,5.088
2020-02-14 10:15:00+01:00,24.105,21.629999,22.5,17.779999,9.9,35.139999,26.57,76.0,12.0,5.148
2020-02-14 10:30:00+01:00,24.459999,21.689999,22.5,17.299999,9.9,35.48,27.109999,73.5,14.0,5.148
2020-02-14 10:45:00+01:00,24.625,21.83,22.5,17.940001,11.9,34.919998,27.289999,71.0,12.0,5.076
2020-02-14 11:00:00+01:00,24.635,22.014999,22.5,17.859999,11.9,34.790001,27.18,66.5,13.0,5.136
2020-02-14 11:15:00+01:00,24.574999,22.07,22.5,17.52,12.9,35.419998,27.42,62.0,13.0,5.124
2020-02-14 11:30:00+01:00,24.98,22.16,22.5,18.059999,14.9,34.869999,27.57,62.0,12.0,5.16
2020-02-14 11:45:00+01:00,25.225,22.305,22.5,18.299999,15.9,34.68,27.539999,62.0,13.0,5.136
2020-02-14 12:00:00+01:00,23.789999,22.34,22.5,17.32,15.9,35.700001,27.51,60.0,13.0,5.124
2020-02-14 12:15:00+01:00,24.019999,22.314999,22.5,17.26,14.9,35.48,27.389999,58.0,12.0,5.136
2020-02-14 12:30:00+01:00,24.33,22.375,22.5,17.02,16.9,35.16,27.209999,54.5,14.0,5.1
2020-02-14 12:45:00+01:00,24.4,22.514999,22.5,17.359999,15.9,35.149998,27.059999,51.0,13.0,5.16
2020-02-14 13:00:00+01:00,24.18,22.644999,22.5,17.74,17.9,35.169998,26.76,47.5,13.0,5.184
2020-02-14 13:15:00+01:00,24.35,22.75,22.5,17.76,17.9,35.02,26.639999,44.0,12.0,5.172
2020-02-14 13:30:00+01:00,24.934999,22.834999,22.5,18.52,17.9,34.700001,26.619999,41.5,13.0,5.196
2020-02-14 13:45:00+01:00,24.844999,22.975,22.5,18.48,17.9,34.18,26.269999,39.0,13.0,5.232
2020-02-14 14:00:00+01:00,25.084999,23.045,22.5,18.119999,18.9,33.380001,25.91,35.0,14.0,5.232
2020-02-14 14:15:00+01:00,25.32,23.1,22.5,18.4,18.9,32.630001,25.539999,31.0,13.0,5.256
2020-02-14 15:00:00+01:00,28.035,23.6,23.5,21.879999,20.9,29.779999,24.189999,29.0,9.0,5.208
2020-02-14 15:15:00+01:00,27.84,23.689999,23.5,22.059999,20.9,29.459999,23.709999,29.0,14.0,5.172
2020-02-14 15:30:00+01:00,27.474998,23.75,23.5,22.24,19.9,29.76,23.32,28.0,13.0,5.232
2020-02-14 15:45:00+01:00,26.66,23.75,23.5,22.5,20.9,30.65,23.219999,27.0,13.0,5.22
2020-02-14 16:00:00+01:00,25.74,23.67,23.5,22.1,20.9,31.299999,23.189999,28.0,13.0,5.244
2020-02-14 16:15:00+01:00,25.285,23.619999,23.5,22.18,20.9,31.699999,23.15,29.0,12.0,5.16
2020-02-14 16:30:00+01:00,24.844999,23.59,23.5,22.619999,19.9,32.09,23.269999,29.0,13.0,5.208
2020-02-14 16:45:00+01:00,24.744999,23.5,23.5,22.42,19.9,31.959999,23.219999,29.0,14.0,5.208
2020-02-14 17:00:00+01:00,24.76,23.459999,23.5,22.219999,20.9,31.57,23.059999,28.0,13.0,5.22
2020-02-14 17:15:00+01:00,25.445,23.48,23.5,22.439999,20.9,30.75,22.939999,27.0,12.0,5.208
2020-02-14 17:30:00+01:00,25.244999,23.449999,23.5,22.199999,19.9,30.449999,22.74,28.0,14.0,5.22
2020-02-15 06:15:00+01:00,18.934999,21.219999,22.5,17.039999,9.9,39.18,26.389999,61.0,9.0,5.16
2020-02-15 06:30:00+01:00,19.279999,21.029999,22.5,17.639999,8.9,38.829998,26.599998,59.0,12.0,5.196
2020-02-15 06:45:00+01:00,19.535,20.945,22.5,17.24,7.9,38.369999,26.66,57.0,14.0,5.076
2020-02-15 07:15:00+01:00,19.4,20.879999,22.5,17.559999,7.9,36.079998,25.639999,65.0,13.0,5.172
2020-02-15 07:30:00+01:00,19.369999,20.844999,22.5,17.539999,7.9,35.66,25.289999,67.5,13.0,5.184
2020-02-15 07:45:00+01:00,19.314999,20.805,22.5,17.459999,7.9,35.630001,25.0,70.0,13.0,5.184
2020-02-15 08:00:00+01:00,19.23,20.764999,22.5,17.379999,7.9,35.939999,24.799999,65.5,13.0,5.172
2020-02-15 08:15:00+01:00,24.644999,20.939999,22.5,17.58,7.9,31.019999,24.449999,61.0,12.0,5.112
2020-02-15 08:30:00+01:00,24.85,21.314999,22.5,17.66,7.9,31.179998,24.1,59.0,14.0,5.064
2020-02-15 08:45:00+01:00,24.924999,21.459999,22.5,17.84,7.9,31.189999,24.019999,57.0,12.0,5.052
2020-02-15 09:00:00+01:00,25.025,21.529999,22.5,17.66,7.9,30.869999,23.99,53.5,13.0,5.1
2020-02-15 09:15:00+01:00,25.234999,21.6,22.5,17.98,8.9,30.379999,23.809999,50.0,12.0,5.028
2020-02-15 09:30:00+01:00,25.205,21.629999,22.5,17.940001,8.9,30.289999,23.6,48.5,13.0,5.1
2020-02-15 09:45:00+01:00,25.115,21.66,22.5,17.92,8.9,30.019999,23.43,47.0,12.0,5.064
2020-02-15 10:00:00+01:00,24.994999,21.67,22.5,17.84,9.9,30.309999,23.379999,56.5,13.0,5.124
2020-02-15 10:15:00+01:00,24.869999,21.689999,22.5,17.68,10.9,30.58,23.379999,66.0,12.0,5.1
2020-02-15 10:30:00+01:00,24.98,21.699999,22.5,18.0,10.9,30.469999,23.43,60.0,13.0,5.088
2020-02-15 10:45:00+01:00,24.644999,21.719999,22.5,18.119999,13.9,30.84,23.379999,54.0,14.0,5.148
2020-02-15 11:00:00+01:00,25.049999,21.75,22.5,18.299999,13.9,30.67,23.43,49.0,12.0,5.088
2020-02-15 11:15:00+01:00,24.314999,21.74,22.5,17.119999,12.9,31.599998,23.539999,44.0,13.0,5.1
2020-02-15 11:30:00+01:00,23.9,21.715,22.5,17.52,13.9,32.149998,23.73,44.0,12.0,5.076
2020-02-15 11:45:00+01:00,23.959999,21.699999,22.5,17.639999,15.9,32.41,23.98,44.0,13.0,5.16
2020-02-15 12:00:00+01:00,24.299999,21.719999,22.5,17.6,16.9,31.99,24.019999,42.5,13.0,5.112
2020-02-15 12:15:00+01:00,23.939999,21.75,22.5,17.5,16.9,32.52,23.98,41.0,12.0,5.088
2020-02-15 12:30:00+01:00,23.99,21.76,22.5,17.48,16.9,31.48,23.73,42.5,13.0,5.136
2020-02-15 12:45:00+01:00,24.234999,21.799999,22.5,17.76,17.9,31.179998,23.58,44.0,12.0,5.076
2020-02-15 13:00:00+01:00,24.5,21.865,22.5,17.959999,16.9,31.01,23.449999,42.5,14.0,5.04
2020-02-15 13:15:00+01:00,24.769999,21.949999,22.5,17.6,17.9,31.209999,23.449999,41.0,12.0,5.1
2020-02-15 13:30:00+01:00,24.994999,22.01,22.5,17.68,16.9,31.83,23.66,42.5,13.0,5.112
2020-02-15 13:45:00+01:00,25.305,22.1,22.5,18.18,16.9,32.509998,24.209999,44.0,13.0,5.112
2020-02-15 14:00:00+01:00,25.344999,22.16,22.5,18.199999,16.9,32.459999,24.449999,45.5,12.0,5.184
2020-02-17 04:15:00+01:00,19.35,20.219999,22.5,17.66,8.9,42.649998,30.75,81.0,10.0,5.076
2020-02-17 04:30:00+01:00,19.43,20.08,22.5,17.559999,8.9,42.439999,31.32,81.0,13.0,5.148
2020-02-17 04:45:00+01:00,19.369999,20.049999,22.5,17.459999,8.9,42.41,31.559999,81.0,12.0,5.028
2020-02-17 05:00:00+01:00,19.27,20.014999,22.5,17.379999,9.9,42.110001,31.559999,78.0,13.0,5.088
2020-02-17 05:15:00+01:00,19.225,19.99,22.5,17.32,8.9,42.059998,31.57,75.0,12.0,5.028
2020-02-17 05:45:00+01:00,19.109999,19.949999,22.5,17.219999,7.9,42.309998,31.559999,75.0,12.0,5.124
2020-02-17 06:00:00+01:00,19.059999,19.924999,22.5,17.16,7.9,42.02,31.549999,78.0,13.0,5.076
2020-02-17 06:15:00+01:00,21.24,19.93,22.5,17.6,7.9,39.07,31.48,81.0,14.0,5.088
2020-02-17 06:30:00+01:00,21.18,20.07,22.5,17.779999,7.9,39.02,31.17,84.0,12.0,5.064
2020-02-17 06:45:00+01:00,22.625,20.16,22.5,17.959999,7.9,37.32,30.949999,87.0,13.0,5.1
2020-02-17 07:15:00+01:00,23.35,20.475,22.5,17.26,7.9,36.32,30.34,81.0,13.0,5.076
2020-02-17 07:30:00+01:00,23.85,20.564999,22.5,17.379999,7.9,36.329998,30.26,84.0,12.0,5.028
2020-02-17 07:45:00+01:00,24.269999,20.645,22.5,17.42,7.9,35.869999,30.289999,87.0,12.0,5.004
2020-02-17 08:00:00+01:00,24.664999,20.744999,22.5,17.459999,7.9,35.360001,30.17,87.0,13.0,5.076
2020-02-17 08:15:00+01:00,24.894999,20.844999,22.5,17.5,7.9,34.889999,29.9,87.0,12.0,5.064
2020-02-17 08:45:00+01:00,25.084999,20.939999,22.5,17.639999,7.9,34.739998,29.709999,81.0,14.0,5.124
2020-02-17 09:00:00+01:00,25.064999,20.965,22.5,17.6,8.9,34.630001,29.57,81.0,12.0,5.052
2020-02-17 09:15:00+01:00,25.049999,20.994999,22.5,17.619999,8.9,34.630001,29.49,81.0,13.0,5.04
2020-02-17 09:30:00+01:00,24.844999,21.02,22.5,17.76,8.9,34.779999,29.459999,78.5,12.0,5.124
2020-02-17 09:45:00+01:00,24.769999,21.045,22.5,17.84,8.9,34.860001,29.559999,76.0,13.0,5.1
2020-02-17 10:00:00+01:00,24.779999,21.27,22.5,17.959999,8.9,35.149998,29.269999,78.5,12.0,5.112
2020-02-17 10:15:00+01:00,24.754999,21.334999,22.5,17.879999,8.9,35.07,29.279999,81.0,13.0,5.052
2020-02-17 10:30:00+01:00,24.83,21.459999,22.5,17.959999,9.9,34.709999,29.279999,73.5,12.0,5.064
2020-02-17 10:45:00+01:00,24.744999,21.619999,22.5,18.059999,9.9,34.93,29.059999,66.0,13.0,5.052
2020-02-17 11:00:00+01:00,24.629999,21.709999,22.5,17.66,11.9,35.399998,29.09,68.5,12.0,5.064
2020-02-17 11:15:00+01:00,24.705,21.76,22.5,17.559999,12.9,35.48,29.16,71.0,14.0,5.124
2020-02-17 11:30:00+01:00,24.5,21.805,22.5,17.799999,12.9,35.849998,29.279999,71.0,13.0,5.124
2020-02-17 11:45:00+01:00,24.615,21.869999,22.5,17.9,14.9,36.139999,29.389999,71.0,12.0,5.1
2020-02-17 12:00:00+01:00,24.969999,22.004999,22.5,17.92,14.9,36.040001,29.49,71.0,13.0,5.076
2020-02-17 12:30:00+01:00,25.074999,22.109999,22.5,18.199999,16.9,36.759998,29.949999,71.0,13.0,5.052
2020-02-17 12:45:00+01:00,24.754999,22.135,22.5,17.5,17.9,37.93,30.549999,71.0,13.0,5.124
2020-02-17 13:00:00+01:00,23.965,22.16,22.5,17.379999,17.9,39.469997,31.219999,71.0,12.0,5.1
2020-02-17 13:15:00+01:00,24.904999,22.125,22.5,18.0,17.9,38.66,31.779999,71.0,14.0,5.1
2020-02-17 13:30:00+01:00,24.09,22.15,22.5,17.52,17.9,40.07,32.279999,69.0,13.0,5.172
2020-02-17 13:45:00+01:00,23.885,22.18,22.5,17.34,17.9,40.329998,32.559998,67.0,12.0,5.088
2020-02-17 14:00:00+01:00,23.959999,22.18,22.5,17.379999,19.9,39.689999,32.529999,65.0,13.0,5.16
2020-02-17 14:15:00+01:00,24.51,22.16,22.5,17.48,19.9,38.91,32.529999,63.0,13.0,5.088
2020-02-17 14:30:00+01:00,24.049999,22.234999,22.5,17.32,19.9,39.540001,32.540001,62.5,12.0,5.112
2020-02-17 14:45:00+01:00,24.289999,22.279999,22.5,17.58,19.9,39.700001,32.579998,62.0,13.0,5.136
2020-02-17 15:00:00+01:00,24.26,22.34,22.5,17.5,19.9,39.77,32.77,58.0,12.0,5.184
2020-02-17 15:15:00+01:00,24.16,22.375,22.5,17.42,18.799999,40.439999,33.0,54.0,14.0,5.184
2020-02-17 15:30:00+01:00,24.99,22.43,22.5,18.279999,18.799999,39.27,33.119999,58.0,13.0,5.148
2020-02-17 15:45:00+01:00,24.33,22.455,22.5,17.699999,19.799999,40.93,33.43,62.0,13.0,5.1
2020-02-17 16:00:00+01:00,24.129999,22.43,22.5,17.619999,19.799999,41.399998,33.84,62.0,12.0,5.22
2020-02-17 16:15:00+01:00,23.939999,22.4,22.5,17.440001,18.799999,41.579998,34.07,62.0,13.0,5.136
2020-02-17 16:30:00+01:00,24.07,22.43,22.5,17.76,18.799999,41.459999,34.18,64.5,13.0,5.16
2020-02-17 16:45:00+01:00,24.59,22.494999,22.5,17.039999,18.799999,41.110001,34.259998,67.0,12.0,5.136
2020-02-17 17:00:00+01:00,24.109999,22.49,22.5,17.539999,17.799999,41.759998,34.43,69.0,14.0,5.172
2020-02-17 17:15:00+01:00,23.76,22.484999,22.5,17.279999,17.799999,42.209999,34.599998,71.0,13.0,5.16
2020-02-17 17:30:00+01:00,23.74,22.42,22.5,17.279999,17.799999,42.119999,34.73,76.5,12.0,5.196
2020-02-17 17:45:00+01:00,23.82,22.394999,22.5,17.26,16.799999,42.049999,34.759998,82.0,13.0,5.136
2020-02-17 18:00:00+01:00,24.049999,22.414999,22.5,17.92,16.799999,42.079998,34.899998,79.0,13.0,5.1
2020-02-17 18:15:00+01:00,24.49,22.414999,22.5,17.58,15.8,41.709999,35.139999,76.0,12.0,5.1
2020-02-17 18:30:00+01:00,24.385,22.43,22.5,17.08,15.8,42.18,35.369999,79.0,13.0,5.076
2020-02-17 18:45:00+01:00,24.529999,22.445,22.5,17.379999,14.8,42.52,35.529999,82.0,14.0,5.112
2020-02-17 19:00:00+01:00,24.459999,22.455,22.5,17.32,13.8,42.98,35.860001,82.0,12.0,5.1
2020-02-17 19:15:00+01:00,24.389999,22.445,22.5,17.0,13.8,42.889999,36.059998,82.0,13.0,5.052
2020-02-17 19:30:00+01:00,24.615,22.404999,22.5,17.059999,13.8,42.77,36.189999,84.5,12.0,5.076
2020-02-17 19:45:00+01:00,24.559999,22.334999,22.5,17.42,13.8,42.52,36.299999,87.0,13.0,5.064
2020-02-17 20:00:00+01:00,24.469999,22.344999,22.5,16.799999,13.8,43.059998,36.290001,84.0,12.0,5.076
2020-02-18 06:15:00+01:00,21.674999,20.775,22.5,17.699999,9.8,43.739998,34.98,93.0,10.0,5.04
2020-02-18 06:30:00+01:00,21.59,20.785,22.5,17.5,9.8,43.389999,35.200001,90.0,13.0,5.064
2020-02-18 06:45:00+01:00,22.244999,20.795,22.5,17.699999,9.8,42.889999,35.290001,87.0,12.0,5.016
2020-02-18 07:00:00+01:00,22.939999,20.855,22.5,17.699999,9.8,41.040001,35.219997,87.0,12.0,5.052
2020-02-18 07:15:00+01:00,23.385,20.945,22.5,17.559999,9.8,40.68,35.009998,87.0,13.0,5.136
2020-02-18 07:30:00+01:00,23.32,21.01,22.5,17.559999,8.8,40.73,34.869999,87.0,13.0,5.136
2020-02-18 07:45:00+01:00,22.254999,20.965,22.5,17.559999,8.8,41.759998,34.82,87.0,12.0,5.148
2020-02-18 08:00:00+01:00,22.375,20.904999,22.5,17.4,8.8,40.82,34.719997,87.0,14.0,5.148
2020-02-18 08:30:00+01:00,24.764999,21.115,22.5,17.539999,9.8,38.149998,34.079998,84.0,12.0,5.052
2020-02-18 08:45:00+01:00,24.914999,21.225,22.5,17.58,8.8,37.549999,33.809998,81.0,13.0,5.136
2020-02-18 09:00:00+01:00,24.945,21.289999,22.5,17.58,9.8,37.349998,33.599998,81.0,12.0,5.112
2020-02-18 09:15:00+01:00,24.914999,21.314999,22.5,17.539999,9.8,37.689999,33.299999,81.0,13.0,5.052
2020-02-18 09:30:00+01:00,24.894999,21.33,22.5,17.639999,9.8,37.649998,33.279999,81.0,13.0,5.1
2020-02-18 09:45:00+01:00,24.5,21.359999,22.5,16.959999,10.8,38.68,33.689999,81.0,12.0,5.016
2020-02-18 10:00:00+01:00,24.459999,21.389999,22.5,17.1,10.8,38.709999,33.91,78.5,14.0,5.052
2020-02-18 10:15:00+01:00,24.559999,21.459999,22.5,17.52,11.8,38.849998,34.119999,76.0,12.0,5.064
2020-02-18 10:45:00+01:00,24.314999,21.609999,22.5,17.059999,12.8,39.629997,34.009998,76.0,12.0,5.076
2020-02-18 11:00:00+01:00,24.689999,21.664999,22.5,17.66,12.8,38.599998,34.16,71.0,13.0,5.088
2020-02-18 11:15:00+01:00,24.555,21.789999,22.5,17.76,13.8,39.079998,33.959999,66.0,12.0,5.1
2020-02-18 11:30:00+01:00,24.59,21.844999,22.5,17.539999,14.8,39.809998,33.93,62.0,13.0,5.088
2020-02-18 11:45:00+01:00,24.6,21.91,22.5,17.779999,16.799999,39.309998,33.969997,58.0,13.0,5.124
2020-02-18 12:00:00+01:00,24.309999,21.975,22.5,17.92,16.799999,39.5,33.969997,54.5,12.0,5.112
2020-02-18 12:15:00+01:00,24.834999,22.014999,22.5,17.68,17.799999,38.860001,33.959999,51.0,14.0,5.1
2020-02-18 12:30:00+01:00,24.805,22.15,22.5,17.559999,18.799999,38.689999,33.790001,49.5,13.0,5.136
2020-02-18 12:45:00+01:00,24.709999,22.314999,22.5,16.98,18.799999,39.099998,33.57,48.0,12.0,5.076
2020-02-18 13:00:00+01:00,24.779999,22.48,22.5,17.039999,19.799999,39.02,33.32,46.5,13.0,5.112
2020-02-18 13:15:00+01:00,24.799999,22.644999,22.5,17.139999,20.799999,38.649998,33.099998,45.0,13.0,5.1
2020-02-18 13:30:00+01:00,24.764999,22.779999,22.5,17.959999,20.799999,38.869999,32.759998,42.0,12.0,5.1
2020-02-18 13:45:00+01:00,24.855,22.824999,22.5,18.34,20.799999,38.860001,32.610001,39.0,13.0,5.112
2020-02-18 14:00:00+01:00,24.769999,22.834999,22.5,18.26,20.799999,38.73,32.529999,37.5,12.0,5.16
2020-02-18 14:15:00+01:00,24.85,22.855,22.5,18.440001,20.799999,37.629997,32.009998,36.0,14.0,5.196
2020-02-18 14:30:00+01:00,27.055,22.934999,22.5,20.859999,21.799999,35.77,31.779999,35.0,13.0,5.196
2020-02-18 14:45:00+01:00,27.974998,23.135,22.5,21.32,21.799999,33.669998,31.049999,34.0,13.0,5.184
2020-02-18 15:00:00+01:00,28.264999,23.305,22.5,21.66,21.799999,33.399998,30.189999,35.0,13.0,5.016
2020-02-18 15:15:00+01:00,28.269999,23.41,22.5,21.639999,21.799999,32.809998,29.809999,36.0,12.0,5.184
2020-02-18 15:30:00+01:00,28.445,23.559999,23.5,21.799999,20.799999,33.27,29.529999,35.0,13.0,5.184
2020-02-18 15:45:00+01:00,28.459999,23.67,23.5,22.0,21.799999,32.59,29.389999,34.0,14.0,5.196
2020-02-18 16:00:00+01:00,28.195,23.709999,23.5,22.059999,20.799999,32.93,29.15,32.5,13.0,5.232
2020-02-18 16:15:00+01:00,27.99,23.719999,23.5,22.439999,19.799999,33.399998,29.07,31.0,13.0,5.196
2020-02-18 16:30:00+01:00,27.295,23.68,23.5,22.26,20.799999,33.619999,28.949999,32.5,13.0,5.22
2020-02-18 16:45:00+01:00,26.73,23.629999,23.5,22.199999,20.799999,33.329998,28.779999,34.0,13.0,5.208
2020-02-18 17:00:00+01:00,26.859999,23.549999,23.5,22.359999,19.799999,31.83,28.189999,36.5,12.0,5.196
2020-02-18 17:15:00+01:00,26.869999,23.539999,23.5,22.42,19.799999,31.309999,27.75,39.0,14.0,5.244
2020-02-18 17:30:00+01:00,26.83,23.514999,23.5,22.5,18.799999,32.219997,27.23,37.5,13.0,5.256
2020-02-19 06:15:00+01:00,18.91,21.094999,22.5,17.559999,8.8,38.52,29.019999,65.0,10.0,5.1
2020-02-19 06:30:00+01:00,19.375,20.895,22.5,17.68,7.8,38.049999,28.519999,65.0,12.0,5.112
2020-02-19 06:45:00+01:00,20.174999,20.844999,22.5,17.08,8.8,36.919998,28.08,65.0,13.0,5.088
2020-02-19 07:00:00+01:00,20.445,20.885,22.5,17.299999,8.8,36.869999,27.689999,63.0,13.0,5.076
2020-02-19 07:15:00+01:00,20.584999,20.895,22.5,17.559999,8.8,36.98,27.609999,61.0,12.0,5.076
2020-02-19 07:30:00+01:00,20.584999,20.875,22.5,17.6,7.8,37.110001,27.57,63.0,13.0,5.076
2020-02-19 07:45:00+01:00,20.115,20.855,22.5,17.639999,8.8,38.119999,27.68,65.0,12.0,5.088
2020-02-19 08:00:00+01:00,20.145,20.795,22.5,17.58,7.8,36.599998,27.68,63.0,13.0,5.16
2020-02-19 08:15:00+01:00,24.125,20.994999,22.5,17.08,8.8,32.719997,26.959999,61.0,14.0,5.004
2020-02-19 08:30:00+01:00,24.49,21.27,22.5,17.799999,8.8,34.149998,26.849998,61.0,12.0,5.04
2020-02-19 09:00:00+01:00,24.955,21.52,22.5,17.719999,9.8,35.959999,27.99,59.0,13.0,5.064
2020-02-19 09:15:00+01:00,24.76,21.49,22.5,17.639999,9.8,36.07,28.58,57.0,12.0,5.052
2020-02-19 09:30:00+01:00,24.879999,21.52,22.5,17.9,10.8,35.169998,28.67,59.5,13.0,5.088
2020-02-19 09:45:00+01:00,25.055,21.609999,22.5,17.699999,10.8,35.200001,28.9,62.0,12.0,5.088
2020-02-19 10:00:00+01:00,24.779999,21.689999,22.5,18.039999,10.8,35.75,29.24,64.0,13.0,5.076
2020-02-19 10:15:00+01:00,24.459999,21.754999,22.5,17.68,11.8,36.209999,29.32,66.0,13.0,5.088
2020-02-19 10:30:00+01:00,24.439999,21.82,22.5,18.119999,12.8,36.349998,29.559999,71.0,12.0,5.04
2020-02-19 10:45:00+01:00,24.6,21.869999,22.5,18.0,12.8,37.73,30.25,76.0,14.0,5.016
2020-02-19 11:00:00+01:00,24.514999,22.01,22.5,17.559999,12.8,38.779999,30.75,78.5,12.0,5.04
2020-02-19 11:15:00+01:00,24.285,22.01,22.5,18.02,13.8,39.0,31.529999,81.0,13.0,5.004
2020-02-19 11:30:00+01:00,24.459999,22.049999,22.5,18.199999,13.8,38.149998,31.769999,78.5,12.0,5.076
2020-02-19 11:45:00+01:00,24.459999,22.08,22.5,18.199999,13.8,38.509998,32.200001,76.0,12.0,5.028
2020-02-19 12:00:00+01:00,24.455,22.119999,22.5,17.5,13.8,39.09,32.399998,73.5,13.0,5.004
2020-02-19 12:15:00+01:00,24.555,22.219999,22.5,17.959999,14.8,39.450001,32.700001,71.0,12.0,5.172
2020-02-19 12:30:00+01:00,24.824999,22.275,22.5,17.82,15.8,39.52,33.059998,71.0,13.0,5.016
2020-02-19 12:45:00+01:00,24.035,22.35,22.5,16.84,16.799999,40.219997,33.119999,71.0,12.0,5.028
2020-02-19 13:00:00+01:00,23.98,22.34,22.5,17.139999,17.799999,40.41,33.259998,64.5,13.0,5.064
2020-02-19 13:15:00+01:00,23.76,22.35,22.5,17.1,18.799999,40.189999,33.27,58.0,12.0,5.1
2020-02-19 13:30:00+01:00,24.01,22.4,22.5,17.039999,17.799999,38.790001,32.790001,51.0,14.0,5.064
2020-02-19 13:45:00+01:00,24.559999,22.48,22.5,17.039999,18.799999,37.950001,32.239998,44.0,13.0,5.088
2020-02-19 14:00:00+01:00,24.15,22.574999,22.5,17.32,19.799999,37.599998,31.619999,45.5,12.0,5.124
2020-02-19 14:15:00+01:00,24.24,22.6,22.5,17.440001,19.799999,37.139999,31.119999,47.0,13.0,5.124
2020-02-19 14:30:00+01:00,24.494999,22.674999,22.5,17.84,19.799999,37.119999,30.789999,44.0,13.0,5.148
2020-02-19 14:45:00+01:00,25.449999,22.725,22.5,18.66,19.799999,36.149998,30.459999,41.0,12.0,5.196
2020-02-19 15:00:00+01:00,25.805,22.855,22.5,18.459999,20.799999,34.189999,29.74,40.0,13.0,5.16
2020-02-19 15:15:00+01:00,28.424999,23.109999,22.5,21.699999,20.799999,27.42,28.08,39.0,14.0,5.172
2020-02-19 15:30:00+01:00,28.799999,23.5,22.5,22.059999,19.799999,26.379999,25.84,27.5,13.0,5.196
2020-02-20 06:15:00+01:00,18.98,21.094999,22.5,17.34,8.9,33.489998,24.629999,56.0,10.0,5.064
2020-02-20 06:30:00+01:00,19.52,20.885,22.5,17.779999,8.9,33.139999,23.889999,56.0,12.0,5.064
2020-02-20 06:45:00+01:00,19.184999,20.824999,22.5,17.6,8.9,32.950001,23.309999,56.0,13.0,5.04
2020-02-20 07:00:00+01:00,19.605,20.775,22.5,17.6,7.9,32.349998,22.859999,54.0,12.0,5.136
2020-02-20 07:15:00+01:00,19.43,20.744999,22.5,17.539999,7.9,32.450001,22.58,52.0,13.0,5.088
2020-02-20 07:30:00+01:00,19.855,20.715,22.5,17.52,7.9,31.9,22.35,54.0,13.0,5.1
2020-02-20 07:45:00+01:00,19.834999,20.715,22.5,17.539999,7.9,31.5,22.109999,56.0,12.0,5.172
2020-02-20 08:00:00+01:00,19.965,20.705,22.5,17.5,8.9,31.66,21.98,54.0,14.0,5.148
2020-02-20 09:00:00+01:00,25.045,21.434999,22.5,17.879999,10.9,28.529999,21.459999,44.5,13.0,5.04
2020-02-20 09:30:00+01:00,24.639999,21.469999,22.5,18.039999,11.9,28.73,21.459999,41.5,12.0,5.04
2020-02-20 09:45:00+01:00,24.564999,21.525,22.5,18.18,12.9,28.84,21.5,40.0,12.0,5.016
2020-02-20 10:00:00+01:00,24.545,21.6,22.5,17.48,12.9,29.109999,21.51,40.0,13.0,5.016
2020-02-20 10:15:00+01:00,24.299999,21.629999,22.5,17.639999,12.9,29.599998,21.66,40.0,12.0,5.076
2020-02-20 10:30:00+01:00,24.5,21.67,22.5,16.619999,12.9,29.16,21.719999,37.5,12.0,5.076
2020-02-20 10:45:00+01:00,23.639999,21.689999,22.5,17.5,12.9,29.299999,21.559999,35.0,14.0,5.064
2020-02-20 11:00:00+01:00,23.49,21.719999,22.5,17.279999,12.9,29.609999,21.369999,35.0,13.0,5.064
2020-02-20 11:15:00+01:00,23.619999,21.84,22.5,17.039999,14.9,29.549999,21.359999,35.0,12.0,5.1
2020-02-20 11:30:00+01:00,23.76,21.949999,22.5,17.6,14.9,29.209999,21.299999,35.0,13.0,5.088
2020-02-20 11:45:00+01:00,23.994999,22.0,22.5,17.6,15.9,28.299999,21.219999,35.0,12.0,5.088
2020-02-20 12:00:00+01:00,24.019999,22.059999,22.5,17.199999,15.9,28.66,21.4,36.0,13.0,5.148
2020-02-20 12:15:00+01:00,24.664999,22.225,22.5,17.66,16.9,28.049999,21.18,37.0,13.0,5.112
2020-02-20 12:30:00+01:00,24.734999,22.334999,22.5,17.18,15.9,27.789999,20.77,35.0,12.0,5.148
2020-02-20 13:00:00+01:00,24.709999,22.465,22.5,18.059999,17.9,27.73,19.99,30.5,13.0,5.1
2020-02-20 13:15:00+01:00,24.975,22.529999,22.5,18.32,17.799999,27.65,19.629999,28.0,12.0,5.148
2020-02-20 13:30:00+01:00,24.975,22.605,22.5,18.42,17.799999,27.809999,19.539999,25.0,13.0,5.208
2020-02-20 13:45:00+01:00,25.359999,22.705,22.5,18.699999,18.799999,27.01,19.43,22.0,13.0,5.112
2020-02-20 16:15:00+01:00,27.955,23.58,23.5,21.959999,19.799999,26.08,19.33,25.0,7.0,5.124
2020-02-20 16:30:00+01:00,27.699999,23.584999,23.5,21.719999,19.799999,26.859999,19.57,25.0,13.0,5.184
2020-02-20 16:45:00+01:00,27.43,23.584999,23.5,21.619999,19.799999,26.91,19.779999,25.0,14.0,5.172
2020-02-21 06:30:00+01:00,22.699999,21.164999,22.5,17.18,8.8,31.199999,22.969999,62.0,12.0,5.028
2020-02-21 06:45:00+01:00,23.404999,21.264999,22.5,17.5,8.8,30.949999,22.689999,60.0,13.0,5.04
2020-02-21 07:00:00+01:00,24.129999,21.359999,22.5,17.6,8.8,30.789999,22.709999,62.5,12.0,5.04
2020-02-21 07:45:00+01:00,24.57,21.525,22.5,17.52,8.8,30.74,22.82,65.0,12.0,5.016
2020-02-21 08:00:00+01:00,24.539999,21.525,22.5,17.48,8.8,30.699999,22.889999,65.0,13.0,5.124
2020-02-21 08:15:00+01:00,24.539999,21.535,22.5,17.5,7.8,30.82,22.93,65.0,14.0,5.064
2020-02-21 08:30:00+01:00,24.57,21.535,22.5,17.559999,8.8,30.849998,22.969999,63.0,12.0,5.016
2020-02-21 08:45:00+01:00,24.51,21.545,22.5,17.639999,8.8,30.769999,22.969999,61.0,13.0,5.04
2020-02-21 09:00:00+01:00,24.48,21.549999,22.5,17.74,8.8,30.939999,23.049999,55.0,12.0,5.052
2020-02-21 09:15:00+01:00,24.42,21.5,22.5,17.799999,8.8,31.019999,23.289999,49.0,13.0,5.1
2020-02-21 09:30:00+01:00,24.189999,21.52,22.5,17.4,8.8,31.299999,23.369999,51.0,12.0,5.124
2020-02-21 09:45:00+01:00,24.43,21.535,22.5,17.219999,11.8,31.219999,23.41,53.0,13.0,5.076
2020-02-21 10:00:00+01:00,24.35,21.59,22.5,17.859999,9.8,31.32,23.439999,53.0,13.0,5.22
2020-02-21 10:15:00+01:00,24.59,21.705,22.5,17.74,9.8,31.209999,23.459999,53.0,12.0,5.112
2020-02-21 10:30:00+01:00,24.129999,21.789999,22.5,17.699999,11.8,31.9,23.58,48.0,14.0,5.04
2020-02-21 10:45:00+01:00,24.07,21.82,22.5,17.92,11.8,32.329998,23.779999,43.0,12.0,5.148
2020-02-21 11:00:00+01:00,24.129999,21.92,22.5,18.02,11.8,32.18,23.82,41.5,13.0,5.148
2020-02-21 11:15:00+01:00,24.125,21.92,22.5,18.02,14.8,31.58,23.76,40.0,12.0,5.148
2020-02-21 11:30:00+01:00,24.719999,21.969999,22.5,18.32,16.799999,30.99,23.6,39.0,13.0,5.136
2020-02-21 11:45:00+01:00,23.344999,22.0,22.5,17.42,16.799999,32.16,23.51,38.0,13.0,5.16
2020-02-21 12:00:00+01:00,23.455,21.969999,22.5,17.139999,16.799999,31.859999,23.559999,39.5,13.0,5.1
2020-02-21 12:15:00+01:00,23.365,22.029999,22.5,17.26,17.799999,31.92,23.58,41.0,12.0,5.136
2020-02-21 12:30:00+01:00,23.555,22.084999,22.5,17.559999,17.799999,32.610001,23.449999,39.5,14.0,5.1
2020-02-21 12:45:00+01:00,23.605,22.119999,22.5,17.0,17.799999,32.489998,23.559999,38.0,13.0,5.148
2020-02-21 13:00:00+01:00,23.73,22.189999,22.5,17.779999,17.799999,32.459999,23.609999,37.0,12.0,5.136
2020-02-21 13:15:00+01:00,24.154999,22.24,22.5,17.539999,17.799999,32.099998,23.58,36.0,13.0,5.1
2020-02-21 13:30:00+01:00,24.309999,22.285,22.5,17.5,17.799999,31.519999,23.51,34.5,13.0,5.172
2020-02-21 13:45:00+01:00,24.039999,22.33,22.5,16.92,18.799999,32.040001,23.469999,33.0,13.0,5.112
2020-02-21 14:00:00+01:00,24.139999,22.4,22.5,17.279999,18.799999,30.949999,23.119999,32.0,12.0,5.16
2020-02-21 14:15:00+01:00,23.539999,22.43,22.5,17.4,18.799999,30.559999,22.639999,31.0,14.0,5.148
2020-02-21 14:30:00+01:00,23.85,22.359999,22.5,17.76,19.799999,30.459999,22.449999,31.0,13.0,5.184
2020-02-21 14:45:00+01:00,24.17,22.389999,22.5,18.059999,19.799999,29.98,22.25,31.0,12.0,5.184
2020-02-21 15:00:00+01:00,24.019999,22.4,22.5,17.98,20.799999,29.769999,21.85,31.0,13.0,5.136
2020-02-22 06:15:00+01:00,19.059999,21.164999,22.5,17.5,8.8,40.619999,26.26,81.0,9.0,5.136
2020-02-22 06:30:00+01:00,19.57,20.945,22.5,17.84,8.8,39.939999,27.029999,84.0,12.0,5.028
2020-02-22 06:45:00+01:00,19.219999,20.885,22.5,17.48,8.8,40.639999,27.42,87.0,13.0,5.1
2020-02-22 07:00:00+01:00,19.26,20.844999,22.5,17.48,8.8,40.75,27.68,84.0,14.0,5.172
2020-02-22 07:15:00+01:00,19.365,20.824999,22.5,17.6,8.8,40.529999,27.889999,81.0,12.0,5.172
2020-02-22 07:30:00+01:00,19.5,20.795,22.5,17.639999,8.8,40.43,28.07,78.0,13.0,5.196
2020-02-22 07:45:00+01:00,19.4,20.775,22.5,17.539999,8.8,40.860001,28.18,75.0,13.0,5.148
2020-02-22 08:00:00+01:00,19.369999,20.74,22.5,17.52,8.8,40.290001,28.269999,75.0,13.0,5.256
2020-02-22 08:15:00+01:00,24.49,20.92,22.5,17.559999,8.8,34.630001,28.09,75.0,12.0,5.1
2020-02-22 08:30:00+01:00,24.76,21.295,22.5,17.639999,7.8,34.399998,27.559999,72.5,13.0,5.124
2020-02-22 08:45:00+01:00,24.865,21.455,22.5,17.76,8.8,34.040001,27.269999,70.0,14.0,5.028
2020-02-22 09:00:00+01:00,25.07,21.525,22.5,17.66,8.8,33.73,27.0,73.0,12.0,5.088
2020-02-22 09:15:00+01:00,25.135,21.59,22.5,17.48,8.8,33.619999,26.639999,76.0,13.0,5.052
2020-02-22 09:30:00+01:00,24.769999,21.609999,22.5,17.68,9.8,33.68,26.65,71.0,12.0,5.064
2020-02-22 09:45:00+01:00,24.764999,21.615,22.5,18.16,9.8,33.739998,26.639999,66.0,13.0,5.112
2020-02-22 10:00:00+01:00,24.83,21.619999,22.5,18.0,10.8,33.799999,26.639999,61.5,12.0,5.052
2020-02-22 10:15:00+01:00,24.789999,21.645,22.5,17.940001,10.8,34.07,26.74,57.0,13.0,5.136
2020-02-22 10:30:00+01:00,24.76,21.66,22.5,17.84,10.8,34.309998,26.82,57.5,12.0,5.16
2020-02-22 10:45:00+01:00,25.039999,21.689999,22.5,18.299999,11.8,34.329998,27.029999,58.0,13.0,5.136
2020-02-22 11:00:00+01:00,23.965,21.695,22.5,17.559999,12.8,35.48,27.23,60.0,14.0,5.136
2020-02-22 11:15:00+01:00,23.939999,21.645,22.5,17.02,13.8,35.649998,27.449999,62.0,12.0,5.112
2020-02-22 11:30:00+01:00,23.73,21.635,22.5,17.219999,14.8,36.099998,27.67,60.0,13.0,5.112
2020-02-22 11:45:00+01:00,23.6,21.645,22.5,17.26,14.8,36.34,27.9,58.0,13.0,5.112
2020-02-22 12:00:00+01:00,23.619999,21.67,22.5,16.959999,14.8,36.399998,28.0,56.0,13.0,5.088
2020-02-22 12:15:00+01:00,23.9,21.695,22.5,17.32,15.8,36.239998,28.129999,54.0,12.0,5.088
2020-02-22 12:30:00+01:00,24.43,21.76,22.5,17.619999,16.799999,35.649998,28.129999,52.5,13.0,5.136
2020-02-22 12:45:00+01:00,24.68,21.83,22.5,17.42,16.799999,35.43,28.059999,51.0,12.0,5.064
2020-02-22 13:00:00+01:00,24.18,21.9,22.5,17.42,17.799999,35.73,27.959999,49.0,14.0,5.124
2020-02-22 13:15:00+01:00,24.219999,21.91,22.5,17.719999,18.799999,35.969997,28.07,47.0,13.0,5.088
2020-02-22 13:30:00+01:00,24.66,21.969999,22.5,17.98,18.799999,35.66,28.15,47.0,12.0,5.136
2020-02-22 13:45:00+01:00,24.68,22.01,22.5,18.0,19.799999,35.790001,28.209999,47.0,13.0,5.112
2020-02-22 14:00:00+01:00,24.91,22.049999,22.5,17.74,20.799999,35.439999,28.25,47.0,12.0,5.064
2020-02-22 14:15:00+01:00,25.619999,22.15,22.5,18.440001,18.799999,34.989998,28.15,47.0,13.0,5.112
2020-02-22 14:30:00+01:00,24.769999,22.23,22.5,17.6,19.799999,35.75,28.139999,47.0,12.0,5.076
2020-02-22 14:45:00+01:00,25.125,22.23,22.5,18.119999,19.799999,35.630001,28.189999,47.0,13.0,5.088
2020-02-22 15:00:00+01:00,24.84,22.26,22.5,18.379999,20.799999,35.809998,28.209999,44.0,14.0,5.1
2020-02-24 04:15:00+01:00,19.275,20.4,22.5,17.76,9.9,48.02,34.029999,93.0,8.0,5.232
2020-02-24 04:30:00+01:00,19.35,20.23,22.5,17.66,9.9,47.939999,35.079998,93.0,13.0,5.148
2020-02-24 04:45:00+01:00,19.549999,20.199999,22.5,17.68,9.9,47.419998,35.639999,93.0,14.0,5.112
2020-02-24 05:00:00+01:00,19.609999,20.189999,22.5,17.699999,9.9,47.279999,35.950001,93.0,13.0,5.208
2020-02-24 05:15:00+01:00,19.549999,20.18,22.5,17.639999,9.9,47.16,36.029999,93.0,13.0,5.196
2020-02-24 05:30:00+01:00,19.559999,20.17,22.5,17.639999,8.9,46.799999,36.110001,96.5,12.0,5.136
2020-02-24 05:45:00+01:00,19.5,20.16,22.5,17.559999,8.9,47.009998,36.169998,100.0,13.0,5.172
2020-02-24 06:00:00+01:00,19.5,20.139999,22.5,17.559999,9.9,47.489998,36.299999,96.5,13.0,5.208
2020-02-24 06:15:00+01:00,21.289999,20.154999,22.5,17.459999,9.9,44.259998,36.299999,93.0,14.0,5.22
2020-02-24 06:30:00+01:00,20.965,20.25,22.5,17.48,9.9,44.649998,36.23,90.0,12.0,5.16
2020-02-24 06:45:00+01:00,22.285,20.32,22.5,17.5,9.9,43.149998,36.23,87.0,13.0,5.136
2020-02-24 07:15:00+01:00,23.295,20.645,22.5,17.26,8.9,40.799999,35.700001,87.0,12.0,5.148
2020-02-24 07:30:00+01:00,24.139999,20.744999,22.5,17.699999,8.9,40.25,35.469997,87.0,13.0,5.184
2020-02-24 07:45:00+01:00,24.539999,20.844999,22.5,17.74,8.9,39.709999,35.309998,87.0,13.0,5.184
2020-02-24 08:00:00+01:00,24.869999,20.914999,22.5,17.799999,8.9,39.349998,35.149998,87.0,14.0,5.124
2020-02-24 08:15:00+01:00,24.769999,21.004999,22.5,17.9,8.9,39.309998,35.049999,87.0,12.0,5.148
2020-02-24 08:30:00+01:00,24.965,21.045,22.5,17.92,8.9,38.700001,34.91,87.0,13.0,5.172
2020-02-24 08:45:00+01:00,24.699999,21.074999,22.5,17.379999,9.9,38.73,34.739998,87.0,13.0,5.148
2020-02-24 09:00:00+01:00,25.049999,21.094999,22.5,17.959999,8.9,38.549999,34.829998,87.0,12.0,5.064
2020-02-24 09:30:00+01:00,25.014999,21.164999,22.5,17.879999,10.9,39.34,35.099998,81.5,13.0,5.16
2020-02-24 09:45:00+01:00,24.76,21.154999,22.5,17.699999,12.9,39.629997,35.360001,76.0,12.0,5.148
2020-02-24 10:00:00+01:00,24.769999,21.205,22.5,18.0,12.9,40.110001,35.709999,71.5,14.0,5.1
2020-02-24 10:15:00+01:00,24.625,21.285,22.5,18.1,12.9,40.529999,35.919998,67.0,13.0,5.124
2020-02-24 10:30:00+01:00,24.914999,21.375,22.5,18.18,14.9,40.66,36.32,67.0,13.0,5.184
2020-02-24 10:45:00+01:00,24.65,21.545,22.5,18.1,15.9,41.57,36.59,67.0,12.0,5.184
2020-02-24 11:00:00+01:00,24.449999,21.695,22.5,17.639999,16.9,42.309998,36.809998,65.0,13.0,5.148
2020-02-24 11:15:00+01:00,24.73,21.799999,22.5,18.0,17.9,41.899998,37.040001,63.0,13.0,5.196
2020-02-24 11:30:00+01:00,24.355,21.82,22.5,17.18,17.9,42.309998,37.200001,59.0,14.0,5.184
2020-02-24 11:45:00+01:00,23.859999,21.98,22.5,17.299999,18.9,42.849998,37.130001,55.0,12.0,5.16
2020-02-24 12:00:00+01:00,23.9,22.029999,22.5,17.26,18.9,42.989998,37.139999,53.5,13.0,5.184
2020-02-24 12:15:00+01:00,24.055,22.109999,22.5,17.539999,19.9,42.809998,37.040001,52.0,13.0,5.232
2020-02-24 12:30:00+01:00,24.449999,22.189999,22.5,17.940001,20.9,42.41,36.959999,48.5,13.0,5.208
2020-02-24 12:45:00+01:00,24.625,22.254999,22.5,18.119999,20.9,42.399998,36.93,45.0,13.0,5.232
2020-02-24 13:00:00+01:00,25.369999,22.385,22.5,18.279999,21.9,41.719997,36.919998,40.0,12.0,5.244
2020-02-24 13:15:00+01:00,25.539999,22.49,22.5,18.52,21.9,41.77,36.950001,35.0,14.0,5.22
2020-02-24 13:30:00+01:00,25.914999,22.65,22.5,19.039999,21.9,41.860001,37.040001,33.0,13.0,5.268
2020-02-24 13:45:00+01:00,26.365,22.754999,22.5,19.58,22.9,41.619999,37.259998,31.0,13.0,5.232
2020-02-24 14:00:00+01:00,26.779999,22.855,22.5,20.32,23.9,41.09,37.290001,32.0,13.0,5.22
2020-02-24 14:15:00+01:00,27.0,23.014999,22.5,20.539999,24.9,40.669998,37.110001,33.0,13.0,5.256
2020-02-24 14:30:00+01:00,27.389999,23.184999,22.5,21.02,24.9,39.959999,36.899998,33.0,14.0,5.268
2020-02-24 14:45:00+01:00,28.769999,23.404999,22.5,22.459999,25.9,38.25,36.469997,33.0,12.0,5.22
2020-02-24 15:00:00+01:00,29.25,23.635,23.5,22.98,25.9,37.700001,35.989998,33.0,14.0,5.16
2020-02-24 15:15:00+01:00,28.465,23.764999,23.5,22.32,24.9,37.189999,35.439999,33.0,12.0,5.184
2020-02-24 15:30:00+01:00,27.424999,23.764999,23.5,21.9,24.9,38.559998,35.040001,33.0,13.0,5.208
2020-02-24 15:45:00+01:00,26.484999,23.73,23.5,21.719999,24.9,40.759998,35.279999,33.0,13.0,5.172
2020-02-24 16:00:00+01:00,26.084999,23.715,23.5,21.68,24.9,40.540001,35.360001,32.0,14.0,5.22
2020-02-24 16:15:00+01:00,25.324999,23.619999,23.5,22.02,24.9,41.18,35.18,31.0,12.0,5.208
2020-02-24 16:30:00+01:00,25.07,23.514999,23.5,22.1,24.9,41.439999,35.27,34.5,14.0,5.22
2020-02-24 16:45:00+01:00,25.039999,23.475,23.5,22.1,24.9,41.399998,35.309998,38.0,13.0,5.208
2020-02-24 17:00:00+01:00,25.15,23.424999,23.5,22.139999,23.9,41.290001,35.309998,40.5,12.0,5.208
2020-02-24 17:15:00+01:00,25.805,23.445,23.5,22.18,23.9,40.889999,35.369999,43.0,13.0,5.22
2020-02-24 17:30:00+01:00,25.605,23.549999,23.5,21.719999,23.9,40.77,35.110001,43.0,14.0,5.148
2020-02-24 17:45:00+01:00,25.514999,23.525,23.5,21.639999,22.9,40.57,35.040001,43.0,13.0,5.184
2020-02-24 18:00:00+01:00,25.449999,23.514999,23.5,23.0,21.9,40.610001,34.939999,42.5,12.0,5.22
2020-02-24 18:15:00+01:00,25.475,23.455,23.5,23.1,21.9,40.57,35.0,42.0,13.0,5.16
2020-02-24 18:30:00+01:00,25.539999,23.424999,23.5,23.059999,20.9,40.469997,34.939999,46.5,13.0,5.172
2020-02-24 18:45:00+01:00,25.799999,23.41,23.5,23.0,19.9,40.34,34.91,51.0,13.0,5.184
2020-02-26 06:15:00+01:00,18.949999,21.35,22.5,17.0,11.9,38.739998,35.68,43.0,9.0,5.172
2020-02-26 06:30:00+01:00,18.65,21.094999,22.5,17.08,11.9,38.349998,33.619999,41.5,13.0,5.16
2020-02-26 06:45:00+01:00,18.565001,21.004999,22.5,16.959999,11.9,38.239998,32.099998,40.0,13.0,5.196
2020-02-26 07:00:00+01:00,18.594999,20.934999,22.5,17.48,11.9,38.739998,31.0,36.0,13.0,5.184
2020-02-26 07:15:00+01:00,18.75,20.895,22.5,17.32,11.9,37.610001,30.26,32.0,13.0,5.244
2020-02-26 07:30:00+01:00,18.91,20.869999,22.5,16.9,11.9,36.880001,29.67,33.0,12.0,5.136
2020-02-26 07:45:00+01:00,19.184999,20.844999,22.5,16.9,11.9,36.549999,29.099998,34.0,14.0,5.184
2020-02-26 08:00:00+01:00,19.264999,20.84,22.5,17.26,11.9,36.399998,28.76,34.5,13.0,5.184
2020-02-26 08:15:00+01:00,24.555,21.004999,22.5,17.559999,11.9,30.23,27.43,35.0,13.0,5.208
2020-02-26 08:30:00+01:00,24.635,21.334999,22.5,17.52,10.9,29.24,26.08,31.5,13.0,5.136
2020-02-26 08:45:00+01:00,24.119999,21.455,22.5,17.039999,10.9,28.719999,25.059999,28.0,12.0,5.148
2020-02-26 09:00:00+01:00,24.314999,21.494999,22.5,17.24,10.9,27.73,24.35,28.0,13.0,5.16
2020-02-26 09:15:00+01:00,24.279999,21.525,22.5,17.42,11.9,27.33,24.08,28.0,12.0,5.148
2020-02-26 09:30:00+01:00,24.23,21.555,22.5,17.459999,13.9,26.619999,23.049999,28.0,14.0,5.196
2020-02-26 09:45:00+01:00,24.154999,21.654999,22.5,17.619999,14.9,26.879999,22.779999,28.0,13.0,5.172
2020-02-26 10:00:00+01:00,24.129999,21.754999,22.5,17.74,14.9,26.5,22.199999,29.0,13.0,5.184
2020-02-26 10:15:00+01:00,24.644999,21.844999,22.5,17.299999,14.9,25.99,21.85,30.0,12.0,5.184
2020-02-26 10:30:00+01:00,24.439999,22.01,22.5,17.58,14.9,26.17,21.35,29.5,13.0,5.088
2020-02-26 10:45:00+01:00,24.439999,22.08,22.5,16.98,16.9,26.139999,21.23,29.0,13.0,5.112
2020-02-26 11:00:00+01:00,24.359999,22.199999,22.5,17.559999,15.9,26.15,20.699999,28.5,12.0,5.244
2020-02-26 11:15:00+01:00,24.109999,22.25,22.5,17.619999,14.9,27.09,20.699999,28.0,14.0,5.196
2020-02-26 11:30:00+01:00,24.35,22.269999,22.5,18.119999,14.9,27.49,20.85,30.0,13.0,5.172
2020-02-26 11:45:00+01:00,24.34,22.4,22.5,17.66,14.8,27.74,20.859999,32.0,13.0,5.316
2020-02-26 12:00:00+01:00,24.34,22.564999,22.5,16.799999,14.8,27.33,20.799999,32.5,13.0,5.172
2020-02-26 12:15:00+01:00,24.309999,22.705,22.5,16.940001,14.8,27.269999,20.58,33.0,12.0,5.16
2020-02-26 12:30:00+01:00,24.625,22.795,22.5,17.299999,14.8,26.059999,20.279999,32.5,13.0,5.148
2020-02-26 12:45:00+01:00,24.6,22.904999,22.5,17.76,15.8,26.139999,19.869999,32.0,14.0,5.16
2020-02-26 13:00:00+01:00,24.91,23.025,22.5,17.9,14.8,25.709999,19.689999,31.0,13.0,5.196
2020-02-26 13:15:00+01:00,23.885,23.115,22.5,17.359999,14.8,26.189999,19.379999,30.0,12.0,5.244
2020-02-26 13:30:00+01:00,23.85,23.125,22.5,17.32,14.8,26.619999,19.309999,33.5,13.0,5.172
2020-02-26 13:45:00+01:00,23.965,23.154999,22.5,17.52,14.8,26.039999,18.98,37.0,13.0,5.28
2020-02-26 14:00:00+01:00,23.83,23.154999,22.5,17.32,14.8,26.859999,18.82,34.5,13.0,5.232
2020-02-26 14:15:00+01:00,24.029999,23.154999,22.5,17.76,12.6,28.58,19.219999,32.0,14.0,5.22
2020-02-26 14:30:00+01:00,24.564999,23.15,22.5,17.940001,11.6,30.179998,20.09,30.0,12.0,5.292
2020-02-26 14:45:00+01:00,24.754999,23.074999,22.5,17.219999,11.6,29.879999,20.889999,28.0,13.0,5.184
2020-02-26 15:00:00+01:00,24.379999,23.144999,22.5,17.0,11.6,29.769999,21.32,28.0,13.0,5.208
2020-02-26 15:15:00+01:00,24.045,23.174999,22.5,17.66,12.6,29.059999,21.16,28.0,13.0,5.22
2020-02-26 15:30:00+01:00,24.434999,23.195,22.5,17.48,12.6,28.67,21.119999,26.0,13.0,5.268
2020-02-26 15:45:00+01:00,24.4,23.305,22.5,16.799999,12.6,27.549999,20.5,24.0,14.0,5.172
2020-02-26 16:00:00+01:00,24.365,23.305,22.5,16.879999,12.6,27.099998,20.059999,24.0,12.0,5.172
2020-02-26 16:15:00+01:00,24.459999,23.344999,22.5,17.1,12.6,26.969999,19.66,24.0,13.0,5.148
2020-02-26 16:30:00+01:00,24.375,23.32,22.5,17.440001,12.6,26.9,19.59,24.0,13.0,5.232
2020-02-26 16:45:00+01:00,24.375,23.305,22.5,17.299999,12.6,26.83,19.43,24.0,13.0,5.16
2020-02-26 17:00:00+01:00,24.439999,23.275,22.5,17.32,12.6,26.519999,19.309999,30.5,13.0,5.196
2020-02-26 17:15:00+01:00,24.279999,23.275,22.5,17.4,12.6,26.15,19.07,37.0,12.0,5.196
2020-02-26 17:30:00+01:00,24.33,23.285,22.5,16.74,12.6,25.98,18.719999,40.0,14.0,5.208
2020-02-26 17:45:00+01:00,24.459999,23.254999,22.5,17.0,12.6,25.65,18.52,43.0,13.0,5.196
2020-02-26 18:00:00+01:00,24.279999,23.234999,22.5,16.84,12.6,26.049999,18.27,36.0,13.0,5.16
2020-02-26 18:15:00+01:00,24.32,23.184999,22.5,16.74,11.6,25.269999,18.109999,29.0,13.0,5.148
2020-02-26 18:30:00+01:00,24.33,23.154999,22.5,16.76,10.6,25.199999,17.83,29.0,12.0,5.124
2020-02-26 18:45:00+01:00,24.254999,23.164999,22.5,17.359999,10.6,25.039999,17.459999,29.0,13.0,5.172
2020-02-26 19:00:00+01:00,23.635,23.115,22.5,17.440001,9.6,26.41,17.359999,32.5,14.0,5.196
2020-02-26 19:15:00+01:00,23.619999,23.004999,22.5,16.76,9.6,26.359999,17.58,36.0,13.0,5.136
2020-02-26 19:30:00+01:00,23.859999,22.894999,22.5,16.959999,9.6,25.379999,17.66,31.5,12.0,5.076
2020-02-26 19:45:00+01:00,23.769999,22.834999,22.5,16.9,9.6,25.459999,17.6,27.0,13.0,5.148
2020-02-26 20:00:00+01:00,23.834999,22.76,22.5,16.859999,9.6,25.629999,17.6,28.0,13.0,5.1
2020-02-27 06:15:00+01:00,20.91,21.105,22.5,17.440001,9.6,28.4,22.57,51.0,10.0,5.16
2020-02-27 06:30:00+01:00,20.684999,21.02,22.5,17.42,8.6,27.92,21.42,47.5,13.0,5.172
2020-02-27 06:45:00+01:00,20.555,20.939999,22.5,17.32,8.6,27.82,20.58,44.0,12.0,5.136
2020-02-27 07:00:00+01:00,20.799999,20.904999,22.5,17.199999,8.6,27.66,20.059999,47.5,13.0,5.136
2020-02-27 07:15:00+01:00,21.15,20.895,22.5,16.959999,8.6,27.389999,19.709999,51.0,13.0,5.124
2020-02-27 07:30:00+01:00,21.289999,20.904999,22.5,17.0,7.6,27.49,19.459999,53.0,14.0,5.148
2020-02-27 07:45:00+01:00,21.664999,20.904999,22.5,17.139999,7.6,27.049999,19.279999,55.0,12.0,5.1
2020-02-27 08:00:00+01:00,22.17,20.945,22.5,17.219999,7.6,26.779999,19.049999,51.5,13.0,5.088
2020-02-27 08:15:00+01:00,25.455,21.24,22.5,18.1,7.6,24.4,18.359999,48.0,13.0,5.088
2020-02-27 08:30:00+01:00,25.064999,21.445,22.5,17.959999,7.6,24.459999,17.969999,45.0,12.0,5.184
2020-02-27 08:45:00+01:00,25.234999,21.49,22.5,17.9,7.6,24.369999,17.85,42.0,13.0,5.16
2020-02-27 09:00:00+01:00,25.434999,21.52,22.5,17.959999,7.6,24.66,17.91,42.0,12.0,5.124
2020-02-27 09:15:00+01:00,25.445,21.539999,22.5,18.039999,7.6,25.789999,18.299999,42.0,13.0,5.088
2020-02-27 09:30:00+01:00,25.359999,21.545,22.5,18.119999,9.6,25.779999,18.459999,43.5,12.0,5.1
2020-02-27 09:45:00+01:00,25.219999,21.609999,22.5,18.18,10.6,25.629999,18.539999,45.0,14.0,5.136
2020-02-27 10:00:00+01:00,25.07,21.705,22.5,18.26,9.6,25.49,18.51,45.5,13.0,5.112
2020-02-27 10:15:00+01:00,24.26,21.779999,22.5,17.02,9.6,25.559999,18.469999,46.0,12.0,5.148
2020-02-27 10:30:00+01:00,24.365,21.889999,22.5,17.34,10.6,25.51,18.49,44.5,13.0,5.112
2020-02-27 10:45:00+01:00,24.865,22.01,22.5,17.9,9.6,25.049999,18.18,43.0,12.0,5.136
2020-02-27 11:00:00+01:00,24.76,22.08,22.5,18.199999,11.6,25.269999,18.109999,38.5,13.0,5.1
2020-02-27 11:15:00+01:00,24.535,22.139999,22.5,17.92,11.6,25.58,17.98,34.0,13.0,5.124
2020-02-27 11:30:00+01:00,24.574999,22.199999,22.5,18.059999,11.6,25.68,18.0,30.5,12.0,5.148
2020-02-27 11:45:00+01:00,23.965,22.219999,22.5,17.18,12.6,25.66,17.959999,27.0,14.0,5.1
2020-02-27 12:00:00+01:00,23.85,22.23,22.5,17.4,13.6,25.549999,17.84,28.5,13.0,5.196
2020-02-27 12:15:00+01:00,23.98,22.269999,22.5,17.18,13.6,25.4,17.690001,30.0,13.0,5.16
2020-02-27 12:30:00+01:00,24.109999,22.309999,22.5,17.32,14.6,24.91,17.529999,27.0,12.0,5.16
2020-02-27 12:45:00+01:00,24.07,22.375,22.5,17.719999,14.4,24.549999,17.34,24.0,13.0,5.172
2020-02-27 13:00:00+01:00,23.98,22.49,22.5,17.02,15.4,24.209999,16.82,25.0,13.0,5.184
2020-02-27 13:15:00+01:00,23.959999,22.605,22.5,17.16,14.4,24.57,16.65,26.0,14.0,5.16
2020-02-27 13:30:00+01:00,24.625,22.695,22.5,17.619999,14.4,23.84,16.369999,25.5,12.0,5.172
2020-02-27 13:45:00+01:00,24.574999,22.795,22.5,16.940001,15.4,23.859999,16.17,25.0,13.0,5.172
2020-02-27 14:00:00+01:00,24.9,22.855,22.5,17.639999,17.4,23.969999,16.1,24.5,13.0,5.208
2020-02-27 14:15:00+01:00,24.59,22.865,22.5,17.6,16.4,24.139999,16.1,24.0,12.0,5.208
2020-02-27 14:30:00+01:00,24.25,22.894999,22.5,17.5,16.299999,24.299999,16.139999,28.0,14.0,5.304
2020-02-27 14:45:00+01:00,24.439999,22.904999,22.5,18.219999,15.2,24.65,16.109999,32.0,12.0,5.22
2020-02-27 15:00:00+01:00,24.084999,22.82,22.5,17.219999,15.2,24.34,16.02,37.5,14.0,5.196
2020-02-27 15:15:00+01:00,24.65,22.879999,22.5,17.16,15.3,24.199999,16.109999,43.0,13.0,5.244
2020-02-27 15:30:00+01:00,24.24,22.879999,22.5,17.32,13.3,24.18,15.95,50.0,13.0,5.208
2020-02-27 15:45:00+01:00,24.6,22.865,22.5,17.0,13.3,23.969999,16.17,57.0,13.0,5.232
2020-02-27 16:00:00+01:00,24.414999,22.934999,22.5,17.199999,12.3,25.269999,16.199999,69.0,12.0,5.172
2020-02-27 16:15:00+01:00,24.529999,22.939999,22.5,17.4,12.3,26.08,16.619999,81.0,13.0,5.292
2020-02-27 16:30:00+01:00,24.35,22.945,22.5,17.379999,11.3,28.529999,17.41,78.5,14.0,5.184
2020-02-27 16:45:00+01:00,23.764999,22.93,22.5,16.9,10.3,31.189999,18.719999,76.0,13.0,5.172
2020-02-27 17:00:00+01:00,24.01,22.924999,22.5,17.0,11.3,30.889999,19.689999,76.0,13.0,5.172
2020-02-27 17:15:00+01:00,23.904999,22.934999,22.5,17.279999,10.3,31.629999,20.43,76.0,13.0,5.028
2020-02-27 17:30:00+01:00,24.225,22.894999,22.5,17.440001,9.3,32.849998,21.549999,73.0,12.0,5.184
2020-02-27 18:00:00+01:00,24.07,22.934999,22.5,17.32,9.3,33.399998,22.66,70.0,14.0,5.196
2020-02-27 18:15:00+01:00,23.939999,22.93,22.5,17.34,8.3,33.59,23.059999,70.0,13.0,5.184
2020-02-27 18:30:00+01:00,24.129999,22.885,22.5,16.9,9.3,33.77,23.449999,68.0,12.0,5.172
2020-02-27 18:45:00+01:00,24.289999,22.865,22.5,16.9,9.3,33.919998,23.91,66.0,13.0,5.184
2020-02-27 19:00:00+01:00,24.139999,22.785,22.5,17.6,9.3,33.689999,24.019999,68.0,13.0,5.184
2020-02-27 19:15:00+01:00,24.125,22.725,22.5,17.119999,10.3,33.899998,24.15,70.0,12.0,5.148
2020-02-27 19:30:00+01:00,24.35,22.715,22.5,16.84,9.2,33.57,24.299999,70.0,13.0,5.064
2020-02-27 19:45:00+01:00,24.449999,22.674999,22.5,17.559999,9.2,33.0,24.209999,70.0,14.0,5.076
2020-02-27 20:00:00+01:00,24.289999,22.629999,22.5,16.98,9.2,33.040001,24.139999,73.0,13.0,5.16
2020-02-28 06:15:00+01:00,22.244999,21.094999,22.5,17.719999,8.3,30.99,24.219999,56.0,9.0,5.064
2020-02-28 06:30:00+01:00,23.469999,21.105,22.5,17.32,7.3,29.279999,23.25,56.0,14.0,5.028
2020-02-28 06:45:00+01:00,23.939999,21.215,22.5,17.68,8.3,28.75,22.629999,56.0,12.0,5.076
2020-02-28 07:00:00+01:00,24.764999,21.314999,22.5,17.68,9.3,26.93,21.67,52.0,13.0,5.088
2020-02-28 07:15:00+01:00,24.865,21.41,22.5,17.68,9.3,25.32,20.5,48.0,12.0,5.112
2020-02-28 07:30:00+01:00,25.119999,21.469999,22.5,17.42,9.3,24.59,19.639999,48.0,13.0,5.136
2020-02-28 07:45:00+01:00,25.16,21.52,22.5,17.76,9.3,24.439999,19.139999,48.0,13.0,5.088
2020-02-28 08:00:00+01:00,25.144999,21.545,22.5,18.1,9.3,24.48,18.690001,46.5,12.0,5.112
2020-02-28 08:15:00+01:00,24.904999,21.549999,22.5,17.639999,9.3,26.789999,19.17,45.0,13.0,5.112
2020-02-28 08:30:00+01:00,25.039999,21.539999,22.5,17.299999,9.3,27.879999,20.01,47.0,14.0,5.1
2020-02-28 08:45:00+01:00,24.764999,21.539999,22.5,17.6,9.3,28.139999,20.27,49.0,12.0,5.088
2020-02-28 09:00:00+01:00,24.615,21.52,22.5,17.58,9.3,28.33,20.559999,46.0,13.0,5.1
2020-02-28 09:15:00+01:00,24.59,21.51,22.5,17.559999,9.3,28.51,20.83,43.0,12.0,5.088
2020-02-28 09:30:00+01:00,24.709999,21.49,22.5,17.76,12.3,27.849998,20.619999,41.5,13.0,5.112
2020-02-28 09:45:00+01:00,24.539999,21.539999,22.5,17.879999,12.3,27.599998,20.559999,40.0,13.0,5.052
2020-02-28 10:00:00+01:00,24.664999,21.619999,22.5,17.58,12.3,27.26,20.32,36.0,12.0,5.148
2020-02-28 10:15:00+01:00,24.719999,21.689999,22.5,17.9,13.3,27.26,20.18,32.0,13.0,5.16
2020-02-28 10:45:00+01:00,24.91,22.014999,22.5,18.08,14.3,26.519999,19.689999,28.0,12.0,5.148
2020-02-28 11:15:00+01:00,25.014999,22.189999,22.5,17.84,16.299999,25.779999,19.219999,26.0,13.0,5.172
2020-02-28 11:30:00+01:00,24.994999,22.25,22.5,17.559999,16.299999,25.459999,18.789999,26.0,12.0,5.1
2020-02-28 11:45:00+01:00,25.029999,22.309999,22.5,17.84,17.299999,25.49,18.51,26.0,13.0,5.16
2020-02-28 12:00:00+01:00,24.719999,22.389999,22.5,17.58,17.299999,25.99,18.41,26.0,12.0,5.172
2020-02-28 12:15:00+01:00,24.779999,22.449999,22.5,17.940001,18.299999,25.959999,18.369999,26.0,13.0,5.136
2020-02-28 12:30:00+01:00,24.484999,22.549999,22.5,18.08,18.299999,25.689999,18.139999,23.5,14.0,5.124
2020-02-28 12:45:00+01:00,24.68,22.559999,22.5,17.32,19.299999,25.459999,17.869999,21.0,13.0,5.1
2020-02-28 13:00:00+01:00,24.59,22.65,22.5,17.02,19.299999,25.33,17.67,21.5,13.0,5.148
2020-02-28 13:15:00+01:00,24.469999,22.725,22.5,17.639999,19.299999,25.24,17.48,22.0,12.0,5.16
2020-02-28 13:30:00+01:00,24.459999,22.795,22.5,17.66,20.299999,24.619999,17.199999,20.5,13.0,5.148
2020-02-28 13:45:00+01:00,24.34,22.855,22.5,17.42,20.299999,23.09,16.74,19.0,13.0,5.148
2020-02-28 14:00:00+01:00,23.859999,22.934999,22.5,17.48,19.299999,24.01,16.27,19.5,14.0,5.196
2020-02-28 14:15:00+01:00,24.189999,22.959999,22.5,17.84,20.299999,23.4,15.91,20.0,12.0,5.22
2020-02-28 14:30:00+01:00,24.09,23.045,22.5,17.68,20.299999,23.549999,15.69,20.5,13.0,5.196
2020-02-28 14:45:00+01:00,24.084999,23.135,22.5,17.74,18.299999,23.83,15.49,21.0,13.0,5.184
2020-02-28 15:00:00+01:00,24.684999,23.135,22.5,17.799999,19.299999,24.189999,15.719999,21.0,13.0,5.232
2020-02-28 15:15:00+01:00,24.51,23.209999,22.5,17.32,19.299999,23.5,15.66,21.0,13.0,5.172
2020-02-28 15:30:00+01:00,24.32,23.254999,22.5,17.16,19.299999,23.449999,15.5,20.5,14.0,5.184
2020-02-28 15:45:00+01:00,24.394999,23.305,22.5,17.26,19.299999,23.559999,15.429999,20.0,13.0,5.232
2020-02-28 16:00:00+01:00,24.619999,23.305,22.5,17.639999,18.299999,23.6,15.429999,20.0,12.0,5.256
2020-02-28 16:15:00+01:00,24.904999,23.394999,22.5,17.879999,18.299999,23.559999,15.52,20.0,13.0,5.184
2020-02-28 16:30:00+01:00,24.59,23.404999,22.5,17.639999,18.299999,23.67,15.36,20.5,13.0,5.22
2020-02-28 16:45:00+01:00,24.635,23.404999,22.5,18.299999,19.299999,23.6,15.429999,21.0,13.0,5.208
2020-02-28 17:00:00+01:00,24.559999,23.375,22.5,18.299999,19.299999,23.709999,15.429999,23.5,14.0,5.184
2020-02-28 17:15:00+01:00,24.719999,23.334999,22.5,18.5,19.299999,23.639999,15.5,26.0,12.0,5.214
2020-02-28 17:30:00+01:00,24.68,23.324999,22.5,18.42,19.299999,23.6,15.71,28.0,14.0,5.244
2020-02-28 17:45:00+01:00,24.51,23.324999,22.5,17.6,18.299999,23.82,15.62,30.0,12.0,5.268
2020-02-28 18:00:00+01:00,24.264999,23.264999,22.5,17.379999,17.299999,23.85,15.66,27.0,13.0,5.22
2020-02-28 18:15:00+01:00,24.25,23.209999,22.5,17.26,17.299999,23.83,15.61,24.0,13.0,5.184
2020-02-28 18:30:00+01:00,24.189999,23.184999,22.5,17.18,16.299999,23.939999,15.65,26.0,14.0,5.172
2020-02-28 18:45:00+01:00,24.48,23.164999,22.5,17.359999,15.3,23.799999,15.53,28.0,13.0,5.172
2020-02-28 19:00:00+01:00,24.264999,23.135,22.5,17.699999,14.3,23.779999,15.45,27.0,12.0,5.148
2020-02-28 19:15:00+01:00,23.584999,23.035,22.5,17.359999,14.3,24.18,15.53,26.0,13.0,5.172
2020-02-28 19:30:00+01:00,23.615,22.939999,22.5,17.26,14.3,24.109999,15.4,26.0,13.0,5.148
2020-02-28 19:45:00+01:00,23.67,22.855,22.5,17.219999,13.3,24.18,15.38,26.0,13.0,5.136
2020-02-28 20:00:00+01:00,23.68,22.779999,22.5,17.18,12.3,24.139999,15.38,31.5,12.0,5.136
2020-02-29 06:15:00+01:00,19.23,21.184999,22.5,17.76,7.3,33.139999,20.889999,56.0,9.0,5.208
2020-02-29 06:30:00+01:00,19.459999,20.99,22.5,17.68,8.3,32.489998,20.869999,54.0,13.0,5.148
2020-02-29 06:45:00+01:00,19.369999,20.924999,22.5,17.6,9.3,32.329998,20.73,52.0,12.0,5.04
2020-02-29 07:15:00+01:00,19.4,20.855,22.5,17.52,8.3,32.719997,20.73,56.0,13.0,5.232
2020-02-29 07:30:00+01:00,19.299999,20.82,22.5,17.4,8.3,32.77,20.83,56.0,13.0,5.172
2020-02-29 07:45:00+01:00,19.244999,20.775,22.5,17.359999,8.3,33.169998,20.799999,56.0,13.0,5.172
2020-02-29 08:00:00+01:00,19.23,20.744999,22.5,17.379999,8.3,33.02,20.879999,60.5,12.0,5.22
2020-02-29 08:15:00+01:00,24.664999,20.914999,22.5,17.459999,8.3,28.049999,20.66,65.0,13.0,5.076
2020-02-29 08:30:00+01:00,25.09,21.305,22.5,17.74,7.3,28.01,20.369999,63.0,14.0,5.184
2020-02-29 09:00:00+01:00,25.105,21.555,22.5,17.699999,9.3,28.23,20.32,61.0,13.0,5.16
2020-02-29 09:15:00+01:00,25.225,21.619999,22.5,17.32,9.4,27.869999,20.25,61.0,13.0,5.124
2020-02-29 09:30:00+01:00,25.17,21.66,22.5,17.879999,10.4,27.599998,20.1,52.0,12.0,5.184
2020-02-29 09:45:00+01:00,25.195,21.689999,22.5,17.559999,10.4,27.5,19.98,43.0,13.0,5.136
2020-02-29 10:00:00+01:00,25.205,21.719999,22.5,17.799999,10.4,27.459999,19.859999,44.5,13.0,5.124
2020-02-29 10:15:00+01:00,24.92,21.75,22.5,17.699999,10.4,28.15,19.939999,46.0,12.0,5.148
2020-02-29 10:30:00+01:00,24.889999,21.74,22.5,17.799999,11.4,28.23,20.139999,42.0,14.0,5.172
2020-02-29 10:45:00+01:00,25.08,21.754999,22.5,17.940001,11.4,27.539999,19.939999,38.0,12.0,5.124
2020-02-29 11:00:00+01:00,24.865,21.779999,22.5,18.059999,12.4,27.699999,19.859999,34.0,13.0,5.064
2020-02-29 11:15:00+01:00,24.715,21.789999,22.5,18.039999,12.4,26.82,19.42,30.0,13.0,5.16
2020-02-29 11:30:00+01:00,24.625,21.779999,22.5,18.02,14.4,25.82,18.949999,32.0,13.0,5.172
2020-02-29 11:45:00+01:00,24.375,21.779999,22.5,18.0,16.4,25.83,18.549999,34.0,13.0,5.064
2020-02-29 12:00:00+01:00,24.539999,21.789999,22.5,17.52,15.4,26.639999,18.58,33.0,12.0,5.148
2020-02-29 12:15:00+01:00,24.615,21.83,22.5,17.279999,16.4,26.019999,18.41,32.0,14.0,5.052
2020-02-29 12:30:00+01:00,23.934999,21.934999,22.5,17.379999,17.4,26.51,18.33,31.0,12.0,5.148
2020-02-29 12:45:00+01:00,24.209999,21.975,22.5,17.42,16.4,26.369999,18.26,30.0,13.0,5.148
2020-02-29 13:00:00+01:00,24.254999,22.01,22.5,17.18,15.4,26.09,18.139999,31.0,13.0,5.148
2020-02-29 13:15:00+01:00,24.279999,22.01,22.5,17.139999,15.4,26.4,18.109999,32.0,13.0,5.148
2020-02-29 13:30:00+01:00,24.789999,22.029999,22.5,17.440001,15.4,26.199999,18.109999,32.5,13.0,5.112
2020-02-29 13:45:00+01:00,24.615,22.039999,22.5,17.18,14.3,26.459999,18.139999,33.0,12.0,5.148
2020-02-29 14:00:00+01:00,24.629999,22.029999,22.5,16.92,16.299999,26.58,18.219999,34.0,14.0,5.148
2020-02-29 14:15:00+01:00,24.625,22.039999,22.5,17.1,16.299999,26.65,18.27,35.0,13.0,5.124
2020-02-29 14:30:00+01:00,24.879999,22.039999,22.5,17.799999,16.299999,26.949999,18.459999,34.0,12.0,5.04
2020-02-29 14:45:00+01:00,24.939999,22.09,22.5,18.24,18.299999,27.019999,18.58,33.0,13.0,5.148
2020-02-29 15:00:00+01:00,25.17,22.18,22.5,18.5,18.299999,27.23,18.74,34.0,13.0,5.124
2020-03-02 04:15:00+01:00,18.77,20.039999,22.5,17.02,7.1,42.349998,29.119999,100.0,10.0,5.256
2020-03-02 04:30:00+01:00,18.674999,19.85,22.5,16.799999,8.1,42.93,30.049999,100.0,12.0,5.256
2020-03-02 04:45:00+01:00,18.66,19.789999,22.5,16.799999,8.1,42.959999,30.519999,100.0,13.0,5.232
2020-03-02 05:00:00+01:00,18.609999,19.74,22.5,16.699999,7.1,42.369999,30.789999,96.5,13.0,5.232
2020-03-02 05:15:00+01:00,18.484999,19.719999,22.5,16.58,6.1,42.759998,30.83,93.0,14.0,5.22
2020-03-02 05:30:00+01:00,18.440001,19.68,22.5,16.52,7.1,42.779999,30.869999,93.0,13.0,5.232
2020-03-02 05:45:00+01:00,18.440001,19.66,22.5,16.52,7.1,42.779999,30.99,93.0,12.0,5.196
2020-03-02 06:00:00+01:00,18.344999,19.625,22.5,16.48,7.1,43.219997,31.179998,93.0,13.0,5.232
2020-03-02 06:15:00+01:00,22.875,19.709999,22.5,19.119999,7.1,37.169998,31.219999,93.0,13.0,5.244
2020-03-02 06:30:00+01:00,21.6,19.969999,22.5,18.1,8.1,38.799999,30.859999,93.0,13.0,5.22
2020-03-02 06:45:00+01:00,22.375,20.035,22.5,18.119999,7.1,37.629997,30.699999,93.0,14.0,5.232
2020-03-02 07:00:00+01:00,23.139999,20.154999,22.5,17.92,4.9,36.93,30.599998,93.0,13.0,5.16
2020-03-02 07:15:00+01:00,23.35,20.275,22.5,17.66,5.9,37.040001,30.65,93.0,12.0,5.196
2020-03-02 07:30:00+01:00,23.699999,20.355,22.5,17.76,6.9,37.049999,30.799999,93.0,13.0,5.112
2020-03-02 07:45:00+01:00,24.049999,20.42,22.5,17.74,6.9,36.889999,30.799999,93.0,13.0,5.172
2020-03-02 08:00:00+01:00,24.324999,20.504999,22.5,17.52,6.9,36.709999,30.9,93.0,12.0,5.16
2020-03-02 08:30:00+01:00,25.154999,20.654999,22.5,17.699999,9.0,36.25,31.109999,93.0,14.0,5.16
2020-03-02 08:45:00+01:00,25.25,20.754999,22.5,17.66,7.9,36.029999,31.029999,93.0,13.0,5.148
2020-03-02 09:00:00+01:00,25.385,20.814999,22.5,17.68,7.9,35.57,30.939999,96.5,12.0,5.184
2020-03-02 09:15:00+01:00,25.215,20.844999,22.5,17.52,7.9,35.68,30.849998,100.0,13.0,5.124
2020-03-02 09:30:00+01:00,24.969999,20.865,22.5,17.359999,6.9,36.32,30.939999,96.5,13.0,5.148
2020-03-02 09:45:00+01:00,24.914999,20.865,22.5,17.66,7.9,36.889999,31.129999,93.0,13.0,5.196
2020-03-02 10:00:00+01:00,24.779999,20.844999,22.5,17.52,7.9,36.959999,32.07,93.0,14.0,5.196
2020-03-02 10:15:00+01:00,24.764999,21.025,22.5,17.5,7.9,37.25,32.329998,93.0,12.0,5.148
2020-03-02 10:30:00+01:00,24.869999,21.15,22.5,17.639999,7.9,37.75,32.649998,93.0,13.0,5.184
2020-03-02 10:45:00+01:00,24.635,21.205,22.5,17.08,7.9,38.169998,33.07,93.0,13.0,5.136
2020-03-02 11:00:00+01:00,24.865,21.254999,22.5,17.4,6.9,38.48,33.380001,93.0,13.0,5.148
2020-03-02 11:15:00+01:00,24.734999,21.254999,22.5,17.459999,6.9,39.040001,33.709999,93.0,12.0,5.184
2020-03-02 11:30:00+01:00,24.82,21.35,22.5,17.940001,6.9,38.719997,33.809998,93.0,13.0,5.184
2020-03-02 11:45:00+01:00,24.775,21.609999,22.5,17.26,6.9,38.93,33.75,93.0,14.0,5.22
2020-03-02 12:00:00+01:00,25.014999,21.75,22.5,17.859999,7.9,38.469997,33.66,93.0,13.0,5.16
2020-03-02 12:15:00+01:00,24.994999,21.875,22.5,17.9,7.9,38.799999,33.649998,93.0,13.0,5.196
2020-03-02 12:30:00+01:00,24.59,21.859999,22.5,17.42,7.9,38.91,33.719997,93.0,12.0,5.148
2020-03-02 12:45:00+01:00,25.09,22.004999,22.5,17.959999,7.9,39.059998,33.579998,93.0,13.0,5.22
2020-03-02 13:00:00+01:00,25.09,22.09,22.5,17.940001,7.9,39.529999,33.779999,96.5,13.0,5.232
2020-03-02 13:15:00+01:00,24.84,22.059999,22.5,17.940001,7.9,39.75,34.0,100.0,14.0,5.232
2020-03-02 13:45:00+01:00,24.92,22.219999,22.5,18.18,6.9,38.66,33.529999,93.0,12.0,5.244
2020-03-02 14:00:00+01:00,24.834999,22.18,22.5,17.959999,6.9,38.700001,33.43,93.0,13.0,5.136
2020-03-02 14:15:00+01:00,24.99,22.15,22.5,17.92,6.9,38.799999,33.380001,93.0,13.0,5.244
2020-03-02 14:30:00+01:00,24.769999,22.109999,22.5,17.76,6.9,38.59,33.360001,90.0,13.0,5.1
2020-03-02 14:45:00+01:00,24.844999,22.039999,22.5,17.799999,6.9,37.790001,33.419998,87.0,14.0,5.244
2020-03-02 15:00:00+01:00,24.85,22.049999,22.5,17.619999,6.9,37.619999,33.43,87.0,12.0,5.16
2020-03-02 15:15:00+01:00,24.945,22.199999,22.5,17.559999,6.9,38.719997,33.009998,87.0,13.0,5.208
2020-03-02 15:30:00+01:00,24.994999,22.219999,22.5,18.039999,6.9,38.439999,32.809998,87.0,13.0,5.124
2020-03-02 15:45:00+01:00,24.945,22.16,22.5,17.48,6.9,38.209999,32.799999,87.0,13.0,5.256
2020-03-02 16:00:00+01:00,24.959999,22.314999,22.5,17.82,6.9,37.77,32.649998,87.0,13.0,5.208
2020-03-02 16:15:00+01:00,25.049999,22.344999,22.5,18.0,6.9,38.110001,32.649998,87.0,14.0,5.16
2020-03-02 16:30:00+01:00,24.834999,22.369999,22.5,17.76,6.9,38.419998,32.719997,90.0,12.0,5.184
2020-03-02 16:45:00+01:00,25.029999,22.309999,22.5,18.219999,6.9,38.309998,32.969997,93.0,13.0,5.184
2020-03-02 17:00:00+01:00,24.955,22.314999,22.5,17.52,6.9,39.579998,33.099998,93.0,13.0,5.232
2020-03-02 17:15:00+01:00,24.789999,22.359999,22.5,17.84,6.9,39.079998,33.219997,93.0,13.0,5.268
2020-03-02 17:30:00+01:00,24.84,22.355,22.5,18.02,6.9,38.829998,33.259998,93.0,13.0,5.208
2020-03-02 17:45:00+01:00,24.969999,22.289999,22.5,18.18,6.9,38.27,33.41,93.0,14.0,5.208
2020-03-02 18:00:00+01:00,25.045,22.314999,22.5,18.0,6.9,38.619999,33.329998,93.0,13.0,5.232
2020-03-02 18:15:00+01:00,25.074999,22.264999,22.5,17.9,6.9,38.309998,33.329998,93.0,12.0,5.16
2020-03-02 18:30:00+01:00,25.25,22.269999,22.5,17.619999,7.9,38.189999,33.25,96.5,13.0,5.184
2020-03-02 18:45:00+01:00,24.924999,22.289999,22.5,17.6,7.9,38.75,33.219997,100.0,13.0,5.196
2020-03-02 19:00:00+01:00,25.154999,22.365,22.5,17.52,7.9,39.099998,33.119999,96.5,13.0,5.256
2020-03-02 19:15:00+01:00,25.025,22.394999,22.5,17.559999,8.9,39.629997,33.149998,93.0,14.0,5.232
2020-03-02 19:45:00+01:00,24.955,22.264999,22.5,18.16,7.9,38.439999,33.299999,93.0,13.0,5.208
2020-03-02 20:00:00+01:00,24.934999,22.305,22.5,18.08,8.9,37.899998,33.219997,96.5,13.0,5.172
2020-03-03 06:15:00+01:00,18.789999,20.355,22.5,17.039999,9.9,41.82,32.619999,100.0,10.0,5.172
2020-03-03 06:30:00+01:00,19.25,20.174999,22.5,17.379999,9.9,37.579998,31.58,93.5,13.0,5.232
2020-03-03 06:45:00+01:00,19.785,20.129999,22.5,17.82,9.9,33.149998,29.289999,87.0,13.0,5.22
2020-03-03 07:00:00+01:00,20.074999,20.129999,22.5,17.9,9.9,30.929998,27.549999,87.0,12.0,5.184
2020-03-03 07:15:00+01:00,21.135,20.184999,22.5,17.6,9.9,29.17,25.58,87.0,13.0,5.136
2020-03-03 07:30:00+01:00,21.58,20.285,22.5,17.799999,9.9,28.51,24.33,74.0,14.0,5.196
2020-03-03 07:45:00+01:00,20.764999,20.314999,22.5,17.199999,9.9,27.99,23.469999,61.0,13.0,5.232
2020-03-03 08:00:00+01:00,21.969999,20.289999,22.5,17.76,9.9,27.0,22.709999,49.0,12.0,5.172
2020-03-03 08:15:00+01:00,25.154999,20.564999,22.5,17.639999,9.9,24.24,21.42,37.0,13.0,5.184
2020-03-03 08:30:00+01:00,25.195,20.844999,22.5,17.9,9.9,23.92,20.619999,40.0,13.0,5.16
2020-03-03 08:45:00+01:00,25.445,20.955,22.5,17.98,10.9,24.08,20.18,43.0,13.0,5.196
2020-03-03 09:00:00+01:00,25.334999,21.02,22.5,17.279999,10.9,23.43,19.639999,46.5,12.0,5.16
2020-03-03 09:15:00+01:00,24.924999,21.055,22.5,17.459999,10.9,23.85,19.529999,50.0,14.0,5.124
2020-03-03 09:30:00+01:00,24.994999,21.064999,22.5,17.879999,12.9,23.779999,19.379999,42.5,13.0,5.196
2020-03-03 09:45:00+01:00,24.725,21.189999,22.5,17.1,13.9,24.0,19.02,35.0,13.0,5.208
2020-03-03 10:00:00+01:00,24.49,21.164999,22.5,17.48,13.9,23.85,18.91,30.0,13.0,5.172
2020-03-03 10:15:00+01:00,24.539999,21.205,22.5,17.059999,13.9,23.939999,18.83,25.0,12.0,5.148
2020-03-03 10:30:00+01:00,24.894999,21.27,22.5,17.219999,13.9,23.85,18.67,23.0,13.0,5.196
2020-03-03 10:45:00+01:00,24.98,21.369999,22.5,17.699999,13.9,23.83,18.529999,21.0,12.0,5.196
2020-03-03 11:00:00+01:00,24.625,21.49,22.5,17.139999,14.9,23.84,18.379999,22.0,14.0,5.16
2020-03-03 11:15:00+01:00,24.775,21.549999,22.5,17.4,14.9,23.809999,18.219999,23.0,13.0,5.148
2020-03-03 11:30:00+01:00,24.279999,21.619999,22.5,17.199999,15.9,23.959999,18.07,28.0,13.0,5.208
2020-03-03 11:45:00+01:00,24.33,21.65,22.5,17.32,15.9,23.719999,17.799999,33.0,13.0,5.184
2020-03-03 12:00:00+01:00,24.42,21.689999,22.5,17.48,16.9,23.309999,17.639999,28.0,13.0,5.208
2020-03-03 12:15:00+01:00,24.6,21.76,22.5,17.68,16.9,23.119999,17.289999,23.0,14.0,5.208
2020-03-03 12:30:00+01:00,24.834999,21.924999,22.5,17.9,17.9,22.699999,16.789999,22.0,12.0,5.22
2020-03-03 12:45:00+01:00,24.945,22.199999,22.5,17.379999,17.9,22.469999,16.459999,21.0,13.0,5.22
2020-03-03 13:00:00+01:00,25.1,22.35,22.5,17.459999,18.9,22.299999,16.23,20.5,14.0,5.232
2020-03-03 13:15:00+01:00,25.385,22.594999,22.5,17.719999,19.9,21.939999,15.849999,20.0,12.0,5.232
2020-03-03 13:30:00+01:00,25.9,22.785,22.5,18.199999,19.9,21.99,15.62,21.5,13.0,5.244
2020-03-03 13:45:00+01:00,25.834999,22.885,22.5,18.699999,21.9,21.939999,15.24,23.0,14.0,5.232
2020-03-03 14:00:00+01:00,28.135,22.98,22.5,21.059999,19.9,20.85,14.92,22.0,13.0,5.22
2020-03-03 14:15:00+01:00,28.494999,23.195,22.5,21.459999,20.9,20.889999,14.889999,21.0,12.0,5.112
2020-03-03 14:30:00+01:00,28.494999,23.41,22.5,21.48,19.9,20.73,14.799999,21.5,13.0,5.136
2020-03-03 14:45:00+01:00,28.514999,23.49,22.5,21.539999,20.9,20.68,14.52,22.0,12.0,5.136
2020-03-03 15:00:00+01:00,28.514999,23.549999,23.5,21.66,20.9,20.75,14.53,23.5,13.0,5.16
2020-03-03 15:15:00+01:00,28.785,23.609999,23.5,21.939999,19.9,20.26,14.46,25.0,13.0,5.148
2020-03-03 15:30:00+01:00,28.424999,23.629999,23.5,21.74,19.9,20.26,14.09,26.0,14.0,5.16
2020-03-03 15:45:00+01:00,28.25,23.619999,23.5,21.84,20.9,20.309999,13.9,27.0,13.0,5.16
2020-03-03 16:00:00+01:00,27.904999,23.584999,23.5,21.639999,18.799999,20.389999,13.73,28.0,12.0,5.124
2020-03-10 06:15:00+01:00,18.695,20.039999,22.5,16.98,9.9,43.709999,32.309998,61.0,8.0,5.064
2020-03-10 06:30:00+01:00,18.59,19.85,22.5,16.779999,9.9,44.110001,32.77,61.0,13.0,5.064
2020-03-10 06:45:00+01:00,18.459999,19.77,22.5,16.619999,9.9,44.110001,32.939999,61.0,13.0,5.136
2020-03-10 07:15:00+01:00,18.164999,19.684999,22.5,16.32,8.9,44.079998,33.040001,61.0,14.0,5.04
2020-03-10 07:30:00+01:00,18.025,19.639999,22.5,16.24,8.9,44.16,32.950001,65.5,12.0,5.196
2020-03-10 07:45:00+01:00,18.004999,19.6,22.5,16.219999,8.9,43.899998,32.849998,70.0,13.0,5.184
2020-03-10 08:00:00+01:00,18.025,19.58,22.5,16.24,8.9,43.639999,32.759998,65.5,13.0,5.112
2020-03-10 08:30:00+01:00,24.924999,20.734999,22.5,17.459999,9.9,35.579998,30.83,65.5,13.0,5.028
2020-03-10 08:45:00+01:00,24.769999,20.775,22.5,17.34,9.9,35.41,30.719999,70.0,12.0,5.04
2020-03-10 09:00:00+01:00,24.775,20.764999,22.5,17.32,9.9,35.380001,30.76,63.5,12.0,5.052
2020-03-10 09:45:00+01:00,24.844999,20.754999,22.5,17.639999,13.9,35.809998,31.15,50.0,12.0,5.016
2020-03-10 10:00:00+01:00,24.564999,20.814999,22.5,17.799999,14.9,35.540001,31.019999,50.0,14.0,5.064
2020-03-10 10:15:00+01:00,24.18,20.844999,22.5,17.559999,14.9,36.099998,31.01,50.0,12.0,5.076
2020-03-10 10:30:00+01:00,24.43,20.875,22.5,17.34,14.9,35.59,30.849998,45.5,13.0,5.076
2020-03-10 10:45:00+01:00,24.209999,20.914999,22.5,17.18,14.9,34.739998,30.33,41.0,13.0,5.028
2020-03-10 11:00:00+01:00,24.004999,20.965,22.5,17.219999,16.9,35.169998,29.91,39.5,12.0,5.04
2020-03-10 11:15:00+01:00,24.039999,21.039999,22.5,17.379999,17.9,35.259998,29.799999,38.0,13.0,5.052
2020-03-10 11:30:00+01:00,24.564999,21.094999,22.5,17.18,18.9,33.57,29.01,33.5,12.0,5.064
2020-03-10 11:45:00+01:00,24.58,21.189999,22.5,17.039999,19.9,33.84,28.639999,29.0,13.0,5.052
2020-03-10 12:00:00+01:00,25.039999,21.24,22.5,17.779999,21.9,32.5,28.199999,30.0,14.0,5.076
2020-03-10 12:15:00+01:00,24.789999,21.324999,22.5,17.539999,21.9,32.099998,27.539999,31.0,12.0,5.1
2020-03-10 12:30:00+01:00,24.769999,21.379999,22.5,17.52,22.9,31.08,26.709999,28.0,13.0,5.064
2020-03-10 12:45:00+01:00,24.779999,21.445,22.5,17.42,21.9,30.689999,26.32,25.0,12.0,5.064
2020-03-10 13:00:00+01:00,24.289999,21.48,22.5,17.699999,21.9,30.49,25.41,25.0,13.0,5.064
2020-03-10 13:15:00+01:00,24.324999,21.51,22.5,17.699999,21.9,28.969999,24.469999,25.0,13.0,5.16
2020-03-10 13:30:00+01:00,24.769999,21.59,22.5,18.119999,22.9,28.349998,23.92,25.0,12.0,5.052
2020-03-10 13:45:00+01:00,24.869999,21.67,22.5,18.34,22.9,29.23,23.66,25.0,13.0,5.136
2020-03-10 14:00:00+01:00,25.25,21.785,22.5,18.1,22.9,28.82,23.43,25.0,12.0,5.16
2020-03-10 14:15:00+01:00,25.269999,21.869999,22.5,18.16,22.9,27.629999,22.809999,25.0,14.0,5.16
2020-03-10 14:30:00+01:00,25.189999,21.949999,22.5,18.039999,22.9,28.219999,22.41,24.0,13.0,5.112
2020-03-10 14:45:00+01:00,25.535,22.01,22.5,18.42,22.9,28.039999,22.35,23.0,12.0,5.148
2020-03-10 15:00:00+01:00,25.844999,22.105,22.5,19.199999,22.9,27.889999,22.189999,22.5,13.0,5.112
2020-03-10 15:15:00+01:00,26.014999,22.189999,22.5,19.4,22.9,26.879999,21.689999,22.0,13.0,5.22
2020-03-10 15:30:00+01:00,25.865,22.26,22.5,19.279999,21.9,27.209999,21.4,22.0,13.0,5.136
2020-03-10 15:45:00+01:00,26.25,22.289999,22.5,19.68,22.9,26.84,21.25,22.0,12.0,5.16
2020-03-10 16:00:00+01:00,26.285,22.309999,22.5,19.299999,22.9,26.57,21.0,24.5,14.0,5.16
2020-03-10 16:15:00+01:00,26.199999,22.309999,22.5,19.279999,22.9,26.199999,20.609999,27.0,12.0,5.076
2020-03-10 16:30:00+01:00,26.349998,22.289999,22.5,19.459999,22.9,26.859999,20.73,26.0,13.0,5.124
2020-03-10 16:45:00+01:00,26.369999,22.269999,22.5,19.459999,22.9,26.299999,20.529999,25.0,13.0,5.184
2020-03-10 17:00:00+01:00,26.549999,22.279999,22.5,20.18,22.9,26.59,20.459999,25.0,12.0,5.136
2020-03-10 17:15:00+01:00,26.394999,22.279999,22.5,20.08,22.9,26.74,20.459999,25.0,13.0,5.16
2020-03-10 17:30:00+01:00,26.115,22.269999,22.5,19.779999,22.9,27.099998,20.609999,27.0,13.0,5.112
2020-03-10 17:45:00+01:00,26.105,22.254999,22.5,19.74,21.9,27.349998,20.889999,29.0,14.0,5.088
2020-03-10 18:00:00+01:00,26.914999,22.23,22.5,20.76,20.9,26.99,21.0,30.0,12.0,5.016
2020-03-10 18:15:00+01:00,27.974998,22.359999,22.5,21.5,20.9,26.08,20.82,31.0,13.0,5.1
2020-03-10 18:30:00+01:00,27.924999,22.449999,22.5,21.58,18.9,26.529999,20.6,31.0,12.0,5.124
2020-03-11 06:15:00+01:00,19.969999,20.484999,22.5,17.359999,9.9,39.77,28.42,65.0,9.0,5.04
2020-03-11 06:30:00+01:00,20.91,20.365,22.5,17.68,9.9,38.73,28.949999,67.5,12.0,5.04
2020-03-11 07:15:00+01:00,22.51,20.52,22.5,17.699999,9.9,36.18,28.969999,70.0,14.0,5.052
2020-03-11 07:30:00+01:00,22.629999,20.584999,22.5,17.699999,8.9,36.23,28.879999,70.0,12.0,5.076
2020-03-11 07:45:00+01:00,21.68,20.57,22.5,17.76,9.9,37.739998,28.969999,70.0,12.0,5.04
2020-03-11 08:00:00+01:00,21.615,20.504999,22.5,17.58,9.9,37.27,29.08,65.5,13.0,5.076
2020-03-11 08:15:00+01:00,24.365,20.645,22.5,17.039999,9.9,34.689999,28.9,61.0,12.0,5.004
2020-03-11 08:30:00+01:00,24.6,20.875,22.5,18.02,9.9,34.82,28.719999,57.5,13.0,5.004
2020-03-11 08:45:00+01:00,24.635,20.955,22.5,17.58,11.9,34.959999,28.769999,54.0,12.0,5.028
2020-03-11 09:00:00+01:00,24.725,21.064999,22.5,17.940001,11.9,35.329998,28.93,52.0,13.0,5.052
2020-03-11 09:15:00+01:00,25.049999,21.164999,22.5,18.039999,14.9,34.860001,28.949999,50.0,12.0,5.016
2020-03-11 09:30:00+01:00,24.719999,21.244999,22.5,17.98,16.9,35.25,28.99,48.5,13.0,5.112
2020-03-11 10:00:00+01:00,24.049999,21.24,22.5,17.139999,17.9,36.189999,29.42,47.0,14.0,5.04
2020-03-11 10:15:00+01:00,24.539999,21.244999,22.5,17.9,16.9,35.639999,29.539999,47.0,13.0,5.124
2020-03-11 10:30:00+01:00,24.6,21.314999,22.5,17.139999,16.9,35.669998,29.58,42.5,12.0,5.016
2020-03-11 10:45:00+01:00,23.879999,21.379999,22.5,17.299999,17.9,36.290001,29.51,38.0,13.0,5.124
2020-03-11 11:00:00+01:00,24.09,21.41,22.5,17.58,18.9,36.130001,29.51,40.0,12.0,5.076
2020-03-11 11:15:00+01:00,24.51,21.455,22.5,18.059999,17.9,35.709999,29.439999,42.0,13.0,5.052
2020-03-11 11:30:00+01:00,24.83,21.52,22.5,18.459999,18.9,35.239998,29.349998,40.5,13.0,5.112
2020-03-11 11:45:00+01:00,25.029999,21.635,22.5,18.68,20.9,34.869999,29.059999,39.0,12.0,5.1
2020-03-11 12:00:00+01:00,25.449999,21.764999,22.5,18.459999,21.9,34.349998,28.719999,39.0,14.0,5.112
2020-03-11 12:15:00+01:00,25.615,21.914999,22.5,18.6,23.9,34.119999,28.469999,39.0,12.0,5.136
2020-03-11 12:30:00+01:00,26.424999,22.01,22.5,19.199999,23.9,32.959999,28.129999,38.0,13.0,5.076
2020-03-11 12:45:00+01:00,27.865,22.18,22.5,21.199999,24.9,31.939999,27.849998,37.0,12.0,5.106
2020-03-11 13:00:00+01:00,28.285,22.41,22.5,21.58,25.9,31.369999,27.4,34.5,13.0,5.136
2020-03-11 13:15:00+01:00,28.484999,22.594999,22.5,21.76,25.9,30.539999,26.859999,32.0,13.0,5.196
2020-03-11 13:30:00+01:00,28.889999,22.725,22.5,22.139999,26.9,30.379999,26.609999,32.5,13.0,5.16
2020-03-11 13:45:00+01:00,28.984999,22.879999,22.5,22.219999,26.9,30.189999,26.25,33.0,14.0,5.16
2020-03-11 14:00:00+01:00,29.039999,22.984999,22.5,22.359999,26.9,30.189999,26.15,34.0,12.0,5.16
2020-03-11 14:15:00+01:00,29.219999,23.109999,22.5,22.639999,26.9,30.349998,26.039999,35.0,13.0,5.22
2020-03-11 14:30:00+01:00,29.25,23.195,22.5,22.74,26.9,30.67,26.119999,34.0,13.0,5.16
2020-03-11 14:45:00+01:00,29.099998,23.285,22.5,22.719999,26.9,31.25,26.379999,33.0,13.0,5.196
2020-03-11 15:00:00+01:00,29.029999,23.344999,22.5,22.699999,25.9,31.99,26.73,32.0,12.0,5.196
2020-03-11 15:15:00+01:00,29.17,23.404999,22.5,22.879999,26.9,31.73,26.99,31.0,13.0,5.196
2020-03-11 15:30:00+01:00,29.219999,23.455,22.5,22.959999,26.9,31.689999,26.99,31.0,14.0,5.16
2020-03-11 15:45:00+01:00,29.205,23.475,22.5,22.98,25.9,32.299999,27.299999,31.0,13.0,5.124
2020-03-11 16:00:00+01:00,29.15,23.484999,22.5,23.039999,25.9,32.299999,27.43,31.0,13.0,5.184
2020-03-11 16:15:00+01:00,29.109999,23.494999,22.5,23.0,25.9,32.529999,27.619999,31.0,12.0,5.112
2020-03-11 16:30:00+01:00,29.099998,23.484999,22.5,23.0,25.9,32.939999,27.98,31.0,13.0,5.16
2020-03-11 16:45:00+01:00,29.105,23.475,22.5,23.119999,25.9,33.219997,28.299999,31.0,12.0,5.136
2020-03-11 17:00:00+01:00,29.195,23.475,22.5,23.199999,25.9,33.57,28.699999,38.5,13.0,5.196
2020-03-11 17:15:00+01:00,29.314999,23.484999,22.5,23.32,25.9,33.77,29.08,46.0,14.0,5.16
2020-03-11 17:30:00+01:00,29.244999,23.494999,22.5,23.279999,26.9,34.0,29.369999,46.0,13.0,5.16
2020-03-11 17:45:00+01:00,29.369999,23.51,23.5,23.4,25.9,34.029999,29.609999,46.0,12.0,5.148
2020-03-11 18:00:00+01:00,29.379999,23.519999,23.5,23.359999,25.9,34.16,29.809999,47.5,13.0,5.148
2020-03-11 18:15:00+01:00,28.664999,23.51,23.5,22.619999,24.9,34.82,29.92,49.0,13.0,5.268
2020-03-11 18:30:00+01:00,28.57,23.445,23.5,22.58,23.9,35.07,30.16,52.0,12.0,5.22
2020-03-11 18:45:00+01:00,28.154999,23.404999,23.5,22.18,22.9,35.610001,30.51,55.0,15.0,5.196
2020-03-11 19:00:00+01:00,28.744999,23.379999,23.5,22.84,20.9,35.579998,30.99,57.0,12.0,5.184
2020-03-11 19:15:00+01:00,28.855,23.404999,23.5,22.859999,19.9,35.66,31.349998,59.0,13.0,5.196
2020-03-12 12:30:00+01:00,26.664999,22.639999,22.5,20.459999,20.9,43.809998,40.149998,74.5,13.0,5.088
2020-03-12 12:45:00+01:00,26.805,22.549999,22.5,20.539999,20.9,43.459999,40.48,72.0,12.0,5.1
2020-03-12 13:00:00+01:00,26.26,22.5,22.5,20.539999,19.9,44.209999,40.73,72.0,14.0,5.088
2020-03-12 13:15:00+01:00,27.51,22.58,22.5,21.139999,20.9,42.169998,40.619999,72.0,12.0,5.1
2020-03-12 13:30:00+01:00,24.84,22.609999,22.5,18.719999,21.9,46.02,40.48,69.5,13.0,5.04
2020-03-12 13:45:00+01:00,24.709999,22.49,22.5,18.6,22.9,46.369999,40.799999,67.0,13.0,5.076
2020-03-12 14:00:00+01:00,24.769999,22.424999,22.5,18.639999,22.9,46.16,40.919998,67.0,12.0,5.148
2020-03-12 14:15:00+01:00,25.064999,22.4,22.5,18.98,21.9,45.509998,40.919998,67.0,13.0,5.076
2020-03-12 14:30:00+01:00,24.904999,22.43,22.5,18.059999,21.9,45.93,40.829998,67.0,12.0,5.076
2020-03-12 14:45:00+01:00,24.68,22.42,22.5,17.699999,21.9,46.579998,41.02,67.0,13.0,5.076
2020-03-12 15:00:00+01:00,25.119999,22.41,22.5,19.08,20.9,45.809998,41.169998,69.5,12.0,5.064
2020-03-12 15:15:00+01:00,27.23,22.549999,22.5,20.92,20.9,42.43,40.849998,72.0,14.0,5.04
2020-03-12 15:30:00+01:00,27.389999,22.705,22.5,21.1,20.9,42.489998,40.579998,69.5,13.0,5.16
2020-03-12 15:45:00+01:00,27.43,22.785,22.5,21.16,20.9,42.25,40.439999,67.0,12.0,5.112
2020-03-12 16:00:00+01:00,27.455,22.809999,22.5,21.16,20.9,42.18,40.379997,69.5,13.0,5.016
2020-03-12 16:15:00+01:00,27.469999,22.85,22.5,21.18,20.9,42.59,40.379997,72.0,12.0,5.076
2020-03-12 16:30:00+01:00,27.51,22.859999,22.5,21.24,20.9,42.379997,40.379997,69.5,13.0,5.1
2020-03-12 16:45:00+01:00,27.494999,22.879999,22.5,21.26,20.9,42.349998,40.450001,67.0,13.0,5.124
2020-03-12 17:00:00+01:00,27.549999,22.894999,22.5,21.32,19.9,42.599998,40.529999,69.5,12.0,5.064
2020-03-12 17:15:00+01:00,27.564999,22.92,22.5,21.32,20.9,42.82,40.66,72.0,14.0,5.088
2020-03-12 17:30:00+01:00,27.584999,22.93,22.5,21.359999,20.9,42.75,40.799999,74.5,12.0,5.172
2020-03-12 17:45:00+01:00,27.559999,22.93,22.5,21.279999,19.9,42.91,40.899998,77.0,13.0,5.148
2020-03-13 11:30:00+01:00,26.859999,22.625,22.5,20.48,22.5,44.469997,42.139999,74.5,13.0,5.064
2020-03-13 11:45:00+01:00,24.539999,22.529999,22.5,18.82,24.1,48.379997,42.59,77.0,12.0,5.052
2020-03-13 12:00:00+01:00,26.83,22.48,22.5,20.639999,24.1,44.610001,42.849998,72.0,13.0,5.148
2020-03-13 12:15:00+01:00,27.43,22.629999,22.5,21.42,26.1,43.389999,42.639999,67.0,13.0,5.184
2020-03-13 12:30:00+01:00,25.404999,22.779999,22.5,19.26,21.799999,46.27,42.200001,67.0,13.0,5.136
2020-03-13 12:45:00+01:00,27.369999,22.719999,22.5,21.279999,21.799999,42.77,42.0,67.0,12.0,5.052
2020-03-13 13:00:00+01:00,25.9,22.789999,22.5,19.98,24.799999,45.099998,41.899998,65.0,14.0,5.184
2020-03-13 13:15:00+01:00,26.514999,22.85,22.5,19.9,22.799999,44.09,41.669998,63.0,13.0,5.1
2020-03-13 13:30:00+01:00,28.004999,22.949999,22.5,21.98,27.799999,41.849998,41.299999,63.0,12.0,5.16
2020-03-13 13:45:00+01:00,28.289999,23.174999,22.5,22.18,26.799999,41.18,40.719997,63.0,13.0,5.184
2020-03-13 14:00:00+01:00,28.195,23.305,22.5,22.18,25.799999,41.549999,40.509998,61.0,12.0,5.136
2020-03-13 14:15:00+01:00,25.974998,23.295,22.5,20.219999,23.799999,44.93,40.599998,59.0,13.0,5.16
2020-03-13 14:30:00+01:00,26.355,23.189999,22.5,20.6,24.799999,44.43,40.879997,55.5,13.0,5.22
2020-03-13 14:45:00+01:00,27.855,23.26,22.5,22.039999,25.799999,42.18,40.779999,52.0,14.0,5.196
2020-03-13 15:00:00+01:00,28.195,23.3774995,22.5,22.24,25.799999,41.489998,40.389999,57.5,13.0,5.172
2020-03-13 15:15:00+01:00,28.334999,23.494999,22.5,22.42,25.799999,41.279999,40.200001,63.0,12.0,5.16
2020-03-13 15:30:00+01:00,28.535,23.574999,23.5,22.6,25.799999,41.110001,39.98,61.0,13.0,5.196
2020-03-13 15:45:00+01:00,28.34,23.625,23.5,22.619999,25.799999,40.849998,39.739998,59.0,13.0,5.16
2020-03-13 16:00:00+01:00,27.18,23.625,23.5,20.98,24.799999,42.399998,39.629997,57.5,13.0,5.172
2020-03-13 16:15:00+01:00,26.734999,23.51,23.5,20.699999,24.799999,43.139999,39.759998,56.0,12.0,5.136
2020-03-13 16:30:00+01:00,26.805,23.424999,23.5,20.58,24.799999,43.469997,40.099998,56.0,14.0,5.172
2020-03-13 16:45:00+01:00,26.619999,23.404999,23.5,20.5,24.799999,43.719997,40.16,56.0,13.0,5.208
2020-03-13 17:00:00+01:00,26.824999,23.379999,23.5,20.98,23.799999,43.529999,40.299999,56.0,12.0,5.148
2020-03-13 17:15:00+01:00,26.695,23.344999,23.5,21.139999,23.799999,43.469997,40.369999,56.0,13.0,5.148
2020-03-13 17:30:00+01:00,26.644999,23.33,23.5,21.02,23.799999,43.389999,40.209999,57.5,13.0,5.088
2020-03-13 17:45:00+01:00,26.555,23.314999,23.5,20.959999,23.799999,43.41,40.200001,59.0,13.0,5.208
2020-03-13 18:00:00+01:00,26.664999,23.295,23.5,20.66,23.799999,43.529999,40.27,59.0,14.0,5.208
2020-03-13 18:15:00+01:00,26.434999,23.285,23.5,20.32,22.799999,43.419998,40.200001,59.0,12.0,5.196
2020-03-13 18:30:00+01:00,26.334999,23.254999,23.5,20.219999,21.799999,43.489998,40.099998,63.0,13.0,5.22
2020-03-13 18:45:00+01:00,27.654999,23.24,23.5,22.0,20.799999,41.5,40.079998,67.0,12.0,5.172
2020-03-13 19:00:00+01:00,27.889999,23.33,23.5,22.119999,19.799999,41.5,39.969997,65.0,13.0,5.184
2020-03-16 04:30:00+01:00,19.129999,20.219999,22.5,17.379999,12.8,46.209999,37.299999,76.0,13.0,5.028
2020-03-16 04:45:00+01:00,19.199999,20.18,22.5,17.379999,12.8,45.939999,37.07,76.0,12.0,5.028
2020-03-16 05:00:00+01:00,19.5,20.17,22.5,17.879999,12.8,45.41,36.849998,78.5,14.0,5.028
2020-03-16 05:15:00+01:00,19.35,20.154999,22.5,17.82,11.8,45.5,36.73,81.0,12.0,5.1
2020-03-16 05:30:00+01:00,19.184999,20.129999,22.5,17.52,11.8,45.93,36.639999,81.0,12.0,5.016
2020-03-16 05:45:00+01:00,19.664999,20.119999,22.5,17.9,11.8,44.739998,36.529999,81.0,13.0,5.052
2020-03-16 06:30:00+01:00,21.074999,20.23,22.5,17.799999,11.8,42.489998,36.09,81.0,12.0,5.04
2020-03-16 06:45:00+01:00,22.4,20.299999,22.5,17.68,11.8,40.849998,35.919998,81.0,13.0,5.028
2020-03-16 07:15:00+01:00,23.719999,20.639999,22.5,17.559999,12.8,39.529999,35.489998,81.0,12.0,5.028
2020-03-16 09:30:00+01:00,24.6,21.195,22.5,17.559999,12.8,38.91,35.189999,68.5,12.0,5.04
2020-03-16 10:15:00+01:00,24.334999,21.195,22.5,17.9,13.8,38.389999,34.689999,71.0,13.0,5.016
2020-03-16 11:30:00+01:00,23.855,21.184999,22.5,17.66,13.8,38.989998,34.75,60.0,12.0,5.052
2020-03-16 11:45:00+01:00,24.23,21.205,22.5,17.9,15.8,38.73,34.66,58.0,12.0,5.064
2020-03-16 12:00:00+01:00,24.059999,21.254999,22.5,17.299999,15.8,39.02,34.689999,56.0,13.0,5.028
2020-03-16 14:00:00+01:00,24.625,21.494999,22.5,17.66,20.799999,36.899998,32.969997,47.0,12.0,5.04
2020-03-16 14:30:00+01:00,24.635,21.6,22.5,17.66,21.799999,36.93,32.709999,45.5,12.0,5.004
2020-03-16 14:45:00+01:00,24.559999,21.635,22.5,17.9,20.799999,36.739998,32.469997,44.0,14.0,5.088
2020-03-16 15:00:00+01:00,24.559999,21.664999,22.5,18.16,21.799999,36.919998,32.369999,44.0,13.0,5.136
2020-03-16 15:15:00+01:00,24.83,21.695,22.5,18.639999,23.799999,36.25,32.200001,44.0,12.0,5.148
2020-03-16 15:30:00+01:00,24.629999,21.754999,22.5,18.32,21.799999,35.82,31.73,44.0,13.0,5.16
2020-03-16 16:00:00+01:00,24.539999,21.744999,22.5,17.619999,22.799999,35.709999,31.26,45.5,13.0,5.052
2020-03-16 16:15:00+01:00,24.769999,21.754999,22.5,17.779999,19.6,35.579998,31.129999,47.0,12.0,5.064
2020-03-16 16:45:00+01:00,24.639999,21.779999,22.5,17.9,18.4,36.169998,31.26,47.0,12.0,5.076
2020-03-16 17:00:00+01:00,24.6,21.799999,22.5,18.379999,18.4,35.989998,31.099998,49.0,14.0,5.052
2020-03-16 17:15:00+01:00,24.51,21.789999,22.5,18.26,18.4,35.849998,30.969999,51.0,12.0,5.076
2020-03-16 17:30:00+01:00,24.379999,21.775,22.5,18.199999,18.4,36.279999,30.939999,52.5,13.0,5.088
2020-03-16 17:45:00+01:00,24.26,21.754999,22.5,18.039999,18.4,36.130001,30.869999,54.0,12.0,5.004
2020-03-16 18:30:00+01:00,24.24,21.74,22.5,17.9,16.4,36.130001,30.699999,49.0,12.0,5.088
2020-03-16 18:45:00+01:00,23.959999,21.695,22.5,17.74,16.4,36.279999,30.699999,47.0,13.0,5.04
2020-03-16 19:00:00+01:00,23.959999,21.664999,22.5,17.779999,16.4,36.25,30.74,47.0,13.0,5.088
2020-03-16 19:15:00+01:00,23.945,21.645,22.5,17.68,16.4,36.719997,30.849998,47.0,12.0,5.028
2020-03-16 19:30:00+01:00,24.35,21.635,22.5,17.799999,16.4,36.349998,30.959999,48.5,14.0,5.016
2020-03-16 19:45:00+01:00,24.029999,21.664999,22.5,17.559999,15.4,36.75,30.969999,50.0,12.0,5.04
2020-03-16 20:00:00+01:00,23.814999,21.635,22.5,17.48,15.4,37.029999,31.07,52.0,12.0,5.04
2020-03-17 07:00:00+01:00,21.459999,20.5,22.5,17.76,9.4,41.099998,34.540001,78.25,14.0,5.028
2020-03-17 07:45:00+01:00,21.34,20.6,22.5,17.639999,9.4,40.919998,34.02,76.0,12.0,5.004
2020-03-17 09:15:00+01:00,24.949999,21.164999,22.5,17.879999,13.4,36.110001,32.669998,62.0,12.0,5.004
2020-03-17 10:00:00+01:00,24.799999,21.285,22.5,17.940001,13.4,36.369999,32.07,62.0,12.0,5.004
2020-03-17 10:15:00+01:00,24.75,21.295,22.5,17.559999,13.4,36.669998,32.099998,62.0,14.0,5.04
2020-03-17 11:15:00+01:00,24.764999,21.389999,22.5,17.48,16.4,36.700001,31.969999,58.0,12.0,5.184
2020-03-17 11:30:00+01:00,23.939999,21.395,22.5,17.219999,17.4,37.48,32.049999,56.0,13.0,5.004
2020-03-17 12:00:00+01:00,24.32,21.389999,22.5,17.16,20.4,36.959999,32.009998,51.0,12.0,5.016
2020-03-17 12:45:00+01:00,24.48,21.525,22.5,18.039999,24.4,36.649998,31.699999,45.0,13.0,5.1
2020-03-17 13:00:00+01:00,24.66,21.545,22.5,18.52,23.4,36.93,31.709999,43.5,14.0,5.076
2020-03-17 13:15:00+01:00,25.01,21.639999,22.5,18.74,24.4,36.509998,31.699999,42.0,12.0,5.1
2020-03-17 13:30:00+01:00,24.939999,21.719999,22.5,18.68,24.4,36.239998,31.34,40.5,13.0,5.184
2020-03-17 13:45:00+01:00,27.019999,21.84,22.5,20.639999,24.4,34.290001,31.07,39.0,12.0,5.112
2020-03-17 14:00:00+01:00,27.41,22.094999,22.5,20.9,24.4,34.079998,30.809999,39.0,13.0,5.076
2020-03-17 14:15:00+01:00,27.699999,22.269999,22.5,21.199999,24.4,33.43,30.449999,39.0,12.0,5.1
2020-03-17 14:30:00+01:00,25.68,22.299999,22.5,18.66,24.4,35.399998,30.389999,39.0,13.0,5.16
2020-03-17 14:45:00+01:00,25.764999,22.219999,22.5,18.82,24.4,35.369999,30.59,39.0,13.0,5.1
2020-03-17 15:00:00+01:00,25.709999,22.219999,22.5,18.92,24.4,35.849998,30.75,38.0,14.0,5.184
2020-03-17 15:15:00+01:00,25.67,22.25,22.5,18.779999,24.4,35.98,30.91,37.0,13.0,5.124
2020-03-17 15:30:00+01:00,25.859999,22.269999,22.5,19.719999,23.4,35.559998,30.91,38.0,12.0,5.1
2020-03-17 15:45:00+01:00,25.974998,22.299999,22.5,19.859999,24.4,35.48,30.789999,39.0,13.0,5.076
2020-03-17 16:00:00+01:00,26.055,22.309999,22.5,19.98,24.4,35.200001,30.679998,39.0,13.0,5.16
2020-03-17 16:15:00+01:00,26.434999,22.35,22.5,20.34,24.4,34.68,30.459999,39.0,12.0,5.196
2020-03-17 16:30:00+01:00,26.545,22.389999,22.5,19.939999,23.4,34.559998,30.33,39.0,13.0,5.004
2020-03-17 16:45:00+01:00,26.535,22.4,22.5,20.119999,24.4,34.439999,30.129999,39.0,12.0,5.208
2020-03-17 17:00:00+01:00,26.514999,22.42,22.5,19.959999,23.4,34.469997,30.019999,39.0,14.0,5.112
2020-03-17 17:15:00+01:00,26.5,22.42,22.5,19.9,23.4,34.27,29.9,39.0,12.0,5.1
2020-03-17 17:30:00+01:00,26.484999,22.42,22.5,20.52,23.4,34.669998,29.99,43.5,13.0,5.1
2020-03-17 17:45:00+01:00,26.83,22.445,22.5,20.74,22.4,34.399998,30.019999,48.0,12.0,5.1
2020-03-17 18:00:00+01:00,26.545,22.459999,22.5,20.459999,22.4,34.529999,29.99,49.5,13.0,5.1
2020-03-17 18:15:00+01:00,26.644999,22.445,22.5,20.539999,22.4,34.439999,29.99,51.0,13.0,5.1
2020-03-17 18:30:00+01:00,27.385,22.459999,22.5,21.439999,20.4,34.43,30.289999,51.0,12.0,5.052
2020-03-18 07:30:00+01:00,23.125,21.004999,22.5,17.92,9.4,39.279999,34.07,76.0,12.0,5.04
2020-03-18 08:00:00+01:00,21.975,20.939999,22.5,17.359999,10.4,41.02,34.0,76.0,12.0,5.016
2020-03-18 08:30:00+01:00,24.42,21.215,22.5,17.799999,11.4,38.149998,33.599998,71.0,12.0,5.004
2020-03-18 09:00:00+01:00,24.609999,21.365,22.5,18.16,12.4,37.700001,33.469997,66.5,12.0,5.004
2020-03-18 10:15:00+01:00,24.6,21.52,22.5,17.24,17.4,38.119999,33.369999,67.0,12.0,5.016
2020-03-18 10:45:00+01:00,24.209999,21.545,22.5,17.359999,17.4,38.959999,33.649998,63.0,12.0,5.064
2020-03-18 11:15:00+01:00,24.709999,21.625,22.5,17.92,17.4,39.009998,33.93,55.0,12.0,5.088
2020-03-18 11:30:00+01:00,24.33,21.645,22.5,18.039999,18.4,39.799999,34.189999,55.0,13.0,5.028
2020-03-18 12:00:00+01:00,24.924999,21.744999,22.5,18.799999,20.4,39.309998,34.349998,53.0,13.0,5.088
2020-03-18 12:15:00+01:00,26.684999,21.9,22.5,19.719999,21.4,36.939999,34.18,51.0,12.0,5.052
2020-03-18 12:30:00+01:00,25.67,22.01,22.5,18.939999,21.4,37.419998,33.689999,49.5,12.0,5.028
2020-03-18 12:45:00+01:00,26.014999,22.059999,22.5,19.379999,22.4,37.529999,33.66,48.0,13.0,5.052
2020-03-18 13:00:00+01:00,26.094999,22.139999,22.5,19.459999,22.4,37.459999,33.66,48.0,14.0,5.088
2020-03-18 13:15:00+01:00,26.084999,22.199999,22.5,19.74,23.4,37.349998,33.559998,48.0,12.0,5.136
2020-03-18 13:30:00+01:00,26.664999,22.25,22.5,20.5,22.4,36.639999,33.369999,45.0,13.0,5.1
2020-03-18 13:45:00+01:00,26.549999,22.359999,22.5,20.48,24.4,36.739998,33.149998,42.0,12.0,5.136
2020-03-18 14:00:00+01:00,27.019999,22.445,22.5,20.699999,23.4,36.079998,32.950001,42.0,13.0,5.076
2020-03-18 14:15:00+01:00,27.279999,22.549999,22.5,20.92,23.4,35.779999,32.649998,42.0,13.0,5.136
2020-03-18 14:30:00+01:00,27.355,22.629999,22.5,20.98,23.200001,35.869999,32.489998,41.0,12.0,5.076
2020-03-18 14:45:00+01:00,27.5,22.699999,22.5,20.98,24.200001,35.559998,32.34,40.0,13.0,5.16
2020-03-18 15:00:00+01:00,27.439999,22.789999,22.5,21.02,25.200001,35.469997,32.079998,40.0,14.0,5.16
2020-03-18 15:15:00+01:00,27.639999,22.84,22.5,21.279999,25.200001,35.169998,31.84,40.0,13.0,5.196
2020-03-18 15:30:00+01:00,28.574999,22.93,22.5,22.379999,26.200001,34.07,31.539999,41.0,12.0,5.196
2020-03-18 15:45:00+01:00,28.654999,23.025,22.5,22.5,27.200001,34.079998,31.299999,42.0,13.0,5.196
2020-03-18 16:00:00+01:00,29.094999,23.094999,22.5,23.0,26.200001,33.41,31.039999,42.0,13.0,5.16
2020-03-18 16:15:00+01:00,29.094999,23.139999,22.5,23.08,25.200001,33.509998,30.889999,42.0,13.0,5.208
2020-03-18 16:30:00+01:00,28.814999,23.174999,22.5,22.68,24.200001,33.639999,30.799999,41.0,12.0,5.196
2020-03-18 16:45:00+01:00,27.68,23.115,22.5,21.719999,25.200001,34.399998,30.689999,40.0,14.0,5.22
2020-03-18 17:00:00+01:00,28.42,23.115,22.5,22.219999,24.299999,33.950001,30.719999,40.0,13.0,5.196
2020-03-18 17:15:00+01:00,28.039999,23.105,22.5,22.139999,23.299999,34.540001,30.76,40.0,13.0,5.184
2020-03-18 17:30:00+01:00,27.885,23.08,22.5,22.059999,23.299999,34.719997,30.84,37.0,13.0,5.196
2020-03-18 17:45:00+01:00,27.51,23.039999,22.5,21.66,23.299999,35.009998,30.959999,34.0,12.0,5.196
2020-03-18 18:00:00+01:00,27.939999,23.019999,22.5,22.02,22.299999,34.75,31.049999,36.5,15.0,5.16
2020-03-18 18:15:00+01:00,28.099998,23.01,22.5,22.359999,21.299999,35.07,31.33,39.0,12.0,5.148
2020-03-18 18:30:00+01:00,28.574999,23.074999,22.5,22.699999,21.299999,34.719997,31.4,40.5,13.0,5.1
2020-03-18 18:45:00+01:00,28.584999,23.119999,22.5,22.66,20.299999,34.759998,31.429998,42.0,13.0,5.136
2020-03-19 10:15:00+01:00,27.559999,22.4,22.5,20.82,21.299999,36.059998,33.549999,59.0,9.0,5.004
2020-03-19 11:15:00+01:00,28.014999,22.639999,22.5,21.379999,21.299999,35.529999,32.889999,48.0,12.0,5.064
2020-03-19 11:30:00+01:00,28.195,22.695,22.5,21.68,21.299999,35.529999,32.899998,48.0,13.0,5.1
2020-03-19 11:45:00+01:00,26.224998,22.67,22.5,19.879999,23.299999,37.27,32.93,48.0,13.0,5.076
2020-03-19 12:00:00+01:00,26.564999,22.59,22.5,20.619999,23.299999,37.209999,33.209999,45.0,12.0,5.112
2020-03-19 12:15:00+01:00,28.035,22.65,22.5,21.859999,26.299999,35.639999,33.209999,42.0,13.0,5.16
2020-03-19 12:30:00+01:00,28.189999,22.809999,22.5,21.939999,27.299999,35.66,32.939999,42.0,12.0,5.148
2020-03-19 12:45:00+01:00,28.334999,22.924999,22.5,22.1,26.200001,35.540001,32.84,42.0,14.0,5.184
2020-03-19 13:00:00+01:00,28.459999,22.994999,22.5,22.279999,27.200001,35.279999,32.689999,39.5,13.0,5.172
2020-03-19 13:15:00+01:00,28.494999,23.074999,22.5,22.32,27.200001,35.079998,32.469997,37.0,13.0,5.124
2020-03-19 13:30:00+01:00,28.635,23.129999,22.5,22.6,27.200001,34.82,32.189999,38.5,13.0,5.196
2020-03-19 13:45:00+01:00,28.744999,23.189999,22.5,22.66,28.299999,33.950001,31.559999,40.0,12.0,5.172
2020-03-19 14:00:00+01:00,28.795,23.2599995,22.5,22.779999,27.200001,33.139999,31.019999,37.5,13.0,5.196
2020-03-19 14:15:00+01:00,28.76,23.33,22.5,22.74,27.200001,33.099998,30.5,35.0,14.0,5.124
2020-03-19 14:30:00+01:00,28.834999,23.385,22.5,22.859999,26.200001,31.82,29.73,32.5,13.0,5.184
2020-03-19 14:45:00+01:00,28.955,23.434999,22.5,22.939999,26.200001,31.67,29.189999,30.0,13.0,5.196
2020-03-19 15:00:00+01:00,29.16,23.484999,22.5,23.139999,27.200001,31.379999,28.799999,31.5,12.0,5.196
2020-03-19 15:15:00+01:00,29.105,23.545,23.5,23.139999,27.200001,30.41,28.33,33.0,13.0,5.184
2020-03-19 15:30:00+01:00,29.105,23.564999,23.5,23.16,26.200001,29.929998,27.67,31.5,13.0,5.232
2020-03-19 15:45:00+01:00,29.215,23.584999,23.5,23.32,26.200001,30.5,27.639999,30.0,14.0,5.196
2020-03-19 16:00:00+01:00,29.014999,23.59,23.5,23.26,26.700001,30.5,27.469999,31.5,13.0,5.184
2020-03-19 16:15:00+01:00,29.004999,23.58,23.5,23.34,27.200001,30.92,27.4,33.0,12.0,5.148
2020-03-19 16:30:00+01:00,28.904999,23.574999,23.5,23.34,27.200001,31.08,27.439999,31.5,13.0,5.184
2020-03-19 16:45:00+01:00,28.814999,23.564999,23.5,23.459999,27.200001,30.779999,27.269999,30.0,13.0,5.184
2020-03-19 17:00:00+01:00,28.775,23.555,23.5,23.5,26.700001,30.889999,27.15,32.5,13.0,5.196
2020-03-19 17:15:00+01:00,28.744999,23.545,23.5,23.58,26.200001,31.09,27.15,35.0,12.0,5.16
2020-03-19 17:30:00+01:00,28.654999,23.545,23.5,23.48,26.200001,30.869999,27.099998,36.0,14.0,5.184
2020-03-19 17:45:00+01:00,27.769999,23.51,23.5,22.32,25.200001,31.82,27.109999,37.0,13.0,5.1
2020-03-19 18:00:00+01:00,27.859999,23.434999,23.5,22.16,25.200001,31.769999,27.219999,36.0,13.0,5.124
2020-03-19 18:15:00+01:00,27.795,23.404999,23.5,21.879999,24.200001,31.75,27.18,35.0,13.0,5.1
2020-03-19 18:30:00+01:00,27.809999,23.404999,23.5,21.879999,23.200001,31.75,27.15,38.5,12.0,5.124
2020-03-19 18:45:00+01:00,27.889999,23.404999,23.5,22.08,22.200001,31.41,26.949999,42.0,13.0,5.136
2020-03-19 19:00:00+01:00,28.465,23.389999,23.5,22.779999,21.200001,30.98,26.83,42.0,12.0,5.136
2020-03-19 19:15:00+01:00,28.654999,23.41,23.5,22.82,20.200001,30.67,26.699999,42.0,14.0,5.136
2020-03-19 19:30:00+01:00,28.715,23.445,23.5,22.82,20.200001,30.519999,26.539999,43.5,13.0,5.052
2020-03-20 10:30:00+01:00,25.775,22.699999,22.5,20.42,20.0,37.040001,31.439999,49.5,12.0,5.076
2020-03-20 11:30:00+01:00,26.014999,22.92,22.5,19.299999,22.1,37.149998,31.609999,50.0,8.0,5.004
2020-03-20 11:45:00+01:00,25.35,22.775,22.5,18.699999,22.1,38.079998,32.0,52.0,14.0,5.064
2020-03-20 12:00:00+01:00,25.439999,22.67,22.5,18.859999,22.1,38.139999,32.259998,52.0,13.0,5.064
2020-03-20 12:15:00+01:00,25.199999,22.65,22.5,18.539999,22.1,38.489998,32.419998,52.0,12.0,5.076
2020-03-20 12:30:00+01:00,27.449999,22.699999,22.5,21.459999,20.1,36.27,32.52,50.0,13.0,5.076
2020-03-20 12:45:00+01:00,27.799999,22.9,22.5,21.82,20.1,36.079998,32.32,48.0,12.0,5.1
2020-03-20 13:00:00+01:00,27.945,23.025,22.5,21.939999,21.1,36.059998,32.32,48.0,13.0,5.124
2020-03-20 13:15:00+01:00,26.504999,23.049999,22.5,20.119999,25.1,37.849998,32.509998,48.0,12.0,5.124
2020-03-20 13:30:00+01:00,28.059999,23.08,22.5,22.1,26.1,37.16,33.029999,46.5,13.0,5.16
2020-03-20 13:45:00+01:00,28.209999,23.189999,22.5,22.359999,27.1,37.25,33.77,45.0,14.0,5.208
2020-03-20 14:00:00+01:00,28.195,23.314999,22.5,21.799999,23.9,37.309998,33.559998,43.5,13.0,5.208
2020-03-20 14:15:00+01:00,26.619999,23.299999,22.5,20.32,24.9,38.389999,33.399998,42.0,13.0,5.232
2020-03-20 14:30:00+01:00,26.455,23.209999,22.5,20.08,24.9,39.0,33.77,43.5,12.0,5.196
2020-03-20 14:45:00+01:00,26.224998,23.17,22.5,19.92,24.9,39.48,34.02,45.0,13.0,5.196
2020-03-20 15:00:00+01:00,26.504999,23.164999,22.5,20.84,25.9,39.09,34.059998,46.5,13.0,5.208
2020-03-20 15:15:00+01:00,28.195,23.324999,22.5,22.32,25.9,36.25,33.559998,48.0,14.0,5.184
2020-03-20 15:30:00+01:00,27.135,23.455,22.5,21.18,23.9,36.700001,32.779999,48.0,13.0,5.208
2020-03-20 15:45:00+01:00,26.545,23.404999,22.5,20.82,22.9,36.469997,32.27,48.0,12.0,5.232
2020-03-20 16:00:00+01:00,26.625,23.299999,22.5,21.059999,24.9,36.139999,31.889999,48.0,13.0,5.16
2020-03-20 16:15:00+01:00,28.355,23.389999,22.5,22.58,25.9,34.209999,31.429998,48.0,13.0,5.208
2020-03-20 16:30:00+01:00,28.529999,23.519999,23.5,22.719999,25.9,34.079998,30.83,49.5,13.0,5.172
2020-03-20 16:45:00+01:00,27.289999,23.555,23.5,21.139999,22.9,35.009998,30.559999,51.0,14.0,5.196
2020-03-20 17:00:00+01:00,27.019999,23.459999,23.5,20.879999,24.9,35.009998,30.48,49.5,12.0,5.208
2020-03-20 17:15:00+01:00,26.879999,23.404999,23.5,20.699999,21.9,34.93,30.24,48.0,13.0,5.196
2020-03-20 17:30:00+01:00,26.619999,23.35,23.5,20.42,21.9,35.040001,30.109999,48.0,13.0,5.124
2020-03-20 17:45:00+01:00,28.17,23.369999,23.5,22.379999,19.9,35.489998,30.709999,48.0,13.0,5.148
2020-03-21 11:30:00+01:00,27.869999,23.074999,22.5,21.539999,19.799999,35.389999,32.239998,48.0,9.0,5.016
2020-03-21 11:45:00+01:00,27.994999,23.094999,22.5,21.719999,20.799999,35.149998,31.9,45.0,13.0,5.1
2020-03-21 12:00:00+01:00,28.055,23.129999,22.5,21.84,21.799999,35.040001,31.699999,45.0,12.0,5.112
2020-03-21 12:15:00+01:00,27.244999,23.174999,22.5,20.48,22.799999,35.719997,31.599998,45.0,13.0,5.112
2020-03-21 12:30:00+01:00,26.135,23.084999,22.5,19.24,24.799999,36.880001,31.76,45.0,12.0,5.1
2020-03-21 12:45:00+01:00,26.42,23.004999,22.5,19.619999,22.799999,36.66,31.849998,45.0,13.0,5.112
2020-03-21 13:00:00+01:00,27.275,23.025,22.5,21.219999,25.799999,35.919998,31.859999,45.0,13.0,5.136
2020-03-21 13:15:00+01:00,28.76,23.189999,22.5,22.439999,25.799999,34.669998,31.629999,45.0,14.0,5.1
2020-03-21 13:30:00+01:00,28.965,23.404999,22.5,22.66,26.799999,33.989998,31.199999,42.5,13.0,5.22
2020-03-21 13:45:00+01:00,28.949999,23.494999,22.5,22.6,26.799999,33.829998,30.719999,40.0,12.0,5.196
2020-03-21 14:00:00+01:00,29.094999,23.564999,23.5,22.779999,26.700001,33.529999,30.34,40.0,13.0,5.184
2020-03-21 14:15:00+01:00,28.93,23.635,23.5,22.82,25.6,33.48,30.059999,40.0,13.0,5.184
2020-03-21 14:30:00+01:00,28.805,23.674999,23.5,23.059999,27.6,33.939999,30.139999,40.0,13.0,5.16
2020-03-21 15:00:00+01:00,28.195,23.689999,23.5,23.359999,26.6,34.649998,30.389999,40.0,14.0,5.124
2020-03-23 04:30:00+01:00,19.125,20.92,22.5,17.52,11.6,44.349998,36.27,61.0,13.0,5.04
2020-03-23 05:00:00+01:00,19.42,20.799999,22.5,17.559999,10.6,42.099998,34.759998,61.0,13.0,5.016
2020-03-23 05:15:00+01:00,19.65,20.779999,22.5,17.92,10.6,40.629997,33.899998,61.0,12.0,5.052
2020-03-23 05:30:00+01:00,19.629999,20.76,22.5,17.68,10.6,40.73,33.239998,61.0,14.0,5.028
2020-03-23 05:45:00+01:00,19.42,20.754999,22.5,17.66,10.6,40.790001,32.799999,61.0,12.0,5.052
2020-03-23 06:00:00+01:00,19.65,20.734999,22.5,17.82,10.6,40.119999,32.450001,61.0,12.0,5.088
2020-03-23 06:30:00+01:00,21.029999,20.799999,22.5,17.699999,10.6,36.649998,31.059999,59.0,12.0,5.016
2020-03-23 07:00:00+01:00,23.26,20.975,22.5,17.82,9.6,33.68,29.309999,57.0,12.0,5.028
2020-03-23 07:30:00+01:00,24.41,21.189999,22.5,17.879999,9.6,31.629999,27.879999,57.0,13.0,5.004
2020-03-23 10:15:00+01:00,24.85,21.52,22.5,17.440001,7.8,28.629999,23.99,49.0,12.0,5.004
2020-03-23 16:00:00+01:00,24.82,21.719999,22.5,18.279999,10.7,26.469999,20.41,42.0,13.0,5.004
2020-03-24 06:15:00+01:00,21.189999,20.605,22.5,17.440001,8.8,32.829998,25.189999,61.0,8.0,5.04
2020-03-24 07:00:00+01:00,20.889999,20.439999,22.5,17.279999,8.8,33.329998,24.32,65.5,13.0,5.028
2020-03-24 07:15:00+01:00,21.189999,20.484999,22.5,16.959999,8.8,33.059998,24.26,70.0,12.0,5.076
2020-03-24 07:30:00+01:00,21.359999,20.504999,22.5,17.059999,8.8,32.43,24.059999,72.5,13.0,5.064
2020-03-24 07:45:00+01:00,22.285,20.57,22.5,17.24,8.8,31.74,23.859999,75.0,14.0,5.076
2020-03-24 08:45:00+01:00,24.969999,21.164999,22.5,17.42,9.8,28.98,22.74,65.0,13.0,5.028
2020-03-24 09:45:00+01:00,25.105,21.305,22.5,17.699999,9.8,28.349998,22.269999,53.0,12.0,5.016
2020-03-24 10:00:00+01:00,24.994999,21.324999,22.5,17.98,10.8,28.209999,22.07,51.0,13.0,5.016
2020-03-24 10:15:00+01:00,24.99,21.314999,22.5,18.26,11.8,28.01,21.92,49.0,12.0,5.004
2020-03-24 10:30:00+01:00,24.92,21.35,22.5,18.219999,12.8,28.24,21.9,51.0,13.0,5.028
2020-03-24 11:30:00+01:00,24.684999,21.455,22.5,17.66,15.1,28.049999,21.57,46.0,12.0,5.028
2020-03-24 11:45:00+01:00,24.934999,21.48,22.5,17.779999,17.0,28.01,21.459999,46.0,13.0,5.016
2020-03-24 12:00:00+01:00,25.025,21.525,22.5,17.859999,16.0,27.92,21.48,46.0,12.0,5.04
2020-03-24 12:15:00+01:00,24.01,21.545,22.5,16.859999,18.200001,28.869999,21.469999,46.0,13.0,5.028
2020-03-24 12:30:00+01:00,24.209999,21.525,22.5,17.4,17.0,28.789999,21.51,43.0,12.0,5.004
2020-03-24 12:45:00+01:00,24.15,21.52,22.5,17.1,13.9,28.959999,21.539999,40.0,13.0,5.028
2020-03-24 13:00:00+01:00,24.26,21.525,22.5,17.299999,12.9,28.769999,21.51,40.0,12.0,5.076
2020-03-24 13:15:00+01:00,24.49,21.555,22.5,16.859999,17.1,27.959999,21.279999,40.0,12.0,5.04
2020-03-24 13:30:00+01:00,24.109999,21.6,22.5,17.1,17.1,28.199999,21.07,37.5,13.0,5.016
2020-03-24 13:45:00+01:00,24.24,21.615,22.5,17.24,20.1,28.369999,21.029999,35.0,12.0,5.088
2020-03-24 14:00:00+01:00,24.379999,21.635,22.5,17.68,18.799999,27.939999,20.969999,37.5,14.0,5.076
2020-03-24 14:15:00+01:00,24.004999,21.689999,22.5,16.92,20.799999,28.269999,20.889999,40.0,13.0,5.1
2020-03-24 14:30:00+01:00,24.07,21.709999,22.5,17.059999,19.5,28.289999,20.85,36.5,12.0,5.016
2020-03-24 14:45:00+01:00,23.894999,21.74,22.5,16.859999,20.5,27.849998,20.65,33.0,13.0,5.1
2020-03-24 15:00:00+01:00,24.16,21.764999,22.5,17.32,18.5,27.65,20.57,30.5,12.0,5.016
2020-03-24 15:15:00+01:00,24.574999,21.799999,22.5,17.68,20.5,26.689999,20.18,28.0,13.0,5.1
2020-03-24 15:30:00+01:00,24.824999,21.844999,22.5,17.92,18.4,26.23,19.719999,27.0,12.0,5.1
2020-03-24 15:45:00+01:00,24.85,21.9,22.5,17.34,18.4,24.809999,19.049999,26.0,13.0,5.076
2020-03-24 16:00:00+01:00,24.76,21.91,22.5,17.119999,19.4,25.08,18.76,25.0,12.0,5.112
2020-03-24 16:15:00+01:00,24.889999,21.93,22.5,17.459999,18.299999,25.68,18.719999,24.0,14.0,5.1
2020-03-24 16:30:00+01:00,24.855,21.92,22.5,17.58,18.299999,25.019999,18.49,24.0,12.0,5.1
2020-03-24 16:45:00+01:00,24.85,21.91,22.5,17.16,17.200001,24.609999,18.25,24.0,13.0,5.076
2020-03-24 17:00:00+01:00,24.65,21.9,22.5,17.42,18.1,24.109999,17.889999,25.0,12.0,5.1
2020-03-24 17:15:00+01:00,24.689999,21.889999,22.5,17.42,19.1,23.869999,17.58,26.0,13.0,5.088
2020-03-24 17:30:00+01:00,24.57,21.859999,22.5,16.879999,18.1,23.779999,17.41,27.0,12.0,5.028
2020-03-24 17:45:00+01:00,24.469999,21.84,22.5,16.799999,18.1,24.109999,17.34,28.0,13.0,5.076
2020-03-24 18:15:00+01:00,24.465,21.82,22.5,17.48,16.1,23.93,17.039999,30.0,13.0,5.028
2020-03-24 18:30:00+01:00,24.49,21.809999,22.5,16.959999,16.1,23.859999,17.049999,29.5,12.0,5.064
2020-03-24 18:45:00+01:00,24.525,21.799999,22.5,17.32,15.1,23.939999,17.01,29.0,14.0,5.064
2020-03-24 19:00:00+01:00,23.865,21.779999,22.5,17.42,14.1,24.039999,16.889999,31.5,12.0,5.088
2020-03-24 19:15:00+01:00,23.904999,21.689999,22.5,17.16,13.1,23.789999,16.859999,34.0,13.0,5.016
2020-03-24 19:30:00+01:00,24.029999,21.654999,22.5,17.18,13.1,24.059999,16.859999,35.5,12.0,5.064
2020-03-24 20:00:00+01:00,24.279999,21.654999,22.5,17.4,13.1,24.039999,16.859999,41.5,13.0,5.064
2020-03-25 06:15:00+01:00,20.844999,20.434999,22.5,16.959999,7.1,31.48,22.67,60.0,9.0,5.028
2020-03-25 06:30:00+01:00,21.014999,20.33,22.5,16.879999,7.1,31.059999,22.4,58.0,12.0,5.016
2020-03-25 06:45:00+01:00,20.98,20.33,22.5,17.039999,7.1,31.08,22.24,56.0,13.0,5.028
2020-03-25 08:00:00+01:00,23.484999,20.76,22.5,17.699999,8.1,29.08,21.43,56.0,13.0,5.124
2020-03-25 08:15:00+01:00,25.17,20.885,22.5,17.82,8.1,27.959999,21.4,56.0,12.0,5.04
2020-03-25 08:30:00+01:00,24.98,21.004999,22.5,17.52,8.1,27.9,21.15,56.0,14.0,5.004
2020-03-25 08:45:00+01:00,25.074999,21.074999,22.5,17.52,8.1,27.84,21.07,56.0,12.0,5.064
2020-03-25 09:00:00+01:00,25.049999,21.094999,22.5,17.440001,8.1,27.969999,21.059999,56.0,12.0,5.064
2020-03-25 09:15:00+01:00,25.014999,21.115,22.5,17.48,8.1,28.019999,21.0,56.0,13.0,5.064
2020-03-25 09:30:00+01:00,24.894999,21.15,22.5,17.440001,8.1,27.809999,20.99,54.5,12.0,5.04
2020-03-25 09:45:00+01:00,24.764999,21.15,22.5,17.42,9.1,27.98,20.949999,53.0,13.0,5.052
2020-03-25 10:15:00+01:00,24.664999,21.154999,22.5,17.48,9.0,27.66,20.67,49.0,13.0,5.064
2020-03-25 10:30:00+01:00,24.754999,21.154999,22.5,17.619999,9.0,27.519999,20.549999,49.0,12.0,5.04
2020-03-25 11:00:00+01:00,24.76,21.184999,22.5,17.559999,9.9,27.529999,20.529999,49.0,12.0,5.04
2020-03-25 11:15:00+01:00,24.934999,21.205,22.5,17.68,9.9,27.48,20.49,49.0,12.0,5.004
2020-03-25 12:00:00+01:00,24.769999,21.244999,22.5,17.639999,9.9,27.599998,20.449999,49.0,13.0,5.052
2020-03-25 12:30:00+01:00,25.234999,21.295,22.5,17.76,10.9,27.459999,20.449999,49.0,13.0,5.004
2020-03-25 12:45:00+01:00,25.269999,21.324999,22.5,18.24,11.9,27.439999,20.5,49.0,12.0,5.052
2020-03-25 13:00:00+01:00,24.869999,21.35,22.5,18.0,15.9,27.699999,20.5,47.5,13.0,5.052
2020-03-25 13:15:00+01:00,24.719999,21.359999,22.5,17.440001,15.8,27.689999,20.43,46.0,12.0,5.076
2020-03-25 13:45:00+01:00,24.98,21.41,22.5,18.279999,13.7,27.25,20.15,46.0,13.0,5.052
2020-03-25 14:00:00+01:00,24.769999,21.445,22.5,17.58,14.6,27.459999,20.189999,47.5,12.0,5.028
2020-03-25 14:15:00+01:00,25.039999,21.465,22.5,17.4,14.6,27.09,20.109999,49.0,14.0,5.004
2020-03-25 14:30:00+01:00,25.09,21.5,22.5,17.48,13.6,27.289999,20.059999,47.5,12.0,5.064
2020-03-25 14:45:00+01:00,25.119999,21.504999,22.5,17.84,14.6,27.15,20.01,46.0,13.0,5.052
2020-03-25 15:00:00+01:00,24.769999,21.52,22.5,17.539999,15.7,27.459999,20.08,46.0,12.0,5.076
2020-03-25 15:15:00+01:00,24.574999,21.52,22.5,17.68,14.6,27.719999,20.08,46.0,13.0,5.004
2020-03-25 15:30:00+01:00,24.644999,21.525,22.5,18.059999,14.6,27.379999,20.01,46.0,12.0,5.028
2020-03-25 15:45:00+01:00,24.779999,21.539999,22.5,17.440001,12.5,27.43,20.01,46.0,13.0,5.064
2020-03-25 16:00:00+01:00,24.904999,21.555,22.5,18.279999,12.6,26.84,19.92,46.0,12.0,5.076
2020-03-25 16:30:00+01:00,25.105,21.619999,22.5,17.959999,13.6,27.349998,19.92,46.0,12.0,5.124
2020-03-25 16:45:00+01:00,25.275,21.66,22.5,18.219999,14.6,26.969999,19.889999,46.0,14.0,5.004
2020-03-25 17:00:00+01:00,24.684999,21.639999,22.5,17.9,12.6,27.449999,19.889999,46.0,12.0,5.016
2020-03-25 17:15:00+01:00,24.754999,21.619999,22.5,17.539999,14.6,27.34,19.85,46.0,13.0,5.016
2020-03-25 17:45:00+01:00,25.154999,21.66,22.5,18.039999,13.6,26.76,19.59,46.0,13.0,5.076
2020-03-25 18:00:00+01:00,24.705,21.635,22.5,18.0,12.6,26.66,19.5,46.0,13.0,5.076
2020-03-25 18:15:00+01:00,24.945,21.619999,22.5,17.6,11.6,26.779999,19.539999,46.0,12.0,5.088
2020-03-25 18:30:00+01:00,24.549999,21.609999,22.5,17.699999,11.6,27.24,19.539999,49.5,13.0,5.1
2020-03-25 18:45:00+01:00,24.615,21.57,22.5,17.639999,11.6,26.889999,19.5,53.0,12.0,5.064
2020-03-25 19:00:00+01:00,24.539999,21.555,22.5,17.879999,10.6,27.119999,19.5,55.0,12.0,5.016
2020-03-25 19:15:00+01:00,24.609999,21.545,22.5,18.0,10.6,27.299999,19.559999,57.0,14.0,5.028
2020-03-25 19:30:00+01:00,24.844999,21.545,22.5,18.119999,10.6,27.24,19.639999,57.0,12.0,5.076
2020-03-25 19:45:00+01:00,24.779999,21.539999,22.5,17.559999,9.6,27.459999,19.689999,57.0,13.0,5.04
2020-03-25 20:00:00+01:00,24.654999,21.535,22.5,17.9,9.6,27.66,19.85,57.0,12.0,5.052
2020-03-26 06:15:00+01:00,20.285,20.174999,22.5,16.68,5.4,32.0,23.219999,69.0,9.0,5.028
2020-03-26 06:30:00+01:00,22.869999,20.23,22.5,17.779999,5.4,30.209999,22.689999,69.0,12.0,5.1
2020-03-26 06:45:00+01:00,18.859999,20.324999,22.5,16.76,7.4,34.200001,22.709999,69.0,13.0,5.064
2020-03-26 07:15:00+01:00,23.99,20.344999,22.5,17.779999,5.4,28.75,22.309999,69.0,13.0,5.016
2020-03-26 07:30:00+01:00,24.16,20.564999,22.5,17.559999,5.4,28.879999,22.039999,72.0,12.0,5.028
2020-03-26 07:45:00+01:00,24.744999,20.654999,22.5,17.699999,6.4,28.129999,21.76,75.0,13.0,5.004
2020-03-26 08:15:00+01:00,24.98,20.844999,22.5,17.32,7.4,27.809999,21.439999,70.0,12.0,5.028
2020-03-26 08:45:00+01:00,25.445,20.975,22.5,17.719999,8.4,26.439999,20.83,52.0,12.0,5.028
2020-03-26 09:00:00+01:00,25.205,21.029999,22.5,17.48,10.4,26.699999,20.51,52.0,14.0,5.088
2020-03-26 10:00:00+01:00,24.98,21.105,22.5,17.6,13.4,26.379999,19.84,50.5,13.0,5.052
2020-03-26 10:15:00+01:00,24.98,21.129999,22.5,17.66,13.4,26.129999,19.65,49.0,12.0,5.016
2020-03-26 10:30:00+01:00,24.779999,21.16,22.5,17.4,14.4,26.389999,19.65,47.5,12.0,5.052
2020-03-26 10:45:00+01:00,24.824999,21.164999,22.5,17.52,14.4,26.359999,19.59,46.0,13.0,5.028
2020-03-26 11:00:00+01:00,24.885,21.189999,22.5,17.6,15.4,26.629999,19.66,44.0,12.0,5.064
2020-03-26 11:15:00+01:00,24.844999,21.225,22.5,17.699999,15.4,26.59,19.629999,42.0,13.0,5.052
2020-03-26 11:30:00+01:00,24.9,21.25,22.5,17.32,14.4,26.32,19.51,44.0,14.0,5.088
2020-03-26 11:45:00+01:00,24.779999,21.289999,22.5,17.82,12.4,26.519999,19.469999,46.0,12.0,5.076
2020-03-26 12:00:00+01:00,24.885,21.305,22.5,17.92,12.3,26.049999,19.309999,46.0,13.0,5.076
2020-03-26 12:15:00+01:00,25.014999,21.324999,22.5,17.859999,11.3,25.689999,19.07,46.0,12.0,5.064
2020-03-26 12:30:00+01:00,24.764999,21.324999,22.5,17.52,11.3,25.91,18.949999,44.0,13.0,5.016
2020-03-26 12:45:00+01:00,25.025,21.34,22.5,17.379999,10.3,25.93,18.959999,42.0,12.0,5.052
2020-03-26 13:00:00+01:00,25.105,21.34,22.5,17.92,10.3,25.769999,18.85,47.5,13.0,5.064
2020-03-26 13:15:00+01:00,25.1,21.35,22.5,17.9,9.3,25.82,18.879999,53.0,12.0,5.04
2020-03-26 13:30:00+01:00,24.945,21.379999,22.5,17.799999,10.3,26.139999,18.85,57.0,13.0,5.04
2020-03-26 13:45:00+01:00,25.039999,21.369999,22.5,17.74,11.3,26.01,18.84,61.0,12.0,5.004
2020-03-26 14:00:00+01:00,24.924999,21.369999,22.5,17.6,12.3,26.01,18.84,61.0,12.0,5.028
2020-03-26 14:15:00+01:00,24.939999,21.369999,22.5,18.0,9.3,29.179998,20.27,61.0,14.0,5.1
2020-03-26 14:30:00+01:00,24.844999,21.359999,22.5,17.359999,9.3,29.59,20.779999,61.0,12.0,5.064
2020-03-26 14:45:00+01:00,24.449999,21.369999,22.5,17.039999,9.3,32.059998,21.85,61.0,13.0,5.04
2020-03-26 15:00:00+01:00,24.764999,21.369999,22.5,17.48,8.3,33.029999,23.119999,61.0,13.0,5.052
2020-03-26 15:15:00+01:00,24.705,21.359999,22.5,17.379999,9.3,32.849998,23.67,61.0,12.0,5.028
2020-03-26 15:30:00+01:00,24.744999,21.359999,22.5,17.4,10.3,32.939999,24.139999,63.0,13.0,5.004
2020-03-26 15:45:00+01:00,24.799999,21.379999,22.5,17.5,12.3,33.0,24.549999,65.0,12.0,5.052
2020-03-26 16:00:00+01:00,24.904999,21.41,22.5,17.6,13.3,33.169998,24.859999,67.5,12.0,5.076
2020-03-26 16:15:00+01:00,24.969999,21.449999,22.5,17.68,13.3,32.619999,24.74,70.0,13.0,5.088
2020-03-26 16:30:00+01:00,24.934999,21.455,22.5,17.66,13.3,32.489998,24.66,70.0,12.0,5.004
2020-03-26 16:45:00+01:00,24.945,21.459999,22.5,17.66,12.3,32.75,24.859999,70.0,14.0,5.088
2020-03-26 17:00:00+01:00,24.945,21.459999,22.5,17.66,12.3,32.91,25.019999,70.0,12.0,5.016
2020-03-26 17:15:00+01:00,24.904999,21.459999,22.5,17.66,11.3,33.040001,25.16,70.0,13.0,5.028
2020-03-26 17:30:00+01:00,24.889999,21.459999,22.5,17.619999,11.3,33.279999,25.449999,70.0,12.0,5.04
2020-03-26 17:45:00+01:00,24.889999,21.459999,22.5,17.639999,11.3,33.360001,25.639999,70.0,13.0,5.04
2020-03-26 18:00:00+01:00,24.879999,21.445,22.5,17.639999,11.3,33.209999,25.599998,70.0,12.0,5.052
2020-03-26 18:15:00+01:00,24.955,21.449999,22.5,17.699999,11.3,33.02,25.68,70.0,13.0,5.052
2020-03-26 18:30:00+01:00,24.93,21.445,22.5,17.779999,11.3,33.040001,25.769999,70.0,12.0,5.148
2020-03-26 18:45:00+01:00,24.695,21.434999,22.5,17.699999,11.3,33.34,25.799999,70.0,13.0,5.052
2020-03-26 19:00:00+01:00,24.84,21.42,22.5,17.639999,11.3,33.880001,26.0,73.0,14.0,5.076
2020-03-26 19:15:00+01:00,24.469999,21.41,22.5,16.98,11.3,34.040001,26.199999,76.0,12.0,5.064
2020-03-26 19:30:00+01:00,24.949999,21.395,22.5,17.66,11.3,34.059998,26.379999,76.0,12.0,5.052
2020-03-26 19:45:00+01:00,24.939999,21.41,22.5,17.619999,11.3,33.969997,26.549999,76.0,13.0,5.064
2020-03-26 20:00:00+01:00,24.934999,21.41,22.5,17.6,11.3,33.93,26.629999,81.5,12.0,5.088
2020-03-27 06:15:00+01:00,21.869999,20.219999,22.5,17.379999,8.3,40.860001,29.65,87.0,9.0,5.064
2020-03-27 06:30:00+01:00,23.32,20.34,22.5,17.58,8.3,38.989998,30.929998,87.0,12.0,5.016
2020-03-27 06:45:00+01:00,23.959999,20.514999,22.5,17.6,8.3,38.68,31.379999,87.0,13.0,5.016
2020-03-27 07:00:00+01:00,24.644999,20.654999,22.5,17.559999,8.3,37.829998,31.549999,84.0,12.0,5.052
2020-03-27 07:15:00+01:00,24.799999,20.795,22.5,17.4,8.3,37.25,31.549999,81.0,13.0,5.016
2020-03-27 07:30:00+01:00,24.865,20.855,22.5,17.359999,8.3,37.02,31.609999,81.0,12.0,5.112
2020-03-27 07:45:00+01:00,25.004999,20.904999,22.5,17.4,8.3,37.509998,31.689999,81.0,13.0,5.04
2020-03-27 08:00:00+01:00,25.08,20.959999,22.5,17.48,8.3,37.309998,31.84,84.0,13.0,5.1
2020-03-27 08:30:00+01:00,25.215,21.035,22.5,17.539999,9.3,37.149998,32.07,87.0,14.0,5.004
2020-03-27 08:45:00+01:00,25.205,21.064999,22.5,17.559999,9.3,37.489998,32.099998,87.0,12.0,5.028
2020-03-27 09:00:00+01:00,25.139999,21.094999,22.5,17.619999,9.3,37.32,32.18,87.0,13.0,5.088
2020-03-27 09:15:00+01:00,25.09,21.094999,22.5,17.719999,9.3,37.209999,32.18,87.0,12.0,5.076
2020-03-27 09:30:00+01:00,24.885,21.094999,22.5,17.699999,10.3,37.82,32.259998,87.0,13.0,5.088
2020-03-27 10:00:00+01:00,24.869999,21.094999,22.5,17.859999,10.3,37.52,32.489998,87.0,12.0,5.04
2020-03-27 10:30:00+01:00,24.6,21.094999,22.5,17.440001,10.3,38.129997,32.689999,87.0,12.0,5.016
2020-03-27 10:45:00+01:00,24.414999,21.105,22.5,17.42,10.3,39.149998,32.93,87.0,14.0,5.1
2020-03-27 11:00:00+01:00,24.834999,21.129999,22.5,17.859999,9.3,38.48,33.239998,81.5,12.0,5.1
2020-03-27 11:15:00+01:00,24.66,21.16,22.5,17.76,9.3,38.939999,33.619999,76.0,13.0,5.112
2020-03-27 11:30:00+01:00,24.439999,21.174999,22.5,17.32,9.3,39.139999,33.739998,78.5,13.0,5.04
2020-03-27 11:45:00+01:00,24.625,21.189999,22.5,17.1,10.3,38.860001,33.779999,81.0,12.0,5.016
2020-03-27 12:00:00+01:00,24.74,21.205,22.5,17.940001,11.3,39.200001,34.009998,81.0,13.0,5.088
2020-03-27 12:15:00+01:00,24.734999,21.225,22.5,17.779999,11.3,38.959999,34.040001,81.0,12.0,5.16
2020-03-27 12:30:00+01:00,24.875,21.254999,22.5,17.76,11.3,39.149998,34.07,78.5,13.0,5.1
2020-03-27 12:45:00+01:00,24.894999,21.285,22.5,17.959999,11.3,38.790001,33.860001,76.0,12.0,5.076
2020-03-27 13:00:00+01:00,25.105,21.305,22.5,18.0,11.3,38.02,33.77,76.0,14.0,5.076
2020-03-27 13:15:00+01:00,24.734999,21.324999,22.5,17.719999,12.3,39.200001,33.880001,76.0,12.0,5.016
2020-03-27 13:30:00+01:00,24.994999,21.34,22.5,17.699999,12.3,39.07,33.989998,76.0,13.0,5.1
2020-03-27 13:45:00+01:00,24.98,21.359999,22.5,17.879999,12.3,39.299999,34.149998,76.0,13.0,5.1
2020-03-27 14:00:00+01:00,25.07,21.389999,22.5,18.1,13.3,38.450001,34.149998,76.0,12.0,5.052
2020-03-27 14:15:00+01:00,24.65,21.389999,22.5,17.84,14.3,38.73,33.989998,76.0,13.0,5.088
2020-03-27 14:30:00+01:00,24.709999,21.395,22.5,17.379999,14.3,39.009998,34.02,79.0,12.0,5.1
2020-03-27 14:45:00+01:00,24.699999,21.41,22.5,17.76,14.3,39.540001,34.119999,82.0,13.0,5.1
2020-03-27 15:00:00+01:00,24.855,21.42,22.5,17.879999,13.3,39.09,34.029999,82.0,12.0,5.112
2020-03-27 15:15:00+01:00,24.744999,21.434999,22.5,17.940001,13.3,39.610001,34.25,82.0,14.0,5.124
2020-03-27 15:30:00+01:00,24.789999,21.445,22.5,17.52,13.3,39.829998,34.419998,79.0,13.0,5.064
2020-03-27 15:45:00+01:00,25.029999,21.469999,22.5,17.440001,15.3,40.41,34.619999,76.0,12.0,5.1
2020-03-27 16:00:00+01:00,25.029999,21.504999,22.5,18.039999,16.299999,39.259998,34.599998,76.0,13.0,5.088
2020-03-27 16:15:00+01:00,24.914999,21.52,22.5,17.779999,15.3,39.049999,34.399998,76.0,12.0,5.064
2020-03-27 16:30:00+01:00,25.039999,21.51,22.5,18.08,14.3,39.040001,34.369999,76.0,13.0,5.136
2020-03-27 16:45:00+01:00,24.869999,21.529999,22.5,18.16,14.3,39.459999,34.57,76.0,13.0,5.064
2020-03-27 17:00:00+01:00,25.039999,21.525,22.5,18.1,14.3,40.139999,34.809998,73.5,12.0,5.172
2020-03-27 17:15:00+01:00,24.539999,21.539999,22.5,17.699999,15.3,40.579998,34.829998,71.0,14.0,5.064
2020-03-27 17:30:00+01:00,24.51,21.52,22.5,17.940001,15.3,41.079998,35.16,76.5,13.0,5.064
2020-03-27 17:45:00+01:00,24.529999,21.52,22.5,18.0,15.3,40.989998,35.43,82.0,12.0,5.064
2020-03-27 18:00:00+01:00,24.525,21.51,22.5,18.08,14.3,41.219997,35.649998,82.0,13.0,5.1
2020-03-27 18:15:00+01:00,24.824999,21.51,22.5,17.82,14.3,41.219997,35.799999,82.0,13.0,5.124
2020-03-27 18:30:00+01:00,24.449999,21.52,22.5,17.76,14.3,41.59,35.93,84.5,12.0,5.064
2020-03-27 18:45:00+01:00,24.779999,21.5,22.5,17.959999,13.3,41.110001,35.91,87.0,13.0,5.052
2020-03-27 19:00:00+01:00,24.625,21.52,22.5,18.119999,13.3,40.43,35.829998,87.0,12.0,5.112
2020-03-27 19:15:00+01:00,24.82,21.5,22.5,17.959999,13.3,40.059998,35.689999,87.0,14.0,5.064
2020-03-27 19:30:00+01:00,24.84,21.5,22.5,17.859999,13.3,40.509998,35.619999,87.0,13.0,5.064
2020-03-27 19:45:00+01:00,24.764999,21.49,22.5,18.0,13.3,40.379997,35.619999,87.0,12.0,5.1
2020-03-27 20:00:00+01:00,24.664999,21.49,22.5,17.52,13.3,40.239998,35.5,87.0,13.0,5.04
2020-03-28 06:15:00+01:00,19.379999,20.314999,22.5,17.719999,12.3,50.029999,35.93,93.0,9.0,5.1
2020-03-28 06:30:00+01:00,19.24,20.154999,22.5,17.379999,12.3,50.299999,37.200001,93.0,12.0,5.136
2020-03-28 06:45:00+01:00,19.439999,20.119999,22.5,17.58,12.3,50.52,37.91,93.0,13.0,5.136
2020-03-28 07:00:00+01:00,19.68,20.109999,22.5,17.619999,12.3,49.68,38.34,90.0,13.0,5.076
2020-03-28 07:15:00+01:00,19.59,20.109999,22.5,17.66,12.3,49.939999,38.610001,87.0,13.0,5.208
2020-03-28 07:30:00+01:00,19.57,20.1,22.5,17.58,12.3,50.02,38.849998,90.0,13.0,5.16
2020-03-28 07:45:00+01:00,19.539999,20.08,22.5,17.559999,12.3,50.66,39.079998,93.0,12.0,5.184
2020-03-28 08:00:00+01:00,19.504999,20.07,22.5,17.559999,12.3,50.59,39.259998,84.5,14.0,5.16
2020-03-28 08:15:00+01:00,24.99,20.27,22.5,17.68,12.3,41.41,39.23,76.0,12.0,5.148
2020-03-28 08:30:00+01:00,25.014999,20.725,22.5,17.639999,13.3,41.77,38.540001,76.0,13.0,5.124
2020-03-28 09:00:00+01:00,25.305,21.045,22.5,17.9,16.299999,41.059998,38.079998,74.0,12.0,5.064
2020-03-28 09:15:00+01:00,25.394999,21.105,22.5,18.02,17.299999,40.989998,38.040001,72.0,13.0,5.064
2020-03-28 09:30:00+01:00,25.504999,21.189999,22.5,18.16,18.299999,40.969997,38.07,72.0,12.0,5.064
2020-03-28 09:45:00+01:00,24.939999,21.24,22.5,18.039999,18.299999,41.759998,38.049999,72.0,13.0,5.124
2020-03-28 10:00:00+01:00,24.549999,21.254999,22.5,17.82,20.299999,42.110001,38.07,69.5,14.0,5.172
2020-03-28 10:15:00+01:00,24.85,21.254999,22.5,17.639999,19.299999,42.309998,38.200001,67.0,12.0,5.088
2020-03-28 10:30:00+01:00,24.885,21.305,22.5,17.58,20.299999,41.649998,38.169998,67.0,13.0,5.16
2020-03-28 10:45:00+01:00,24.834999,21.324999,22.5,17.4,20.299999,41.52,37.989998,67.0,13.0,5.148
2020-03-28 11:00:00+01:00,25.1,21.359999,22.5,18.08,19.1,41.059998,37.649998,61.0,13.0,5.136
2020-03-28 11:15:00+01:00,24.34,21.379999,22.5,17.539999,21.1,42.219997,37.489998,55.0,12.0,5.148
2020-03-28 11:30:00+01:00,24.355,21.389999,22.5,17.66,23.1,42.32,37.82,57.0,13.0,5.148
2020-03-28 11:45:00+01:00,24.24,21.389999,22.5,17.559999,23.1,42.209999,37.59,59.0,12.0,5.124
2020-03-28 12:00:00+01:00,24.764999,21.434999,22.5,18.299999,24.1,40.860001,37.489998,55.0,14.0,5.22
2020-03-28 12:15:00+01:00,24.82,21.494999,22.5,17.639999,24.1,40.790001,37.130001,51.0,13.0,5.136
2020-03-28 12:30:00+01:00,25.135,21.59,22.5,17.619999,24.1,40.73,37.049999,49.5,13.0,5.136
2020-03-28 12:45:00+01:00,25.445,21.66,22.5,17.940001,24.1,38.639999,36.48,48.0,13.0,5.172
2020-03-28 13:00:00+01:00,25.795,21.74,22.5,18.539999,25.1,36.529999,35.18,46.5,12.0,5.148
2020-03-28 13:15:00+01:00,27.805,21.859999,22.5,20.84,26.1,35.07,34.57,45.0,13.0,5.136
2020-03-28 13:30:00+01:00,28.25,22.119999,22.5,21.18,26.1,34.719997,33.689999,45.0,14.0,5.16
2020-03-28 13:45:00+01:00,28.535,22.289999,22.5,21.539999,26.1,34.209999,33.009998,45.0,13.0,5.172
2020-03-28 14:00:00+01:00,28.17,22.4,22.5,20.779999,24.1,34.299999,32.279999,43.5,13.0,5.184
2020-03-28 14:15:00+01:00,28.334999,22.4,22.5,21.559999,25.1,34.09,32.349998,42.0,12.0,5.016
2020-03-28 14:30:00+01:00,28.65,22.51,22.5,21.84,26.1,34.009998,32.32,42.0,13.0,5.124
2020-03-28 14:45:00+01:00,28.769999,22.594999,22.5,22.02,26.1,34.110001,32.18,42.0,12.0,5.184
2020-03-28 15:00:00+01:00,28.82,22.674999,22.5,22.219999,25.1,34.02,32.059998,43.5,13.0,5.184
2020-03-30 05:15:00+02:00,18.539999,20.51,22.5,17.059999,12.9,54.349998,38.619999,93.0,8.0,5.16
2020-03-30 05:30:00+02:00,18.77,20.355,22.5,17.34,12.9,54.009998,39.879997,93.0,13.0,5.184
2020-03-30 05:45:00+02:00,19.4,20.309999,22.5,17.379999,11.8,53.23,40.77,93.0,12.0,5.16
2020-03-30 06:00:00+02:00,19.529999,20.309999,22.5,17.92,11.8,53.199997,41.23,93.0,14.0,5.184
2020-03-30 06:15:00+02:00,19.355,20.309999,22.5,17.639999,11.8,53.239998,41.529999,93.0,13.0,5.088
2020-03-30 06:30:00+02:00,19.43,20.299999,22.5,17.08,11.8,53.509998,41.689999,93.0,13.0,5.16
2020-03-30 06:45:00+02:00,19.52,20.289999,22.5,17.92,11.8,52.209999,41.689999,93.0,12.0,5.172
2020-03-30 07:00:00+02:00,19.199999,20.27,22.5,17.139999,11.8,53.879997,41.759998,93.0,13.0,5.124
2020-03-30 07:30:00+02:00,21.26,20.379999,22.5,17.799999,11.8,49.73,41.73,93.0,12.0,5.076
2020-03-30 07:45:00+02:00,22.664999,20.484999,22.5,17.66,11.8,47.539997,41.919998,93.0,14.0,5.064
2020-03-30 08:00:00+02:00,23.285,20.645,22.5,17.74,10.8,46.84,41.939999,93.0,12.0,5.028
2020-03-30 08:15:00+02:00,23.705,20.795,22.5,18.119999,10.8,45.829998,41.879997,93.0,13.0,5.076
2020-03-30 08:30:00+02:00,23.969999,20.895,22.5,17.539999,10.8,46.610001,41.899998,93.0,12.0,5.1
2020-03-30 08:45:00+02:00,24.5,20.994999,22.5,17.879999,10.8,45.59,42.139999,93.0,13.0,5.076
2020-03-30 09:00:00+02:00,24.914999,21.094999,22.5,18.1,10.8,45.719997,42.279999,93.0,12.0,5.064
2020-03-30 09:15:00+02:00,24.639999,21.145,22.5,17.639999,10.8,45.0,42.02,93.0,13.0,5.052
2020-03-30 09:30:00+02:00,24.934999,21.164999,22.5,17.699999,10.8,44.899998,42.139999,93.0,13.0,5.04
2020-03-30 09:45:00+02:00,24.869999,21.205,22.5,17.84,10.8,45.829998,42.23,93.0,12.0,5.1
2020-03-30 10:00:00+02:00,24.635,21.244999,22.5,17.58,10.8,46.279999,42.309998,93.0,14.0,5.04
2020-03-30 10:15:00+02:00,24.885,21.244999,22.5,17.5,10.8,45.869999,42.57,93.0,12.0,5.088
2020-03-30 10:30:00+02:00,24.51,21.244999,22.5,18.119999,10.8,45.68,42.829998,93.0,13.0,5.1
2020-03-30 10:45:00+02:00,24.33,21.234999,22.5,17.52,10.8,48.059998,42.91,93.0,12.0,5.1
2020-03-30 11:00:00+02:00,24.33,21.225,22.5,18.1,10.8,46.16,43.099998,93.0,13.0,5.1
2020-03-30 11:15:00+02:00,24.17,21.225,22.5,17.9,10.8,47.379997,43.200001,93.0,12.0,5.076
2020-03-30 11:30:00+02:00,24.269999,21.225,22.5,17.58,11.8,46.98,43.16,90.0,13.0,5.124
2020-03-30 11:45:00+02:00,24.269999,21.225,22.5,18.08,11.8,46.579998,43.299999,87.0,13.0,5.088
2020-03-30 12:00:00+02:00,24.16,21.234999,22.5,17.34,11.8,47.619999,43.43,84.5,12.0,5.052
2020-03-30 12:15:00+02:00,23.635,21.215,22.5,17.219999,11.8,48.469997,43.59,82.0,14.0,5.088
2020-03-30 12:45:00+02:00,24.039999,21.215,22.5,17.619999,11.8,47.709999,43.82,82.0,13.0,5.028
2020-03-30 13:00:00+02:00,23.959999,21.215,22.5,17.48,11.8,48.039997,43.879997,82.0,12.0,5.004
2020-03-30 13:15:00+02:00,23.994999,21.225,22.5,17.52,12.8,47.91,43.849998,82.0,12.0,5.004
2020-03-30 13:30:00+02:00,23.615,21.234999,22.5,17.58,11.8,47.139999,43.5,76.5,13.0,5.088
2020-03-30 13:45:00+02:00,24.51,21.264999,22.5,17.699999,12.8,45.09,42.91,71.0,12.0,5.088
2020-03-30 14:00:00+02:00,24.449999,21.35,22.5,17.219999,12.8,45.379997,42.66,71.0,13.0,5.016
2020-03-30 14:15:00+02:00,24.26,21.389999,22.5,17.299999,12.8,45.799999,42.360001,71.0,12.0,5.028
2020-03-30 14:30:00+02:00,24.615,21.41,22.5,17.92,11.8,44.639999,42.16,71.5,13.0,5.1
2020-03-30 14:45:00+02:00,24.469999,21.445,22.5,17.119999,12.8,44.539997,41.75,72.0,14.0,5.004
2020-03-30 15:00:00+02:00,24.32,21.455,22.5,17.4,14.9,43.899998,41.360001,69.5,12.0,5.088
2020-03-30 15:15:00+02:00,24.26,21.455,22.5,17.279999,14.9,43.899998,40.899998,67.0,13.0,5.04
2020-03-30 15:30:00+02:00,24.189999,21.459999,22.5,17.440001,16.9,43.669998,40.629997,69.5,12.0,5.088
2020-03-30 15:45:00+02:00,24.18,21.469999,22.5,16.859999,15.8,43.739998,40.27,72.0,13.0,5.112
2020-03-30 16:00:00+02:00,24.16,21.504999,22.5,17.039999,16.799999,43.610001,39.799999,72.0,12.0,5.064
2020-03-30 16:15:00+02:00,24.174999,21.525,22.5,16.879999,15.8,44.049999,39.66,72.0,13.0,5.064
2020-03-30 16:30:00+02:00,24.24,21.525,22.5,16.959999,16.799999,43.169998,39.489998,72.0,13.0,5.04
2020-03-30 16:45:00+02:00,24.34,21.535,22.5,17.42,15.8,43.119999,39.5,72.0,12.0,5.064
2020-03-30 17:00:00+02:00,24.129999,21.545,22.5,17.02,15.9,43.610001,39.27,72.0,14.0,5.052
2020-03-30 17:15:00+02:00,24.1,21.545,22.5,17.279999,16.9,44.27,39.559998,72.0,12.0,5.088
2020-03-30 17:30:00+02:00,24.5,21.59,22.5,17.559999,18.9,42.649998,39.5,74.0,13.0,5.088
2020-03-30 17:45:00+02:00,23.98,21.609999,22.5,17.6,17.9,43.779999,39.399998,76.0,12.0,5.052
2020-03-30 18:00:00+02:00,23.859999,21.594999,22.5,17.58,16.9,44.279999,39.469997,76.0,13.0,5.088
2020-03-30 18:15:00+02:00,23.865,21.6,22.5,17.52,16.9,44.119999,39.469997,76.0,13.0,5.124
2020-03-30 18:30:00+02:00,23.83,21.6,22.5,17.559999,16.9,44.25,39.43,76.0,12.0,5.076
2020-03-30 18:45:00+02:00,24.119999,21.6,22.5,17.039999,15.9,43.860001,39.43,76.0,13.0,5.136
2020-03-30 19:00:00+02:00,23.859999,21.625,22.5,17.4,16.9,44.57,39.489998,76.0,12.0,5.136
2020-03-30 19:15:00+02:00,23.84,21.615,22.5,17.539999,17.9,44.82,39.669998,76.0,14.0,5.136
2020-03-30 19:30:00+02:00,23.67,21.6,22.5,17.379999,15.9,44.799999,39.75,79.0,12.0,5.136
2020-03-30 19:45:00+02:00,24.039999,21.564999,22.5,17.58,15.9,44.200001,39.719997,82.0,13.0,5.124
2020-03-30 20:00:00+02:00,23.504999,21.59,22.5,17.219999,14.9,45.23,39.799999,82.0,13.0,5.088
2020-03-30 20:15:00+02:00,24.109999,21.59,22.5,18.02,15.9,43.93,39.75,82.0,12.0,5.076
2020-03-30 20:30:00+02:00,24.51,21.6,22.5,17.959999,14.9,43.219997,39.629997,82.0,13.0,5.052
2020-03-30 20:45:00+02:00,23.799999,21.594999,22.5,17.18,14.9,44.32,39.52,82.0,12.0,5.04
2020-03-30 21:00:00+02:00,24.32,21.594999,22.5,17.440001,14.9,43.079998,39.43,82.0,13.0,5.04
2020-03-31 07:15:00+02:00,21.18,20.385,22.5,17.5,8.9,43.48,38.52,93.0,8.0,5.052
2020-03-31 07:45:00+02:00,20.789999,20.32,22.5,17.359999,8.9,42.57,37.18,93.0,12.0,5.052
2020-03-31 08:00:00+02:00,21.119999,20.299999,22.5,17.279999,7.8,42.48,36.82,93.0,12.0,5.052
2020-03-31 08:15:00+02:00,21.225,20.32,22.5,17.1,7.8,42.279999,36.389999,93.0,13.0,5.04
2020-03-31 08:45:00+02:00,22.809999,20.41,22.5,17.26,8.8,38.879997,35.450001,93.0,14.0,5.028
2020-03-31 09:00:00+02:00,23.094999,20.52,22.5,17.32,8.8,38.639999,35.079998,93.0,12.0,5.004
2020-03-31 09:15:00+02:00,25.455,20.74,22.5,18.059999,8.8,36.18,34.439999,93.0,12.0,5.016
2020-03-31 09:30:00+02:00,25.164999,20.904999,22.5,17.68,7.8,36.059998,34.029999,90.0,13.0,5.004
2020-03-31 14:45:00+02:00,24.945,21.189999,22.5,17.6,10.8,34.559998,30.41,66.0,13.0,5.148
2020-03-31 16:00:00+02:00,24.894999,21.225,22.5,17.52,10.9,33.529999,29.5,66.0,12.0,5.028
2020-03-31 16:15:00+02:00,24.764999,21.225,22.5,17.76,11.9,33.59,29.389999,66.0,13.0,5.004
2020-03-31 16:30:00+02:00,24.98,21.234999,22.5,18.199999,13.9,33.329998,29.26,63.5,12.0,5.04
2020-03-31 16:45:00+02:00,24.754999,21.25,22.5,18.199999,12.9,33.27,29.109999,61.0,12.0,5.04
2020-03-31 17:15:00+02:00,24.865,21.305,22.5,17.66,13.8,33.200001,28.709999,61.0,12.0,5.028
2020-03-31 17:45:00+02:00,24.869999,21.324999,22.5,18.02,12.8,32.969997,28.58,61.0,13.0,5.028
2020-03-31 18:15:00+02:00,25.019999,21.369999,22.5,18.039999,13.8,32.739998,28.139999,61.0,13.0,5.028
2020-03-31 18:30:00+02:00,24.894999,21.389999,22.5,17.959999,13.8,32.259998,27.869999,61.0,12.0,5.004
2020-03-31 19:00:00+02:00,24.834999,21.375,22.5,18.199999,13.7,32.889999,27.82,59.0,12.0,5.016
2020-03-31 20:15:00+02:00,24.869999,21.389999,22.5,18.059999,10.6,33.169998,27.969999,70.0,12.0,5.016
2020-03-31 21:00:00+02:00,25.039999,21.389999,22.5,17.539999,11.6,32.700001,27.74,70.0,12.0,5.016
2020-04-01 07:15:00+02:00,21.045,20.129999,22.5,17.440001,9.6,36.09,31.26,75.0,7.0,5.016
2020-04-01 08:15:00+02:00,21.369999,20.07,22.5,17.1,9.6,33.309998,29.189999,70.0,12.0,5.028
2020-04-01 08:30:00+02:00,21.629999,20.119999,22.5,17.119999,10.6,32.399998,27.809999,67.5,13.0,5.016
2020-04-01 09:00:00+02:00,22.519999,20.23,22.5,17.299999,9.6,33.790001,27.549999,63.0,14.0,5.052
2020-04-01 09:15:00+02:00,25.449999,20.49,22.5,18.0,9.6,31.469999,27.199999,61.0,12.0,5.028
2020-04-01 10:15:00+02:00,25.025,20.844999,22.5,17.559999,9.6,32.149998,27.289999,61.0,12.0,5.016
2020-04-01 10:30:00+02:00,25.035,20.865,22.5,17.66,8.6,32.059998,27.129999,59.0,13.0,5.004
2020-04-01 10:45:00+02:00,24.834999,20.869999,22.5,17.6,10.6,31.9,26.98,57.0,12.0,5.016
2020-04-01 12:00:00+02:00,24.68,20.904999,22.5,16.799999,10.7,29.48,25.359999,49.5,12.0,5.028
2020-04-01 13:15:00+02:00,24.984999,20.965,22.5,18.02,12.8,29.639999,25.129999,46.0,12.0,5.004
2020-04-01 13:30:00+02:00,24.615,21.004999,22.5,17.42,12.8,30.269999,24.92,46.0,12.0,5.028
2020-04-01 14:00:00+02:00,24.955,21.055,22.5,18.0,12.8,29.119999,24.459999,44.5,12.0,5.004
2020-04-01 14:15:00+02:00,24.769999,21.07,22.5,18.139999,13.8,29.109999,24.269999,43.0,13.0,5.004
2020-04-01 14:30:00+02:00,24.664999,21.125,22.5,18.059999,13.8,29.08,23.82,43.0,12.0,5.004
2020-04-01 14:45:00+02:00,24.539999,21.125,22.5,17.9,13.8,28.799999,23.67,43.0,13.0,5.004
2020-04-01 15:30:00+02:00,24.58,21.209999,22.5,17.82,18.799999,30.429998,24.049999,44.5,14.0,5.004
2020-04-01 15:45:00+02:00,24.764999,21.234999,22.5,17.48,18.799999,29.91,24.09,43.0,12.0,5.004
2020-04-01 16:30:00+02:00,24.885,21.324999,22.5,17.879999,17.799999,29.689999,24.019999,43.0,12.0,5.016
2020-04-01 16:45:00+02:00,24.914999,21.334999,22.5,18.059999,17.799999,29.549999,23.98,46.0,13.0,5.04
2020-04-01 17:00:00+02:00,24.625,21.35,22.5,17.76,17.799999,29.879999,23.9,46.0,12.0,5.028
2020-04-01 17:15:00+02:00,24.635,21.369999,22.5,17.9,16.799999,29.859999,23.789999,46.0,13.0,5.052
2020-04-01 17:30:00+02:00,24.609999,21.369999,22.5,17.58,16.6,30.099998,23.789999,46.0,12.0,5.004
2020-04-01 17:45:00+02:00,24.635,21.375,22.5,17.68,16.6,29.879999,23.789999,46.0,13.0,5.088
2020-04-01 18:00:00+02:00,24.635,21.389999,22.5,17.959999,17.6,29.57,23.629999,48.0,12.0,5.028
2020-04-01 18:15:00+02:00,24.769999,21.389999,22.5,17.68,16.6,29.469999,23.629999,50.0,14.0,5.052
2020-04-01 18:45:00+02:00,24.775,21.389999,22.5,17.74,16.6,29.379999,23.389999,50.0,13.0,5.04
2020-04-01 19:00:00+02:00,24.82,21.389999,22.5,18.08,15.6,29.34,23.389999,50.0,12.0,5.076
2020-04-01 19:15:00+02:00,24.6,21.395,22.5,17.559999,16.6,29.549999,23.309999,50.0,13.0,5.028
2020-04-01 19:30:00+02:00,24.709999,21.389999,22.5,17.84,17.6,29.48,23.35,50.0,12.0,5.04
2020-04-01 19:45:00+02:00,24.664999,21.375,22.5,18.039999,17.6,29.559999,23.389999,50.0,12.0,5.076
2020-04-01 20:00:00+02:00,24.615,21.369999,22.5,18.16,16.5,29.73,23.439999,53.5,13.0,5.016
2020-04-01 20:15:00+02:00,24.615,21.375,22.5,18.0,16.5,29.84,23.51,57.0,12.0,5.004
2020-04-01 20:30:00+02:00,24.725,21.375,22.5,17.74,15.4,29.969999,23.549999,57.0,13.0,5.016
2020-04-01 20:45:00+02:00,24.719999,21.389999,22.5,17.92,14.4,30.01,23.549999,57.0,12.0,5.016
2020-04-02 07:30:00+02:00,20.725,19.959999,22.5,16.84,6.3,36.59,28.449999,84.0,12.0,5.004
2020-04-02 08:15:00+02:00,22.285,20.02,22.5,18.119999,7.3,35.09,28.129999,81.0,14.0,5.052
2020-04-02 08:30:00+02:00,23.26,20.139999,22.5,17.940001,7.3,34.279999,27.939999,78.0,13.0,5.1
2020-04-02 08:45:00+02:00,22.764999,20.254999,22.5,17.219999,7.3,34.489998,27.799999,75.0,12.0,5.028
2020-04-02 09:00:00+02:00,22.809999,20.275,22.5,17.0,7.3,34.700001,27.799999,72.5,12.0,5.004
2020-04-02 11:00:00+02:00,25.01,20.844999,22.5,17.459999,12.3,32.219997,26.9,51.5,12.0,5.04
2020-04-02 11:45:00+02:00,24.779999,20.959999,22.5,17.66,15.3,31.9,26.58,50.0,12.0,5.04
2020-04-02 12:00:00+02:00,24.83,21.004999,22.5,18.119999,16.299999,31.849998,26.4,48.5,13.0,5.076
2020-04-02 12:15:00+02:00,24.635,21.025,22.5,17.98,17.299999,32.07,26.279999,47.0,12.0,5.088
2020-04-02 12:30:00+02:00,24.834999,21.035,22.5,17.68,19.299999,30.74,25.809999,47.0,13.0,5.016
2020-04-02 12:45:00+02:00,24.785,21.064999,22.5,17.48,19.299999,30.09,25.289999,47.0,12.0,5.016
2020-04-02 13:00:00+02:00,24.764999,21.094999,22.5,17.74,19.299999,30.439999,25.029999,47.0,13.0,5.004
2020-04-02 13:15:00+02:00,24.889999,21.094999,22.5,17.48,19.299999,30.099998,24.789999,47.0,12.0,5.088
2020-04-02 13:30:00+02:00,24.91,21.125,22.5,17.5,18.299999,30.099998,24.59,47.0,13.0,5.028
2020-04-02 13:45:00+02:00,25.039999,21.195,22.5,18.02,20.299999,30.029999,24.559999,47.0,12.0,5.088
2020-04-02 14:00:00+02:00,24.754999,21.209999,22.5,17.559999,20.299999,30.209999,24.49,47.0,14.0,5.028
2020-04-02 14:15:00+02:00,24.644999,21.215,22.5,17.18,20.200001,30.369999,24.48,47.0,13.0,5.052
2020-04-02 14:30:00+02:00,25.445,21.225,22.5,17.9,19.0,29.98,24.449999,45.5,12.0,5.088
2020-04-02 14:45:00+02:00,24.129999,21.225,22.5,17.52,21.1,30.849998,24.449999,44.0,13.0,5.016
2020-04-02 15:00:00+02:00,23.785,21.195,22.5,17.299999,21.1,31.179998,24.48,44.0,12.0,5.1
2020-04-02 15:30:00+02:00,27.019999,21.555,22.5,20.059999,21.1,28.75,24.519999,44.0,8.0,5.028
2020-04-02 15:45:00+02:00,25.65,21.52,22.5,19.1,20.1,30.099998,24.35,44.0,13.0,5.052
2020-04-02 16:00:00+02:00,23.74,21.49,22.5,17.0,22.1,31.629999,24.35,44.0,12.0,5.028
2020-04-02 16:15:00+02:00,23.615,21.375,22.5,16.9,22.1,31.76,24.449999,44.0,13.0,5.028
2020-04-02 16:30:00+02:00,23.65,21.359999,22.5,17.1,21.1,31.76,24.5,44.0,12.0,5.028
2020-04-02 16:45:00+02:00,23.885,21.375,22.5,17.299999,23.1,31.66,24.539999,44.0,13.0,5.028
2020-04-02 17:00:00+02:00,24.65,21.434999,22.5,17.4,23.1,31.16,24.5,44.0,12.0,5.028
2020-04-02 17:15:00+02:00,24.644999,21.52,22.5,17.18,22.1,31.0,24.43,44.0,12.0,5.004
2020-04-02 17:30:00+02:00,25.074999,21.555,22.5,17.92,21.1,30.91,24.469999,42.5,13.0,5.028
2020-04-02 17:45:00+02:00,24.98,21.59,22.5,17.76,21.1,31.029999,24.519999,41.0,14.0,5.112
2020-04-02 18:00:00+02:00,24.394999,21.609999,22.5,17.76,21.1,31.549999,24.519999,41.0,12.0,5.088
2020-04-02 18:15:00+02:00,24.24,21.539999,22.5,17.779999,21.1,31.98,24.709999,41.0,13.0,5.1
2020-04-02 18:30:00+02:00,24.24,21.52,22.5,17.68,21.1,31.74,24.75,42.5,12.0,5.028
2020-04-02 18:45:00+02:00,24.16,21.5,22.5,17.699999,21.1,31.9,24.84,44.0,13.0,5.052
2020-04-02 19:00:00+02:00,24.49,21.5,22.5,17.48,21.1,31.849998,24.98,44.0,12.0,5.052
2020-04-02 19:15:00+02:00,24.16,21.52,22.5,17.639999,21.1,32.130001,24.859999,44.0,12.0,5.052
2020-04-02 19:30:00+02:00,24.615,21.525,22.5,18.199999,20.1,31.83,25.0,49.0,13.0,5.04
2020-04-02 19:45:00+02:00,24.279999,21.525,22.5,17.879999,21.1,31.99,24.939999,54.0,12.0,5.088
2020-04-02 20:00:00+02:00,24.24,21.52,22.5,17.699999,20.1,32.209999,25.1,55.5,13.0,5.04
2020-04-02 20:30:00+02:00,24.91,21.52,22.5,17.879999,19.1,31.9,25.299999,55.5,14.0,5.016
2020-04-02 20:45:00+02:00,24.144999,21.52,22.5,17.48,18.1,32.579998,25.34,54.0,12.0,5.016
2020-04-03 07:30:00+02:00,23.094999,20.33,22.5,17.5,8.1,35.959999,29.349998,84.0,12.0,5.052
2020-04-03 08:15:00+02:00,24.769999,20.775,22.5,17.539999,8.1,34.579998,29.059999,75.0,13.0,5.004
2020-04-03 08:30:00+02:00,24.619999,20.814999,22.5,17.440001,8.1,34.700001,29.109999,75.5,12.0,5.04
2020-04-03 08:45:00+02:00,24.625,20.844999,22.5,17.48,8.1,35.0,29.07,76.0,12.0,5.04
2020-04-03 09:15:00+02:00,24.574999,20.844999,22.5,17.5,8.1,34.559998,29.07,66.0,12.0,5.04
2020-04-03 09:30:00+02:00,24.619999,20.865,22.5,17.52,7.1,34.5,29.029999,68.5,13.0,5.016
2020-04-03 09:45:00+02:00,24.555,20.885,22.5,17.48,8.1,34.809998,29.0,71.0,12.0,5.04
2020-04-03 10:00:00+02:00,24.564999,20.895,22.5,17.52,8.1,34.559998,28.959999,64.0,13.0,5.028
2020-04-03 10:15:00+02:00,24.6,20.914999,22.5,17.52,11.1,34.279999,28.84,57.0,12.0,5.004
2020-04-03 10:30:00+02:00,24.764999,20.955,22.5,17.66,12.1,34.18,28.76,59.5,12.0,5.076
2020-04-03 11:00:00+02:00,24.764999,21.035,22.5,17.859999,13.1,34.5,28.769999,60.0,12.0,5.028
2020-04-03 11:15:00+02:00,24.539999,21.064999,22.5,17.779999,15.2,34.779999,28.769999,58.0,13.0,5.088
2020-04-03 11:30:00+02:00,24.769999,21.094999,22.5,17.859999,16.200001,34.41,28.809999,54.5,12.0,5.004
2020-04-03 11:45:00+02:00,24.885,21.154999,22.5,18.0,17.200001,34.309998,28.769999,51.0,13.0,5.016
2020-04-03 12:30:00+02:00,24.539999,21.205,22.5,17.5,18.299999,34.739998,28.51,51.0,12.0,5.076
2020-04-03 12:45:00+02:00,24.869999,21.254999,22.5,17.559999,17.200001,34.079998,28.439999,51.0,12.0,5.088
2020-04-03 13:00:00+02:00,25.0,21.314999,22.5,17.559999,19.299999,34.0,28.279999,49.0,13.0,5.016
2020-04-03 13:15:00+02:00,24.01,21.334999,22.5,17.32,20.299999,34.919998,28.289999,47.0,14.0,5.052
2020-04-03 13:30:00+02:00,24.469999,21.314999,22.5,17.84,18.299999,34.509998,28.32,45.5,12.0,5.124
2020-04-03 13:45:00+02:00,23.92,21.314999,22.5,17.219999,22.4,34.959999,28.24,44.0,13.0,5.088
2020-04-03 14:00:00+02:00,23.92,21.295,22.5,17.58,22.4,35.18,28.439999,44.0,12.0,5.064
2020-04-03 14:15:00+02:00,24.24,21.324999,22.5,17.719999,24.4,35.099998,28.58,44.0,13.0,5.148
2020-04-03 14:30:00+02:00,24.754999,21.389999,22.5,18.4,23.299999,34.630001,28.58,44.5,13.0,5.196
2020-04-03 14:45:00+02:00,25.045,21.459999,22.5,18.539999,22.299999,34.599998,28.619999,45.0,13.0,5.088
2020-04-03 15:00:00+02:00,25.16,21.525,22.5,18.859999,24.299999,35.18,28.939999,45.0,12.0,5.184
2020-04-03 15:15:00+02:00,27.045,21.619999,22.5,20.619999,25.299999,33.32,28.98,45.0,14.0,5.208
2020-04-03 15:30:00+02:00,27.424999,21.9,22.5,20.859999,26.299999,32.630001,28.709999,40.5,12.0,5.172
2020-04-03 15:45:00+02:00,27.639999,22.039999,22.5,21.0,25.299999,32.469997,28.359999,36.0,14.0,5.184
2020-04-03 16:00:00+02:00,27.82,22.16,22.5,20.799999,24.299999,32.119999,28.209999,36.0,12.0,5.196
2020-04-03 16:15:00+02:00,26.4,22.15,22.5,19.539999,23.299999,33.57,28.209999,36.0,13.0,5.16
2020-04-03 16:30:00+02:00,27.385,22.125,22.5,21.02,25.299999,32.239998,28.15,35.0,13.0,5.16
2020-04-03 16:45:00+02:00,26.549999,22.199999,22.5,19.879999,23.1,33.389999,28.059999,34.0,12.0,5.16
2020-04-03 17:00:00+02:00,26.619999,22.199999,22.5,19.779999,23.1,33.219997,28.059999,32.5,14.0,5.16
2020-04-03 17:15:00+02:00,26.84,22.24,22.5,20.18,24.1,32.02,27.99,31.0,13.0,5.172
2020-04-03 17:30:00+02:00,27.15,22.26,22.5,20.58,23.1,32.239998,27.539999,31.0,13.0,5.16
2020-04-03 17:45:00+02:00,26.969999,22.299999,22.5,20.459999,24.1,32.219997,27.5,31.0,13.0,5.208
2020-04-03 18:00:00+02:00,27.17,22.314999,22.5,20.6,24.1,31.09,26.869999,32.5,12.0,5.172
2020-04-03 18:15:00+02:00,26.799999,22.309999,22.5,20.6,22.1,31.209999,26.51,34.0,13.0,5.232
2020-04-03 18:30:00+02:00,26.709999,22.309999,22.5,20.639999,23.1,31.049999,26.359999,38.0,14.0,5.112
2020-04-03 18:45:00+02:00,26.959999,22.309999,22.5,20.84,22.1,30.859999,26.23,42.0,12.0,5.148
2020-04-03 19:00:00+02:00,26.23,22.299999,22.5,20.16,23.1,31.179998,25.959999,42.0,13.0,5.16
2020-04-03 19:15:00+02:00,26.404999,22.26,22.5,19.9,24.1,31.139999,25.959999,42.0,13.0,5.196
2020-04-03 19:30:00+02:00,26.334999,22.26,22.5,19.779999,23.1,31.039999,25.84,41.5,13.0,5.16
2020-04-03 19:45:00+02:00,26.779999,22.26,22.5,20.359999,23.1,30.769999,25.93,41.0,12.0,5.196
2020-04-03 20:00:00+02:00,26.68,22.309999,22.5,20.08,21.1,31.25,25.789999,42.5,13.0,5.184
2020-04-03 20:15:00+02:00,26.805,22.309999,22.5,20.639999,21.1,31.039999,25.799999,44.0,14.0,5.112
2020-04-03 20:30:00+02:00,26.719999,22.305,22.5,20.539999,21.1,30.279999,25.49,44.0,13.0,5.124
2020-04-03 20:45:00+02:00,28.039999,22.359999,22.5,21.879999,19.1,29.34,25.26,44.0,12.0,5.1
2020-04-04 07:15:00+02:00,18.715,20.559999,22.5,17.52,10.1,41.579998,29.9,70.0,7.0,5.016
2020-04-04 07:30:00+02:00,19.529999,20.355,22.5,17.859999,10.1,40.709999,30.26,65.5,14.0,5.028
2020-04-04 07:45:00+02:00,19.66,20.309999,22.5,17.799999,10.1,40.629997,30.4,61.0,12.0,5.076
2020-04-04 08:00:00+02:00,19.299999,20.299999,22.5,17.42,10.1,41.349998,30.49,65.5,13.0,5.088
2020-04-04 08:15:00+02:00,19.57,20.279999,22.5,17.74,10.1,40.610001,30.519999,70.0,12.0,5.064
2020-04-04 08:30:00+02:00,19.494999,20.26,22.5,17.619999,10.1,40.799999,30.549999,66.0,13.0,5.112
2020-04-04 08:45:00+02:00,19.449999,20.254999,22.5,17.58,10.1,41.0,30.639999,62.0,12.0,5.1
2020-04-04 09:00:00+02:00,19.43,20.219999,22.5,17.58,10.1,40.889999,30.679998,66.5,13.0,5.064
2020-04-04 09:15:00+02:00,24.459999,20.365,22.5,17.6,10.1,35.389999,30.49,71.0,13.0,5.016
2020-04-04 10:15:00+02:00,24.715,21.094999,22.5,18.18,14.1,34.529999,29.129999,58.0,14.0,5.016
2020-04-04 10:45:00+02:00,24.914999,21.215,22.5,18.0,15.1,34.32,28.91,51.0,13.0,5.028
2020-04-04 11:00:00+02:00,24.754999,21.244999,22.5,17.68,17.1,34.599998,28.75,51.0,12.0,5.016
2020-04-04 11:15:00+02:00,24.459999,21.285,22.5,17.699999,17.1,34.880001,28.75,51.0,12.0,5.004
2020-04-04 11:30:00+02:00,24.539999,21.314999,22.5,17.58,19.1,34.84,28.799999,51.0,13.0,5.016
2020-04-04 11:45:00+02:00,24.615,21.334999,22.5,17.82,19.1,34.93,28.849998,51.0,12.0,5.004
2020-04-04 12:00:00+02:00,24.449999,21.369999,22.5,16.959999,20.1,35.18,28.879999,46.5,13.0,5.016
2020-04-04 12:15:00+02:00,24.24,21.395,22.5,16.959999,21.1,35.34,28.879999,42.0,12.0,5.064
2020-04-04 12:30:00+02:00,24.789999,21.455,22.5,17.619999,21.1,34.709999,28.809999,40.5,13.0,5.028
2020-04-04 12:45:00+02:00,24.969999,21.494999,22.5,17.66,23.1,34.559998,28.74,39.0,14.0,5.052
2020-04-04 13:00:00+02:00,24.779999,21.535,22.5,17.440001,23.1,34.450001,28.549999,37.5,12.0,5.016
2020-04-04 13:15:00+02:00,24.789999,21.555,22.5,18.08,23.1,34.369999,28.42,36.0,13.0,5.004
2020-04-04 13:30:00+02:00,25.279999,21.619999,22.5,18.719999,23.1,34.0,28.269999,36.0,12.0,5.04
2020-04-04 13:45:00+02:00,25.445,21.695,22.5,18.799999,23.1,33.969997,28.16,36.0,13.0,5.028
2020-04-04 14:00:00+02:00,26.939999,21.789999,22.5,20.48,26.1,32.459999,28.16,37.5,12.0,5.124
2020-04-04 14:15:00+02:00,27.535,22.01,22.5,20.879999,26.1,31.689999,27.809999,39.0,13.0,5.112
2020-04-04 14:30:00+02:00,26.205,22.139999,22.5,19.639999,25.1,32.25,27.41,39.0,13.0,5.088
2020-04-04 14:45:00+02:00,28.105,22.189999,22.5,21.52,26.1,31.23,27.349998,39.0,12.0,5.052
2020-04-04 15:00:00+02:00,26.76,22.309999,22.5,20.42,25.1,32.529999,27.269999,39.0,14.0,5.112
2020-04-04 15:15:00+02:00,28.24,22.359999,22.5,21.92,26.1,31.24,27.279999,39.0,12.0,5.124
2020-04-04 15:30:00+02:00,28.615,22.48,22.5,22.199999,26.1,31.279999,27.359999,36.5,13.0,5.076
2020-04-04 15:45:00+02:00,28.555,22.574999,22.5,22.08,27.1,30.519999,27.019999,34.0,13.0,5.076
2020-04-04 16:00:00+02:00,28.785,22.639999,22.5,22.359999,26.0,30.17,26.75,35.5,12.0,5.172
2020-04-06 05:45:00+02:00,19.084999,20.285,22.5,17.279999,11.6,42.829998,32.34,61.0,12.0,5.1
2020-04-06 06:00:00+02:00,19.379999,20.279999,22.5,17.719999,11.6,42.439999,32.34,63.5,13.0,5.076
2020-04-06 06:15:00+02:00,19.34,20.26,22.5,17.76,11.6,42.610001,32.360001,66.0,12.0,5.016
2020-04-06 06:30:00+02:00,19.02,20.25,22.5,17.16,11.6,43.029999,32.419998,66.0,13.0,5.064
2020-04-06 06:45:00+02:00,19.264999,20.219999,22.5,17.879999,11.6,42.73,32.450001,66.0,12.0,5.04
2020-04-06 07:15:00+02:00,20.93,20.209999,22.5,17.42,11.6,39.989998,32.169998,70.0,12.0,5.016
2020-04-06 07:30:00+02:00,20.834999,20.32,22.5,17.26,11.6,39.98,32.059998,68.0,14.0,5.028
2020-04-06 07:45:00+02:00,22.154999,20.385,22.5,17.74,11.6,38.219997,31.75,66.0,12.0,5.016
2020-04-06 08:45:00+02:00,24.004999,20.885,22.5,17.9,11.6,36.380001,30.9,62.0,12.0,5.052
2020-04-06 09:15:00+02:00,24.18,20.994999,22.5,17.559999,11.6,37.139999,31.42,58.0,13.0,5.016
2020-04-06 09:45:00+02:00,23.904999,21.035,22.5,17.699999,13.6,37.279999,31.539999,47.0,12.0,5.052
2020-04-06 10:00:00+02:00,24.059999,21.055,22.5,17.32,14.6,37.219997,31.58,47.5,13.0,5.016
2020-04-06 10:15:00+02:00,24.049999,21.094999,22.5,17.92,16.6,37.380001,31.66,48.0,12.0,5.004
2020-04-06 10:30:00+02:00,23.965,21.105,22.5,17.9,16.6,37.450001,31.66,48.0,12.0,5.04
2020-04-06 10:45:00+02:00,23.689999,21.154999,22.5,17.18,18.6,37.559998,31.539999,48.0,14.0,5.04
2020-04-06 11:00:00+02:00,23.855,21.215,22.5,17.26,19.6,36.860001,31.279999,45.0,12.0,5.028
2020-04-06 11:15:00+02:00,23.65,21.244999,22.5,17.299999,20.6,36.369999,30.889999,42.0,13.0,5.04
2020-04-06 11:30:00+02:00,23.709999,21.244999,22.5,17.5,20.6,35.739998,30.41,40.5,13.0,5.076
2020-04-06 11:45:00+02:00,23.484999,21.264999,22.5,17.4,20.6,35.950001,30.09,39.0,12.0,5.028
2020-04-06 12:00:00+02:00,23.514999,21.285,22.5,17.42,20.6,36.719997,30.26,40.5,13.0,5.04
2020-04-06 12:15:00+02:00,24.004999,21.314999,22.5,17.440001,21.6,35.579998,29.9,42.0,12.0,5.004
2020-04-06 12:30:00+02:00,24.355,21.355,22.5,17.639999,21.4,35.189999,29.67,40.5,13.0,5.04
2020-04-06 12:45:00+02:00,24.469999,21.434999,22.5,17.74,21.4,35.439999,29.559999,39.0,12.0,5.004
2020-04-06 13:00:00+02:00,24.625,21.484999,22.5,17.940001,22.4,35.5,29.67,38.0,12.0,5.052
2020-04-06 13:15:00+02:00,25.014999,21.555,22.5,18.66,23.4,35.239998,29.74,37.0,14.0,5.028
2020-04-06 13:30:00+02:00,26.564999,21.645,22.5,20.459999,24.299999,33.869999,29.58,35.5,12.0,5.184
2020-04-06 13:45:00+02:00,27.48,21.9,22.5,21.199999,25.200001,33.079998,29.369999,34.0,13.0,5.136
2020-04-06 14:00:00+02:00,27.945,22.09,22.5,21.639999,25.200001,32.450001,29.119999,33.0,13.0,5.148
2020-04-06 14:15:00+02:00,27.994999,22.23,22.5,21.619999,27.299999,32.489998,28.859999,32.0,13.0,5.184
2020-04-06 14:30:00+02:00,28.365,22.35,22.5,22.039999,27.299999,31.779999,28.75,31.0,13.0,5.076
2020-04-06 14:45:00+02:00,28.164999,22.41,22.5,21.84,28.299999,31.59,28.24,30.0,12.0,5.088
2020-04-06 15:00:00+02:00,28.449999,22.459999,22.5,22.219999,27.299999,31.469999,28.119999,31.0,14.0,5.136
2020-04-06 15:15:00+02:00,28.365,22.549999,22.5,22.199999,28.299999,31.469999,27.879999,32.0,12.0,5.148
2020-04-06 15:30:00+02:00,28.34,22.59,22.5,22.139999,28.299999,31.01,27.57,30.0,13.0,5.088
2020-04-06 15:45:00+02:00,28.605,22.66,22.5,22.519999,29.299999,30.119999,27.269999,28.0,13.0,5.124
2020-04-06 16:00:00+02:00,28.785,22.734999,22.5,22.68,26.1,30.26,26.76,29.0,13.0,5.22
2020-04-06 16:15:00+02:00,28.865,22.834999,22.5,22.779999,27.1,29.809999,26.57,30.0,13.0,5.208
2020-04-06 16:30:00+02:00,28.984999,22.894999,22.5,22.9,27.1,29.91,26.379999,31.0,12.0,5.16
2020-04-06 16:45:00+02:00,28.875,22.939999,22.5,22.699999,28.1,30.209999,26.349998,32.0,14.0,5.16
2020-04-06 17:00:00+02:00,29.039999,22.984999,22.5,22.959999,26.0,30.24,26.349998,31.0,13.0,5.244
2020-04-06 17:15:00+02:00,29.074999,23.035,22.5,23.1,27.1,30.279999,26.5,30.0,13.0,5.172
2020-04-06 17:30:00+02:00,29.014999,23.074999,22.5,22.98,27.1,29.82,26.09,31.0,13.0,5.208
2020-04-06 17:45:00+02:00,29.045,23.049999,22.5,23.139999,28.1,29.869999,26.09,32.0,12.0,5.184
2020-04-06 18:00:00+02:00,28.949999,23.094999,22.5,23.0,28.1,30.07,26.039999,32.0,13.0,5.184
2020-04-06 18:15:00+02:00,28.984999,23.105,22.5,23.08,28.1,29.949999,26.0,32.0,14.0,5.208
2020-04-06 18:30:00+02:00,29.074999,23.115,22.5,23.16,28.0,30.359999,26.16,34.5,13.0,5.196
2020-04-06 18:45:00+02:00,29.045,23.129999,22.5,23.199999,28.0,30.539999,26.32,37.0,12.0,5.22
2020-04-06 19:00:00+02:00,29.105,23.154999,22.5,23.26,26.0,30.17,26.279999,35.5,13.0,5.232
2020-04-06 19:15:00+02:00,28.994999,23.154999,22.5,23.139999,26.0,30.619999,26.359999,34.0,13.0,5.16
2020-04-06 19:30:00+02:00,29.094999,23.154999,22.5,23.199999,26.0,30.519999,26.359999,36.5,13.0,5.22
2020-04-06 19:45:00+02:00,28.855,23.154999,22.5,22.98,26.0,30.379999,26.23,39.0,14.0,5.196
2020-04-06 20:00:00+02:00,28.945,23.154999,22.5,23.059999,25.0,30.269999,26.23,37.5,12.0,5.196
2020-04-06 20:15:00+02:00,28.795,23.139999,22.5,22.76,24.0,30.449999,26.15,36.0,13.0,5.196
2020-04-06 20:30:00+02:00,27.699999,23.074999,22.5,21.859999,24.0,31.349998,26.279999,36.0,13.0,5.16
2020-04-06 20:45:00+02:00,27.549999,22.99,22.5,21.74,24.0,31.679998,26.449999,36.0,13.0,5.196
2020-04-06 21:00:00+02:00,27.42,22.93,22.5,21.639999,22.0,31.789999,26.539999,39.0,12.0,5.1
2020-04-07 11:30:00+02:00,23.715,21.91,22.5,16.52,24.1,36.700001,29.92,38.0,13.0,5.016
2020-04-07 11:45:00+02:00,25.445,21.85,22.5,19.359999,25.1,35.119999,29.959999,37.0,12.0,5.052
2020-04-07 12:00:00+02:00,27.029999,22.08,22.5,20.48,25.1,33.02,29.269999,35.5,13.0,5.016
2020-04-07 12:15:00+02:00,27.41,22.289999,22.5,20.879999,26.1,31.789999,28.5,34.0,12.0,5.004
2020-04-07 12:30:00+02:00,27.684999,22.424999,22.5,21.199999,27.1,32.23,28.189999,34.5,12.0,5.088
2020-04-07 12:45:00+02:00,27.9,22.529999,22.5,21.459999,28.1,31.969999,28.039999,35.0,14.0,5.052
2020-04-07 13:00:00+02:00,28.064999,22.609999,22.5,21.699999,28.1,32.139999,28.01,34.0,12.0,5.064
2020-04-07 13:15:00+02:00,28.195,22.684999,22.5,21.939999,27.1,31.849998,27.849998,33.0,13.0,5.088
2020-04-07 13:30:00+02:00,28.219999,22.74,22.5,22.02,28.1,31.889999,27.75,30.5,13.0,5.136
2020-04-07 13:45:00+02:00,28.34,22.799999,22.5,22.18,29.1,31.779999,27.709999,28.0,12.0,5.076
2020-04-07 14:00:00+02:00,28.434999,22.859999,22.5,22.32,30.1,31.369999,27.549999,26.5,13.0,5.1
2020-04-07 14:15:00+02:00,28.484999,22.93,22.5,22.439999,29.1,31.049999,27.33,25.0,12.0,5.136
2020-04-07 14:30:00+02:00,28.705,22.975,22.5,22.719999,30.0,30.879999,27.059999,25.0,13.0,5.088
2020-04-07 14:45:00+02:00,28.914999,23.039999,22.5,22.9,31.1,29.619999,26.559999,25.0,14.0,5.1
2020-04-07 15:00:00+02:00,28.924999,23.115,22.5,22.98,31.1,28.639999,25.65,24.0,12.0,5.124
2020-04-07 15:15:00+02:00,29.094999,23.164999,22.5,23.119999,30.1,28.799999,25.199999,23.0,13.0,5.076
2020-04-07 15:30:00+02:00,29.014999,23.244999,22.5,23.139999,31.1,28.43,24.859999,22.5,13.0,5.076
2020-04-07 15:45:00+02:00,29.215,23.305,22.5,23.34,30.1,27.48,24.35,22.0,13.0,5.136
2020-04-07 16:00:00+02:00,29.105,23.355,22.5,23.34,32.099998,27.92,24.029999,21.0,12.0,5.136
2020-04-07 16:15:00+02:00,29.629999,23.41,22.5,23.74,31.1,26.559999,23.49,20.0,13.0,5.076
2020-04-07 16:30:00+02:00,29.619999,23.494999,22.5,23.74,31.1,26.609999,22.9,20.0,12.0,5.172
2020-04-07 16:45:00+02:00,29.754999,23.564999,23.5,23.859999,30.0,26.139999,22.549999,20.0,14.0,5.124
2020-04-07 17:00:00+02:00,29.705,23.615,23.5,23.939999,30.0,25.24,21.99,19.5,12.0,5.148
2020-04-07 17:15:00+02:00,29.549999,23.644999,23.5,23.939999,30.0,25.35,21.43,19.0,13.0,5.136
2020-04-07 17:30:00+02:00,29.164999,23.625,23.5,23.799999,31.0,24.869999,20.889999,18.0,13.0,5.22
2020-04-07 17:45:00+02:00,29.039999,23.594999,23.5,23.879999,30.0,24.82,20.559999,17.0,13.0,5.136
2020-04-07 18:00:00+02:00,28.865,23.574999,23.5,23.799999,30.0,24.85,20.4,18.0,13.0,5.124
2020-04-07 18:15:00+02:00,29.105,23.564999,23.5,24.32,30.0,25.309999,20.689999,19.0,12.0,5.172
2020-04-07 18:30:00+02:00,28.654999,23.564999,23.5,23.92,29.0,25.99,20.67,20.0,14.0,5.184
2020-04-07 18:45:00+02:00,28.625,23.545,23.5,23.879999,29.0,26.789999,21.07,21.0,12.0,5.16
2020-04-07 19:00:00+02:00,28.744999,23.545,23.5,24.08,29.0,26.799999,21.309999,22.5,13.0,5.16
2020-04-07 19:15:00+02:00,28.594999,23.545,23.5,24.039999,28.0,27.92,21.789999,24.0,13.0,5.148
2020-04-07 19:30:00+02:00,28.394999,23.539999,23.5,23.9,29.0,28.189999,22.1,23.5,13.0,5.172
2020-04-07 19:45:00+02:00,28.635,23.535,23.5,24.18,28.0,27.269999,22.059999,23.0,13.0,5.136
2020-04-07 20:00:00+02:00,28.365,23.545,23.5,24.0,28.0,27.019999,21.699999,23.0,12.0,5.16
2020-04-07 20:15:00+02:00,28.394999,23.539999,23.5,23.98,27.0,28.059999,21.809999,23.0,14.0,5.136
2020-04-07 20:30:00+02:00,28.344999,23.51,23.5,24.0,27.0,28.4,22.18,24.5,13.0,5.196
2020-04-07 20:45:00+02:00,28.385,23.504999,23.5,24.039999,26.0,27.49,22.059999,26.0,12.0,5.16
2020-04-07 21:00:00+02:00,27.984999,23.475,23.5,23.58,24.9,27.49,21.939999,26.5,13.0,5.112
2020-04-08 12:00:00+02:00,25.369999,22.43,22.5,18.76,23.9,31.58,25.139999,26.5,12.0,5.1
2020-04-08 12:15:00+02:00,25.75,22.49,22.5,19.799999,24.9,30.629999,24.699999,21.0,13.0,5.064
2020-04-08 12:30:00+02:00,27.67,22.639999,22.5,21.719999,27.9,28.93,24.289999,22.5,13.0,5.088
2020-04-08 12:45:00+02:00,27.91,22.809999,22.5,21.92,25.9,28.719999,23.949999,24.0,12.0,5.112
2020-04-08 13:00:00+02:00,28.184999,22.93,22.5,22.139999,26.9,28.719999,23.76,24.0,13.0,5.088
2020-04-08 13:15:00+02:00,28.334999,23.004999,22.5,22.379999,27.9,28.4,23.5,24.0,14.0,5.1
2020-04-08 13:30:00+02:00,28.484999,23.084999,22.5,22.5,27.9,28.099998,23.309999,22.5,12.0,5.1
2020-04-08 13:45:00+02:00,28.535,23.154999,22.5,22.559999,28.9,28.519999,23.269999,21.0,13.0,5.112
2020-04-08 14:15:00+02:00,28.664999,23.279999,22.5,22.779999,29.9,28.59,23.51,26.0,12.0,5.076
2020-04-08 14:30:00+02:00,28.635,23.314999,22.5,22.779999,29.9,28.57,23.4,24.5,13.0,5.16
2020-04-08 14:45:00+02:00,28.814999,23.355,22.5,23.08,29.9,28.65,23.4,23.0,12.0,5.112
2020-04-08 15:00:00+02:00,28.855,23.404999,22.5,22.939999,29.9,28.09,23.17,24.0,13.0,5.148
2020-04-08 15:15:00+02:00,29.174999,23.465,22.5,23.199999,28.9,28.049999,23.01,25.0,14.0,5.124
2020-04-08 15:30:00+02:00,29.105,23.545,23.5,23.119999,28.9,27.99,22.9,22.5,13.0,5.184
2020-04-08 15:45:00+02:00,29.365,23.605,23.5,23.379999,28.799999,27.66,22.83,20.0,13.0,5.16
2020-04-08 16:00:00+02:00,29.34,23.674999,23.5,23.68,30.799999,27.32,22.51,21.0,12.0,5.172
2020-04-08 16:15:00+02:00,28.844999,23.715,23.5,23.519999,29.799999,27.119999,22.119999,22.0,13.0,5.184
2020-04-08 16:30:00+02:00,28.545,23.705,23.5,23.699999,27.700001,27.299999,21.889999,21.5,13.0,5.196
2020-04-08 16:45:00+02:00,27.889999,23.674999,23.5,23.699999,29.700001,27.809999,21.92,21.0,14.0,5.112
2020-04-08 17:00:00+02:00,27.5,23.644999,23.5,23.719999,29.700001,27.879999,21.84,20.5,12.0,5.16
2020-04-08 17:15:00+02:00,27.219999,23.605,23.5,23.84,29.799999,27.859999,21.719999,20.0,13.0,5.112
2020-04-08 17:30:00+02:00,27.269999,23.564999,23.5,23.92,29.799999,27.849998,21.66,20.5,13.0,5.172
2020-04-08 17:45:00+02:00,26.959999,23.525,23.5,23.779999,29.799999,27.91,21.629999,21.0,13.0,5.148
2020-04-08 18:00:00+02:00,27.129999,23.494999,23.5,23.939999,29.799999,27.809999,21.629999,20.5,13.0,5.148
2020-04-08 18:15:00+02:00,27.24,23.484999,23.5,23.9,29.799999,27.699999,21.43,20.0,12.0,5.136
2020-04-08 18:30:00+02:00,27.199999,23.49,23.5,23.84,29.799999,27.789999,21.35,22.5,14.0,5.184
2020-04-08 18:45:00+02:00,27.17,23.484999,23.5,23.879999,28.799999,27.629999,21.219999,25.0,12.0,5.136
2020-04-08 19:00:00+02:00,27.23,23.49,23.5,23.879999,28.799999,27.629999,21.27,26.5,13.0,5.172
2020-04-08 19:15:00+02:00,27.135,23.484999,23.5,23.82,28.799999,27.849998,21.18,28.0,13.0,5.148
2020-04-08 19:30:00+02:00,27.269999,23.469999,23.5,23.939999,27.799999,27.629999,21.189999,28.0,13.0,5.148
2020-04-08 19:45:00+02:00,27.269999,23.475,23.5,24.0,27.799999,27.92,21.219999,28.0,12.0,5.1
2020-04-08 20:00:00+02:00,27.389999,23.484999,23.5,24.16,25.799999,27.959999,21.309999,28.0,13.0,5.124
2020-04-08 20:15:00+02:00,27.15,23.494999,23.5,23.879999,26.799999,28.049999,21.27,28.0,14.0,5.136
2020-04-08 20:30:00+02:00,27.349998,23.484999,23.5,24.119999,25.799999,28.16,21.42,30.0,12.0,5.208
2020-04-08 20:45:00+02:00,27.234999,23.475,23.5,23.58,24.799999,28.18,21.469999,32.0,13.0,5.184
2020-04-08 21:00:00+02:00,26.865,23.455,23.5,23.16,23.799999,28.629999,21.619999,29.5,13.0,5.16
2020-04-09 11:00:00+02:00,27.664999,23.049999,22.5,21.359999,20.799999,30.969999,25.529999,38.0,9.0,5.112
2020-04-09 11:15:00+02:00,26.49,23.045,22.5,19.779999,23.799999,31.82,25.359999,37.0,13.0,5.016
2020-04-09 11:30:00+02:00,24.904999,22.875,22.5,18.92,23.799999,33.119999,25.48,32.5,12.0,5.064
2020-04-09 11:45:00+02:00,24.924999,22.744999,22.5,19.059999,23.799999,32.649998,25.459999,28.0,14.0,5.076
2020-04-09 12:00:00+02:00,25.25,22.709999,22.5,19.459999,24.799999,32.360001,25.289999,28.0,13.0,5.208
2020-04-09 12:15:00+02:00,25.68,22.74,22.5,19.639999,24.799999,31.849998,25.09,28.0,12.0,5.1
2020-04-09 12:30:00+02:00,27.75,22.894999,22.5,21.82,25.6,30.119999,24.789999,25.5,13.0,5.124
2020-04-09 12:45:00+02:00,28.039999,23.08,22.5,22.08,26.6,29.41,24.35,23.0,13.0,5.16
2020-04-09 13:00:00+02:00,28.32,23.189999,22.5,22.379999,26.6,29.07,24.049999,23.5,13.0,5.184
2020-04-09 13:15:00+02:00,28.365,23.305,22.5,22.5,27.6,28.82,23.719999,24.0,12.0,5.112
2020-04-09 13:30:00+02:00,28.285,23.355,22.5,22.4,28.6,28.279999,23.279999,22.5,14.0,5.1
2020-04-09 13:45:00+02:00,28.49,23.404999,22.5,22.66,29.6,27.98,22.969999,21.0,13.0,5.196
2020-04-09 14:00:00+02:00,28.514999,23.434999,22.5,22.699999,28.6,28.309999,22.9,21.0,13.0,5.196
2020-04-09 14:15:00+02:00,28.734999,23.484999,22.5,22.9,29.6,26.17,22.369999,21.0,13.0,5.16
2020-04-09 14:30:00+02:00,28.744999,23.545,23.5,22.98,29.6,25.92,21.66,20.0,12.0,5.16
2020-04-09 14:45:00+02:00,28.934999,23.59,23.5,23.039999,29.6,25.559999,20.889999,19.0,13.0,5.16
2020-04-09 15:00:00+02:00,29.014999,23.644999,23.5,23.34,28.6,23.779999,20.359999,19.5,14.0,5.184
2020-04-09 15:15:00+02:00,28.705,23.684999,23.5,23.379999,29.6,25.029999,19.73,20.0,13.0,5.22
2020-04-09 15:30:00+02:00,28.385,23.705,23.5,23.5,29.6,25.609999,19.82,20.0,13.0,5.184
2020-04-09 15:45:00+02:00,27.74,23.705,23.5,23.619999,29.6,26.24,19.969999,20.0,12.0,5.196
2020-04-09 16:00:00+02:00,27.07,23.664999,23.5,23.619999,29.6,26.559999,19.969999,21.0,13.0,5.16
2020-04-09 16:15:00+02:00,26.724998,23.625,23.5,23.58,31.6,26.84,20.08,22.0,13.0,5.172
2020-04-09 16:30:00+02:00,26.549999,23.574999,23.5,23.719999,29.6,27.4,20.25,20.5,14.0,5.196
2020-04-09 16:45:00+02:00,26.234999,23.545,23.5,23.939999,30.6,27.719999,20.389999,19.0,12.0,5.196
2020-04-09 17:00:00+02:00,26.115,23.545,23.5,23.82,31.6,27.91,20.4,19.5,13.0,5.1
2020-04-09 17:15:00+02:00,26.174999,23.535,23.5,23.92,30.6,28.0,20.51,20.0,13.0,5.16
2020-04-09 17:30:00+02:00,26.254999,23.545,23.5,23.98,30.6,28.08,20.559999,20.0,13.0,5.172
2020-04-09 17:45:00+02:00,26.394999,23.545,23.5,24.059999,31.6,28.099998,20.67,20.0,13.0,5.148
2020-04-09 18:00:00+02:00,26.309999,23.545,23.5,24.039999,30.6,28.439999,20.789999,21.0,12.0,5.148
2020-04-09 18:15:00+02:00,26.605,23.545,23.5,24.279999,30.6,28.57,20.939999,22.0,14.0,5.16
2020-04-09 18:30:00+02:00,26.484999,23.564999,23.5,24.199999,30.6,28.719999,21.049999,25.5,12.0,5.1
2020-04-09 18:45:00+02:00,26.574999,23.584999,23.5,24.299999,31.6,28.92,21.16,29.0,13.0,5.124
2020-04-09 19:00:00+02:00,26.715,23.594999,23.5,24.459999,29.6,28.889999,21.25,27.0,13.0,5.1
2020-04-09 19:15:00+02:00,26.865,23.625,23.5,24.6,28.6,28.67,21.279999,25.0,12.0,5.112
2020-04-09 19:30:00+02:00,26.984999,23.65,23.5,24.66,28.6,28.59,21.279999,25.0,13.0,5.112
2020-04-09 19:45:00+02:00,26.785,23.664999,23.5,24.48,29.6,28.769999,21.32,25.0,13.0,5.148
2020-04-09 20:00:00+02:00,27.09,23.66,23.5,24.799999,28.6,28.559999,21.4,26.5,14.0,5.136
2020-04-09 20:15:00+02:00,26.904999,23.684999,23.5,24.58,28.6,28.67,21.35,28.0,12.0,5.16
2020-04-09 20:30:00+02:00,26.955,23.674999,23.5,24.639999,26.6,28.709999,21.359999,29.0,13.0,5.184
2020-04-09 20:45:00+02:00,26.844999,23.674999,23.5,24.5,26.6,28.789999,21.439999,30.0,13.0,5.208
2020-04-09 21:00:00+02:00,26.469999,23.644999,23.5,24.08,25.6,29.029999,21.52,33.5,12.0,5.172
2020-04-10 10:30:00+02:00,27.129999,23.264999,22.5,21.26,21.6,32.32,26.289999,39.5,11.0,5.088
2020-04-10 10:45:00+02:00,27.16,23.275,22.5,21.32,21.6,32.299999,26.139999,40.0,13.0,5.124
2020-04-10 11:00:00+02:00,24.84,23.164999,22.5,19.119999,23.6,34.649998,26.15,38.5,12.0,5.076
2020-04-10 11:15:00+02:00,25.004999,23.049999,22.5,19.32,22.6,34.469997,26.359999,37.0,14.0,5.1
2020-04-10 11:30:00+02:00,25.449999,23.039999,22.5,19.799999,23.700001,33.829998,26.359999,36.0,12.0,5.124
2020-04-10 11:45:00+02:00,27.584999,23.135,22.5,21.9,25.200001,31.9,26.119999,35.0,13.0,5.244
2020-04-10 12:00:00+02:00,28.164999,23.33,22.5,22.32,26.700001,31.109999,25.789999,33.0,13.0,5.172
2020-04-10 12:15:00+02:00,28.379999,23.525,23.5,22.539999,25.700001,31.15,25.549999,31.0,13.0,5.232
2020-04-10 12:30:00+02:00,28.285,23.605,23.5,22.539999,26.799999,31.24,25.529999,29.0,13.0,5.172
2020-04-10 12:45:00+02:00,28.314999,23.664999,23.5,22.82,28.9,31.039999,25.369999,27.0,12.0,5.172
2020-04-10 13:00:00+02:00,28.219999,23.705,23.5,23.139999,28.9,31.4,25.459999,26.0,14.0,5.172
2020-04-10 13:15:00+02:00,27.4,23.844999,23.5,23.279999,29.9,31.92,25.32,25.0,13.0,5.184
2020-04-10 13:30:00+02:00,25.865,23.834999,23.5,23.299999,29.799999,33.23,25.269999,24.0,13.0,5.184
2020-04-10 13:45:00+02:00,25.795,23.625,23.5,23.559999,29.799999,33.309998,25.57,23.0,13.0,5.22
2020-04-10 14:00:00+02:00,25.644999,23.49,23.5,23.42,31.799999,32.790001,25.379999,23.0,12.0,5.22
2020-04-10 14:15:00+02:00,25.869999,23.459999,23.5,23.699999,31.799999,33.139999,25.199999,23.0,13.0,5.196
2020-04-10 14:30:00+02:00,25.879999,23.475,23.5,23.66,31.799999,30.33,24.269999,21.5,14.0,5.172
2020-04-10 14:45:00+02:00,25.945,23.494999,23.5,23.74,30.799999,30.789999,23.889999,20.0,13.0,5.16
2020-04-10 15:00:00+02:00,26.135,23.545,23.5,23.9,31.799999,30.75,23.699999,21.0,13.0,5.172
2020-04-10 15:15:00+02:00,26.195,23.584999,23.5,23.959999,31.799999,30.429998,23.51,22.0,13.0,5.16
2020-04-10 15:30:00+02:00,26.305,23.635,23.5,23.98,31.799999,29.789999,23.23,23.0,12.0,5.172
2020-04-10 15:45:00+02:00,26.365,23.684999,23.5,24.1,32.799999,30.289999,23.07,24.0,13.0,5.124
2020-04-10 16:00:00+02:00,26.375,23.734999,23.5,24.1,32.799999,30.25,23.09,20.5,14.0,5.148
2020-04-10 16:15:00+02:00,26.545,23.785,23.5,24.279999,32.799999,29.949999,23.01,17.0,12.0,5.088
2020-04-10 16:30:00+02:00,26.734999,23.844999,23.5,24.5,32.799999,29.809999,22.85,17.5,13.0,5.124
2020-04-10 16:45:00+02:00,27.105,23.91,23.5,24.9,31.799999,28.689999,22.529999,18.0,13.0,5.124
2020-04-10 17:00:00+02:00,27.23,23.99,23.5,25.0,32.799999,28.619999,22.15,18.0,13.0,5.172
2020-04-10 17:15:00+02:00,27.379999,24.035,23.5,25.139999,32.799999,28.4,21.91,18.0,12.0,5.196
2020-04-10 17:30:00+02:00,27.539999,24.08,23.5,25.299999,32.799999,27.849998,21.68,18.5,13.0,5.208
2020-04-10 17:45:00+02:00,27.379999,24.084999,23.5,25.119999,31.799999,27.4,21.24,19.0,14.0,5.136
2020-04-10 18:00:00+02:00,27.57,24.084999,23.5,25.359999,31.799999,27.019999,20.93,19.5,13.0,5.196
2020-04-10 18:15:00+02:00,27.639999,24.094999,23.5,25.4,31.799999,27.209999,20.77,20.0,12.0,5.124
2020-04-10 18:30:00+02:00,27.799999,24.125,23.5,25.58,31.799999,26.859999,20.57,19.0,13.0,5.112
2020-04-10 18:45:00+02:00,27.74,24.154999,23.5,25.48,31.799999,26.939999,20.439999,18.0,13.0,5.136
2020-04-10 19:00:00+02:00,27.894999,24.164999,23.5,25.699999,30.799999,27.16,20.41,20.5,12.0,5.124
2020-04-10 19:15:00+02:00,27.879999,24.189999,23.5,25.58,30.799999,27.08,20.369999,23.0,13.0,5.16
2020-04-10 19:30:00+02:00,27.849998,24.189999,23.5,25.619999,30.799999,27.049999,20.359999,25.0,14.0,5.124
2020-04-10 19:45:00+02:00,27.769999,24.189999,23.5,25.519999,29.799999,27.099998,20.33,27.0,13.0,5.148
2020-04-10 20:00:00+02:00,27.599998,24.174999,23.5,25.34,29.799999,27.42,20.369999,27.5,12.0,5.124
2020-04-10 20:15:00+02:00,27.74,24.164999,23.5,25.48,28.799999,27.82,20.559999,28.0,13.0,5.124
2020-04-10 20:30:00+02:00,27.59,24.154999,23.5,25.34,27.799999,27.73,20.689999,26.0,13.0,5.184
2020-04-10 20:45:00+02:00,27.459999,24.135,23.5,25.24,26.799999,27.849998,20.619999,24.0,12.0,5.16
2020-04-10 21:00:00+02:00,27.344999,24.115,23.5,24.959999,25.799999,27.619999,20.65,24.0,13.0,5.16
2020-04-11 10:15:00+02:00,27.799999,23.465,22.5,21.48,20.799999,30.98,25.049999,34.0,8.0,5.004
2020-04-11 10:30:00+02:00,27.76,23.494999,22.5,21.439999,21.799999,31.179998,24.879999,32.0,13.0,5.148
2020-04-11 10:45:00+02:00,27.889999,23.555,23.5,21.539999,21.799999,30.65,24.719999,30.0,12.0,5.148
2020-04-11 11:00:00+02:00,25.934999,23.564999,23.5,19.08,23.799999,32.52,24.68,30.0,13.0,5.124
2020-04-11 11:15:00+02:00,26.055,23.445,23.5,19.4,23.799999,32.209999,24.799999,30.0,14.0,5.124
2020-04-11 11:30:00+02:00,27.01,23.439999,23.5,21.199999,25.799999,31.33,24.639999,31.5,12.0,5.232
2020-04-11 11:45:00+02:00,28.0,23.615,23.5,22.16,26.799999,30.609999,24.5,33.0,13.0,5.208
2020-04-11 12:00:00+02:00,27.859999,23.734999,23.5,22.68,26.799999,30.639999,24.35,30.0,13.0,5.184
2020-04-11 12:15:00+02:00,27.18,23.764999,23.5,22.959999,28.799999,30.969999,24.199999,27.0,13.0,5.184
2020-04-11 12:30:00+02:00,26.045,23.715,23.5,23.139999,29.799999,32.009998,24.219999,27.0,12.0,5.208
2020-04-11 12:45:00+02:00,25.32,23.625,23.5,23.039999,30.799999,34.459999,25.029999,27.0,13.0,5.208
2020-04-11 13:00:00+02:00,25.375,23.545,23.5,23.18,30.799999,34.299999,25.35,25.0,14.0,5.208
2020-04-11 13:15:00+02:00,25.514999,23.519999,23.5,23.379999,30.799999,34.380001,25.559999,23.0,13.0,5.172
2020-04-11 13:30:00+02:00,25.599998,23.535,23.5,23.439999,30.799999,34.66,25.83,22.0,13.0,5.148
2020-04-11 13:45:00+02:00,25.68,23.564999,23.5,23.5,31.799999,34.559998,25.93,21.0,12.0,5.136
2020-04-11 14:00:00+02:00,25.965,23.594999,23.5,23.779999,31.799999,33.309998,25.93,20.0,13.0,5.16
2020-04-11 14:15:00+02:00,26.019999,23.664999,23.5,23.82,31.799999,33.130001,25.57,19.0,13.0,5.184
2020-04-11 14:30:00+02:00,26.125,23.684999,23.5,23.9,31.799999,33.439999,25.49,19.5,14.0,5.208
2020-04-11 14:45:00+02:00,26.26,23.734999,23.5,24.059999,31.799999,32.82,25.18,20.0,12.0,5.172
2020-04-11 15:00:00+02:00,26.635,23.789999,23.5,24.439999,31.799999,30.779999,24.789999,20.5,13.0,5.184
2020-04-11 15:15:00+02:00,26.824999,23.879999,23.5,24.539999,32.799999,29.139999,23.59,21.0,13.0,5.148
2020-04-11 15:30:00+02:00,27.059999,23.934999,23.5,24.82,32.799999,28.609999,23.01,21.5,13.0,5.112
2020-04-11 15:45:00+02:00,27.234999,24.01,23.5,24.98,32.799999,28.529999,22.459999,22.0,13.0,5.1
2020-04-11 16:00:00+02:00,27.529999,24.08,23.5,25.299999,32.799999,28.199999,22.17,22.5,12.0,5.172
2020-04-13 10:30:00+02:00,26.889999,23.664999,23.5,21.82,21.299999,32.57,26.059999,34.0,9.0,5.112
2020-04-13 10:45:00+02:00,26.455,23.635,23.5,21.719999,21.299999,32.489998,25.809999,34.0,13.0,5.124
2020-04-13 11:00:00+02:00,25.314999,23.5575,23.5,20.68,23.299999,33.73,25.76,34.0,12.0,5.16
2020-04-13 11:15:00+02:00,24.629999,23.48,23.5,19.799999,23.299999,34.43,25.799999,34.0,13.0,5.148
2020-04-13 11:30:00+02:00,24.924999,23.424999,23.5,19.84,25.299999,33.860001,25.879999,35.5,13.0,5.244
2020-04-13 11:45:00+02:00,25.15,23.455,23.5,20.059999,22.1,32.84,25.389999,37.0,14.0,5.22
2020-04-13 12:00:00+02:00,25.639999,23.459999,23.5,20.379999,23.1,31.799999,25.01,37.0,13.0,5.136
2020-04-13 12:15:00+02:00,25.4,23.494999,23.5,19.859999,23.1,32.139999,24.719999,37.0,12.0,5.172
2020-04-13 12:30:00+02:00,25.439999,23.51,23.5,19.98,24.1,32.619999,24.68,38.5,13.0,5.16
2020-04-13 12:45:00+02:00,25.449999,23.545,23.5,19.939999,24.1,31.869999,24.439999,40.0,13.0,5.16
2020-04-13 13:00:00+02:00,25.73,23.564999,23.5,20.66,25.1,31.74,24.26,40.0,13.0,5.208
2020-04-13 13:15:00+02:00,25.754999,23.615,23.5,21.199999,24.1,31.65,24.139999,40.0,12.0,5.172
2020-04-13 13:30:00+02:00,25.449999,23.66,23.5,22.619999,25.1,32.52,24.18,37.0,14.0,5.22
2020-04-13 13:45:00+02:00,24.955,23.625,23.5,22.379999,26.1,33.5,24.42,34.0,14.0,5.172
2020-04-13 14:00:00+02:00,25.359999,23.615,23.5,23.16,26.1,33.889999,24.779999,33.0,12.0,5.148
2020-04-13 14:15:00+02:00,24.244999,23.664999,23.5,21.719999,26.1,35.040001,25.019999,32.0,13.0,5.148
2020-04-13 14:30:00+02:00,23.855,23.615,23.5,21.52,26.1,35.790001,25.33,32.5,12.0,5.184
2020-04-13 14:45:00+02:00,24.039999,23.605,23.5,22.119999,24.1,35.57,25.57,33.0,13.0,5.232
2020-04-13 15:00:00+02:00,23.965,23.615,23.5,22.1,24.1,35.919998,25.76,33.0,14.0,5.196
2020-04-13 15:15:00+02:00,24.244999,23.625,23.5,22.359999,26.1,35.439999,25.859999,33.0,13.0,5.196
2020-04-13 15:30:00+02:00,24.264999,23.664999,23.5,22.379999,25.1,35.860001,25.9,33.0,13.0,5.172
2020-04-13 15:45:00+02:00,25.68,23.715,23.5,23.6,26.0,34.540001,26.0,33.0,13.0,5.172
2020-04-13 16:00:00+02:00,25.99,23.844999,23.5,23.799999,26.9,34.849998,26.109999,34.0,13.0,5.244
2020-04-13 16:15:00+02:00,25.65,23.924999,23.5,23.199999,25.799999,34.919998,26.15,35.0,12.0,5.208
2020-04-13 16:30:00+02:00,25.539999,23.945,23.5,23.58,26.799999,35.110001,26.279999,36.0,14.0,5.148
2020-04-13 16:45:00+02:00,26.369999,24.01,23.5,24.139999,26.799999,33.84,26.189999,37.0,12.0,5.196
2020-04-13 17:00:00+02:00,26.504999,24.094999,23.5,24.26,28.799999,33.739998,26.059999,37.0,13.0,5.136
2020-04-13 17:15:00+02:00,26.484999,24.144999,23.5,24.24,27.799999,33.779999,25.93,37.0,13.0,5.1
2020-04-13 17:30:00+02:00,26.504999,24.154999,23.5,24.26,26.799999,34.130001,25.98,38.5,12.0,5.1
2020-04-13 17:45:00+02:00,25.24,24.144999,23.5,22.9,25.799999,35.48,26.129999,40.0,13.0,5.148
2020-04-13 18:00:00+02:00,25.08,24.035,23.5,22.779999,24.799999,35.73,26.309999,38.5,13.0,5.148
2020-04-13 18:15:00+02:00,24.93,23.99,23.5,22.639999,23.799999,35.099998,26.469999,37.0,14.0,5.124
2020-04-13 18:30:00+02:00,24.83,23.959999,23.5,22.6,23.799999,35.34,26.359999,40.0,12.0,5.172
2020-04-13 18:45:00+02:00,24.785,23.934999,23.5,22.859999,23.799999,34.98,26.189999,43.0,13.0,5.136
2020-04-13 19:00:00+02:00,24.719999,23.924999,23.5,22.799999,23.799999,35.419998,26.0,39.0,13.0,5.148
2020-04-13 19:15:00+02:00,24.719999,23.904999,23.5,22.799999,23.799999,35.23,25.789999,35.0,12.0,5.136
2020-04-13 19:30:00+02:00,24.48,23.885,23.5,22.58,23.799999,35.27,25.98,37.5,13.0,5.172
2020-04-13 19:45:00+02:00,24.51,23.865,23.5,22.26,22.799999,34.299999,25.98,40.0,13.0,5.184
2020-04-13 20:00:00+02:00,24.439999,23.84,23.5,22.139999,22.799999,35.709999,25.939999,41.0,14.0,5.148
2020-04-13 20:15:00+02:00,24.455,23.84,23.5,22.18,22.799999,35.529999,25.98,42.0,12.0,5.124
2020-04-13 20:30:00+02:00,24.164999,23.824999,23.5,21.859999,22.799999,36.200001,26.219999,45.0,13.0,5.124
2020-04-13 20:45:00+02:00,24.1,23.779999,23.5,22.219999,22.799999,36.299999,26.41,48.0,12.0,5.124
2020-04-13 21:00:00+02:00,24.16,23.754999,23.5,22.32,22.799999,35.630001,26.299999,46.5,13.0,5.136
2020-04-14 10:15:00+02:00,25.894999,23.715,23.5,21.48,20.799999,39.5,31.209999,52.0,10.0,5.028
2020-04-14 10:30:00+02:00,25.58,23.664999,23.5,21.48,21.799999,39.93,31.769999,50.5,13.0,5.16
2020-04-14 10:45:00+02:00,24.57,23.629999,23.5,20.18,22.799999,41.469997,32.16,49.0,12.0,5.148
2020-04-14 11:00:00+02:00,23.219999,23.494999,23.5,17.52,23.799999,43.529999,32.57,47.0,13.0,5.136
2020-04-14 11:15:00+02:00,23.674999,23.41,23.5,17.76,24.799999,42.860001,32.939999,45.0,12.0,5.172
2020-04-14 11:30:00+02:00,25.404999,23.434999,23.5,20.5,25.799999,40.189999,33.02,44.0,15.0,5.172
2020-04-14 11:45:00+02:00,24.18,23.545,23.5,18.639999,24.799999,41.5,32.739998,43.0,12.0,5.16
2020-04-14 12:00:00+02:00,25.449999,23.555,23.5,21.439999,26.799999,40.029999,32.779999,43.0,13.0,5.172
2020-04-14 12:15:00+02:00,24.584999,23.664999,23.5,22.32,26.799999,40.969997,32.599998,43.0,13.0,5.184
2020-04-14 12:30:00+02:00,24.65,23.625,23.5,22.559999,28.799999,40.719997,32.599998,38.0,12.0,5.124
2020-04-14 12:45:00+02:00,24.85,23.625,23.5,22.799999,29.799999,40.129997,32.52,33.0,13.0,5.16
2020-04-14 13:00:00+02:00,24.949999,23.664999,23.5,22.799999,29.799999,39.66,32.360001,32.0,14.0,5.16
2020-04-14 13:15:00+02:00,25.219999,23.674999,23.5,23.08,29.799999,39.77,32.290001,31.0,13.0,5.16
2020-04-14 13:30:00+02:00,25.449999,23.725,23.5,23.32,29.799999,39.200001,32.189999,31.0,13.0,5.16
2020-04-14 13:45:00+02:00,25.539999,23.785,23.5,23.379999,29.799999,39.599998,32.130001,31.0,12.0,5.124
2020-04-14 14:00:00+02:00,25.795,23.84,23.5,23.58,29.799999,38.239998,31.889999,32.0,13.0,5.16
2020-04-14 14:15:00+02:00,25.914999,23.885,23.5,23.68,30.799999,38.369999,31.789999,33.0,13.0,5.124
2020-04-14 14:30:00+02:00,26.049999,23.934999,23.5,23.879999,30.799999,37.149998,31.33,32.0,12.0,5.064
2020-04-14 14:45:00+02:00,26.234999,23.984999,23.5,24.019999,30.799999,36.84,30.929998,31.0,14.0,5.1
2020-04-14 15:00:00+02:00,26.314999,24.035,23.5,24.119999,31.799999,36.700001,30.459999,27.0,13.0,5.112
2020-04-14 15:15:00+02:00,26.369999,24.084999,23.5,24.16,30.799999,36.52,30.109999,23.0,12.0,5.1
2020-04-14 15:30:00+02:00,26.625,24.154999,23.5,24.439999,30.799999,35.939999,29.74,24.0,13.0,5.076
2020-04-14 15:45:00+02:00,26.945,24.205,23.5,24.68,30.799999,35.57,29.539999,25.0,12.0,5.124
2020-04-14 16:00:00+02:00,26.984999,24.295,23.5,24.699999,30.799999,35.34,29.219999,26.0,13.0,5.124
2020-04-14 16:15:00+02:00,26.93,24.344999,23.5,24.68,30.799999,35.34,28.939999,27.0,13.0,5.124
2020-04-14 16:30:00+02:00,27.269999,24.414999,23.5,25.039999,31.799999,35.079998,28.83,26.0,12.0,5.124
2020-04-14 16:45:00+02:00,27.355,24.564999,23.5,25.18,32.799999,35.059998,28.59,25.0,14.0,5.124
2020-04-14 17:00:00+02:00,27.385,24.76,23.5,25.08,31.799999,34.73,28.25,24.0,13.0,5.124
2020-04-14 17:15:00+02:00,27.41,24.65,23.5,25.139999,31.799999,34.52,28.17,23.0,12.0,5.16
2020-04-14 17:30:00+02:00,27.424999,24.625,23.5,25.199999,31.799999,34.829998,28.17,24.0,13.0,5.148
2020-04-14 17:45:00+02:00,27.514999,24.625,23.5,25.219999,31.799999,34.799999,28.139999,25.0,13.0,5.1
2020-04-14 18:00:00+02:00,27.98,24.639999,23.5,25.66,30.799999,34.610001,28.369999,26.0,13.0,5.124
2020-04-14 18:15:00+02:00,27.92,24.689999,23.5,25.639999,30.799999,34.68,28.25,27.0,12.0,5.1
2020-04-14 18:30:00+02:00,27.844999,24.709999,23.5,25.619999,30.799999,33.919998,27.969999,27.0,14.0,5.124
2020-04-14 18:45:00+02:00,27.814999,24.754999,23.5,25.519999,30.799999,33.139999,27.459999,27.0,13.0,5.124
2020-04-14 19:00:00+02:00,27.695,24.709999,23.5,25.439999,29.799999,33.18,27.129999,29.0,12.0,5.124
2020-04-14 19:15:00+02:00,27.859999,24.709999,23.5,25.559999,28.799999,32.969997,26.939999,31.0,13.0,5.124
2020-04-14 19:30:00+02:00,27.879999,24.715,23.5,25.599998,28.799999,32.290001,26.619999,26.0,13.0,5.124
2020-04-14 19:45:00+02:00,27.715,24.709999,23.5,25.42,28.799999,32.459999,26.349998,21.0,12.0,5.124
2020-04-14 20:00:00+02:00,27.849998,24.674999,23.5,25.58,27.799999,31.4,25.949999,19.5,13.0,5.112
2020-10-15 07:15:00+02:00,20.754999,21.719999,22.5,19.0,11.6,53.48,40.18,93.0,10.0,5.016
2020-10-15 07:30:00+02:00,21.164999,21.684999,22.5,19.199999,11.6,52.389999,40.950001,93.0,13.0,5.208
2020-10-15 07:45:00+02:00,21.189999,21.664999,22.5,19.199999,11.6,52.599998,41.27,93.0,12.0,5.232
2020-10-15 08:00:00+02:00,21.225,21.67,22.5,19.26,11.6,53.639999,41.700001,93.0,13.0,5.196
2020-10-15 08:15:00+02:00,21.43,21.654999,22.5,19.42,11.6,53.09,42.049999,93.0,13.0,5.208
2020-10-15 08:30:00+02:00,22.049999,21.68,22.5,20.0,11.6,50.509998,41.939999,96.5,14.0,5.208
2020-10-15 08:45:00+02:00,22.24,21.719999,22.5,20.119999,11.6,49.549999,41.599998,100.0,13.0,5.184
2020-10-15 09:00:00+02:00,22.209999,21.744999,22.5,20.08,11.6,49.939999,41.439999,97.0,12.0,5.184
2020-10-15 09:15:00+02:00,22.43,21.76,22.5,20.42,11.6,49.489998,41.299999,94.0,13.0,5.148
2020-10-15 09:30:00+02:00,22.42,21.764999,22.5,20.359999,11.6,50.789997,41.57,97.0,13.0,5.136
2020-10-15 09:45:00+02:00,22.369999,21.764999,22.5,20.299999,11.6,51.539997,42.099998,100.0,13.0,5.172
2020-10-15 10:00:00+02:00,22.32,21.764999,22.5,20.24,11.6,51.939999,42.360001,97.0,12.0,5.148
2020-10-15 10:15:00+02:00,22.285,21.754999,22.5,20.199999,11.6,51.329998,42.43,94.0,14.0,5.16
2020-10-15 10:30:00+02:00,22.244999,21.734999,22.5,20.18,11.6,51.279999,42.619999,90.5,13.0,5.124
2020-10-15 10:45:00+02:00,22.189999,21.754999,22.5,20.1,11.6,51.09,42.799999,87.0,13.0,5.16
2020-10-15 11:00:00+02:00,22.164999,21.789999,22.5,20.059999,11.6,51.399998,42.77,87.0,13.0,5.184
2020-10-15 11:15:00+02:00,22.16,21.799999,22.5,20.059999,11.6,51.129997,42.77,87.0,12.0,5.16
2020-10-15 11:30:00+02:00,22.16,21.84,22.5,20.08,14.6,50.52,42.619999,90.5,13.0,5.196
2020-10-15 11:45:00+02:00,22.174999,21.865,22.5,20.059999,14.6,49.82,42.389999,94.0,14.0,5.184
2020-10-15 12:00:00+02:00,22.17,21.9,22.5,20.08,14.6,50.149998,42.099998,94.0,13.0,5.172
2020-10-15 12:15:00+02:00,22.18,21.914999,22.5,20.08,14.6,50.349998,42.07,94.0,12.0,5.148
2020-10-15 12:30:00+02:00,22.18,21.92,22.5,20.08,13.6,50.059998,42.099998,94.0,13.0,5.196
2020-10-15 12:45:00+02:00,22.184999,21.93,22.5,20.08,12.6,50.57,42.16,94.0,13.0,5.16
2020-10-15 13:00:00+02:00,22.189999,21.955,22.5,20.1,12.6,51.07,42.219997,94.0,13.0,5.172
2020-10-15 13:15:00+02:00,22.189999,22.0,22.5,20.1,12.6,51.059998,42.329998,94.0,14.0,5.208
2020-10-15 13:30:00+02:00,22.189999,22.0,22.5,20.1,12.6,51.07,42.5,94.0,12.0,5.244
2020-10-15 13:45:00+02:00,22.219999,22.01,22.5,20.119999,12.6,51.649998,42.849998,94.0,13.0,5.22
2020-10-15 14:00:00+02:00,22.24,22.01,22.5,20.139999,11.6,52.289997,43.110001,90.5,13.0,5.256
2020-10-15 14:15:00+02:00,22.244999,22.01,22.5,20.18,11.6,52.469997,43.200001,87.0,13.0,5.172
2020-10-15 14:30:00+02:00,22.219999,22.039999,22.5,20.139999,11.6,52.759998,43.599998,87.0,13.0,5.172
2020-10-15 14:45:00+02:00,22.225,22.039999,22.5,20.119999,11.6,52.639999,43.84,87.0,14.0,5.184
2020-10-15 15:00:00+02:00,22.215,22.049999,22.5,20.119999,11.6,53.25,43.969997,87.0,13.0,5.172
2020-10-15 15:15:00+02:00,22.234999,22.039999,22.5,20.16,11.6,53.02,44.169998,87.0,12.0,5.22
2020-10-15 15:30:00+02:00,22.189999,22.059999,22.5,20.1,12.6,53.029999,44.169998,87.5,13.0,5.184
2020-10-15 15:45:00+02:00,22.215,22.074999,22.5,20.119999,12.6,53.219997,44.329998,88.0,13.0,5.184
2020-10-15 16:00:00+02:00,22.215,22.07,22.5,20.139999,12.6,52.299999,43.899998,91.0,13.0,5.196
2020-10-15 16:15:00+02:00,22.219999,22.07,22.5,20.16,12.6,51.09,43.669998,94.0,14.0,5.136
2020-10-15 16:30:00+02:00,22.24,22.01,22.5,20.16,12.6,50.93,43.469997,94.0,12.0,5.16
2020-10-15 16:45:00+02:00,22.26,22.01,22.5,20.18,12.6,51.059998,43.34,94.0,13.0,5.172
2020-10-15 17:00:00+02:00,22.275,22.0,22.5,20.199999,12.6,51.360001,43.32,94.0,13.0,5.244
2020-10-15 17:15:00+02:00,22.299999,21.975,22.5,20.199999,12.6,51.799999,43.619999,94.0,13.0,5.208
2020-10-15 17:30:00+02:00,22.309999,22.01,22.5,20.219999,12.6,51.739998,43.599998,94.0,13.0,5.244
2020-10-15 17:45:00+02:00,22.309999,22.0,22.5,20.219999,12.6,52.110001,43.790001,94.0,14.0,5.172
2020-10-15 18:00:00+02:00,22.32,22.01,22.5,20.24,12.6,52.669998,44.009998,90.5,13.0,5.16
2020-10-15 18:15:00+02:00,22.32,22.01,22.5,20.24,12.6,52.059998,44.099998,87.0,12.0,5.16
2020-10-15 18:30:00+02:00,22.32,22.029999,22.5,20.24,12.6,51.77,44.040001,90.5,13.0,5.184
2020-10-15 18:45:00+02:00,22.33,22.01,22.5,20.24,12.6,51.919998,43.969997,94.0,13.0,5.208
2020-10-15 19:00:00+02:00,22.344999,22.01,22.5,20.26,12.6,51.459999,43.899998,94.0,13.0,5.172
2020-10-15 19:15:00+02:00,22.33,22.01,22.5,20.26,12.6,51.329998,43.809998,94.0,12.0,5.184
2020-10-15 19:30:00+02:00,22.32,22.01,22.5,20.24,12.6,51.599998,43.84,94.0,14.0,5.172
2020-10-15 19:45:00+02:00,22.33,22.01,22.5,20.24,12.6,51.719997,43.899998,94.0,13.0,5.184
2020-10-15 20:00:00+02:00,22.344999,22.0,22.5,20.279999,12.6,51.809998,43.879997,94.0,13.0,5.16
2020-10-15 20:15:00+02:00,22.314999,21.969999,22.5,20.219999,12.6,51.23,43.75,94.0,13.0,5.166
2020-10-15 20:30:00+02:00,22.309999,21.93,22.5,20.219999,11.6,51.860001,43.82,94.0,13.0,5.172
2020-10-15 20:45:00+02:00,22.285,21.9,22.5,20.199999,11.6,51.93,43.849998,94.0,14.0,5.16
2020-10-15 21:00:00+02:00,22.264999,21.9,22.5,20.199999,11.6,51.969997,44.509998,94.0,13.0,5.16
2020-10-16 07:15:00+02:00,20.555,21.334999,22.5,18.74,12.6,55.879997,44.25,100.0,8.0,5.244
2020-10-16 07:30:00+02:00,21.459999,21.295,22.5,19.82,12.6,53.57,44.57,100.0,14.0,5.208
2020-10-16 07:45:00+02:00,21.959999,21.334999,22.5,20.119999,13.6,53.25,44.860001,100.0,13.0,5.148
2020-10-16 08:00:00+02:00,21.914999,21.365,22.5,20.059999,13.6,54.09,45.110001,100.0,12.0,5.172
2020-10-16 08:15:00+02:00,21.789999,21.379999,22.5,19.939999,13.6,54.139999,45.34,100.0,13.0,5.208
2020-10-16 08:30:00+02:00,21.775,21.365,22.5,19.9,13.6,53.889999,45.439999,96.5,13.0,5.172
2020-10-16 08:45:00+02:00,21.764999,21.365,22.5,19.859999,13.6,53.289997,45.41,93.0,13.0,5.172
2020-10-16 09:00:00+02:00,21.719999,21.355,22.5,19.82,13.6,53.610001,45.299999,96.5,14.0,5.22
2020-10-16 09:15:00+02:00,21.68,21.344999,22.5,19.799999,13.6,53.389999,45.200001,100.0,13.0,5.184
2020-10-16 09:30:00+02:00,21.68,21.334999,22.5,19.779999,13.6,52.669998,45.029999,97.0,13.0,5.184
2020-10-16 09:45:00+02:00,21.68,21.334999,22.5,19.74,13.6,52.669998,44.91,94.0,13.0,5.208
2020-10-16 10:00:00+02:00,21.67,21.334999,22.5,19.74,13.6,53.739998,44.939999,94.0,12.0,5.208
2020-10-16 10:15:00+02:00,21.6,21.334999,22.5,19.639999,13.6,54.459999,45.299999,94.0,13.0,5.148
2020-10-16 10:30:00+02:00,21.494999,21.334999,22.5,19.48,13.6,54.48,45.57,94.0,14.0,5.184
2020-10-16 10:45:00+02:00,21.389999,21.314999,22.5,19.4,13.6,54.189999,45.899998,94.0,13.0,5.208
2020-10-16 11:00:00+02:00,21.33,21.334999,22.5,19.299999,14.6,55.189999,46.32,91.0,12.0,5.184
2020-10-16 11:15:00+02:00,21.295,21.434999,22.5,19.279999,14.6,54.809998,46.459999,88.0,13.0,5.208
2020-10-16 11:30:00+02:00,21.27,21.48,22.5,19.24,14.6,54.279999,46.360001,88.0,13.0,5.22
2020-10-16 11:45:00+02:00,21.26,21.52,22.5,19.199999,14.6,54.949997,46.32,88.0,13.0,5.196
2020-10-16 12:00:00+02:00,21.225,21.545,22.5,19.199999,14.6,55.59,46.379997,85.0,14.0,5.184
2020-10-16 12:15:00+02:00,21.26,21.545,22.5,19.199999,15.6,55.07,46.349998,82.0,12.0,5.16
2020-10-16 12:30:00+02:00,21.215,21.584999,22.5,19.18,14.6,54.93,46.25,82.0,13.0,5.184
2020-10-16 12:45:00+02:00,21.225,21.615,22.5,19.199999,14.6,55.07,46.18,82.0,13.0,5.184
2020-10-16 13:00:00+02:00,21.26,21.615,22.5,19.199999,16.6,55.169998,46.119999,79.5,13.0,5.232
2020-10-16 13:15:00+02:00,21.24,21.645,22.5,19.18,16.6,54.049999,45.879997,77.0,13.0,5.196
2020-10-16 13:30:00+02:00,21.295,21.664999,22.5,19.24,16.6,54.119999,45.879997,77.0,14.0,5.196
2020-10-16 13:45:00+02:00,21.309999,21.645,22.5,19.199999,16.6,54.299999,45.789997,77.0,13.0,5.232
2020-10-16 14:00:00+02:00,21.334999,21.695,22.5,19.24,16.6,53.899998,45.549999,72.0,12.0,5.208
2020-10-16 14:15:00+02:00,21.33,21.764999,22.5,19.24,17.6,53.639999,45.189999,67.0,13.0,5.184
2020-10-16 14:30:00+02:00,21.424999,21.82,22.5,19.34,17.6,53.949997,45.149998,67.0,14.0,5.232
2020-10-16 14:45:00+02:00,21.48,21.859999,22.5,19.4,18.6,54.0,45.18,67.0,12.0,5.22
2020-10-16 15:00:00+02:00,21.49,21.91,22.5,19.42,19.6,53.639999,44.779999,65.0,14.0,5.256
2020-10-16 15:15:00+02:00,21.51,21.9,22.5,19.379999,20.6,52.939999,44.639999,63.0,13.0,5.22
2020-10-16 15:30:00+02:00,19.965,21.83,22.5,17.48,21.6,56.349998,44.549999,65.0,13.0,5.232
2020-10-16 15:45:00+02:00,18.059999,21.719999,22.5,14.52,23.6,61.329998,44.779999,67.0,13.0,5.304
2020-10-16 16:00:00+02:00,21.799999,21.775,22.5,18.279999,23.6,50.700001,44.189999,65.0,13.0,5.28
2020-10-16 16:15:00+02:00,21.215,22.0,22.5,18.359999,22.6,50.419998,43.119999,63.0,14.0,5.304
2020-10-16 16:30:00+02:00,21.33,22.094999,22.5,18.859999,21.6,50.41,42.469997,63.0,13.0,5.22
2020-10-16 16:45:00+02:00,21.609999,22.25,22.5,18.699999,21.6,49.68,41.809998,63.0,13.0,5.238
2020-10-16 17:00:00+02:00,21.334999,22.33,22.5,18.5,21.6,49.52,41.169998,61.0,13.0,5.256
2020-10-16 17:15:00+02:00,21.309999,22.375,22.5,18.24,22.6,49.129997,40.73,59.0,13.0,5.256
2020-10-16 17:30:00+02:00,21.744999,22.42,22.5,18.379999,22.6,47.950001,40.23,61.0,14.0,5.256
2020-10-16 17:45:00+02:00,21.67,22.449999,22.5,18.34,20.6,47.309998,39.869999,63.0,13.0,5.244
2020-10-16 18:00:00+02:00,22.35,22.49,22.5,19.139999,20.6,46.039997,39.41,63.0,13.0,5.184
2020-10-16 18:15:00+02:00,21.379999,22.49,22.5,18.4,21.6,47.439999,39.040001,63.0,12.0,5.184
2020-10-16 18:30:00+02:00,22.574999,22.445,22.5,19.119999,20.6,45.939999,38.77,65.0,13.0,5.208
2020-10-16 18:45:00+02:00,22.189999,22.48,22.5,18.6,20.6,47.0,38.719997,67.0,13.0,5.232
2020-10-16 19:00:00+02:00,21.73,22.455,22.5,18.18,19.6,47.779999,38.91,69.5,14.0,5.172
2020-10-16 19:15:00+02:00,21.799999,22.424999,22.5,18.459999,18.6,48.110001,39.129997,72.0,13.0,5.244
2020-10-16 19:30:00+02:00,21.58,22.4,22.5,18.279999,18.6,48.549999,39.200001,77.0,13.0,5.232
2020-10-16 19:45:00+02:00,21.529999,22.35,22.5,18.299999,18.6,48.32,39.259998,82.0,12.0,5.232
2020-10-16 20:00:00+02:00,21.49,22.299999,22.5,18.4,17.6,48.360001,39.279999,84.5,13.0,5.184
2020-10-16 20:15:00+02:00,21.439999,22.295,22.5,18.379999,16.6,48.669998,39.309998,87.0,13.0,5.22
2020-10-16 20:30:00+02:00,21.34,22.24,22.5,18.32,15.6,49.059998,39.549999,87.0,14.0,5.232
2020-10-16 20:45:00+02:00,21.27,22.195,22.5,18.299999,15.6,49.459999,39.879997,87.0,13.0,5.256
2020-10-16 21:00:00+02:00,21.32,22.094999,22.5,18.459999,15.6,49.59,39.989998,90.0,13.0,5.244
2020-10-17 07:15:00+02:00,19.16,21.234999,22.5,17.52,11.6,54.57,42.799999,93.0,10.0,5.16
2020-10-17 07:30:00+02:00,20.23,21.105,22.5,17.66,11.6,52.57,42.68,93.0,12.0,5.184
2020-10-17 07:45:00+02:00,20.555,21.094999,22.5,17.74,11.6,51.799999,42.399998,93.0,13.0,5.172
2020-10-17 08:00:00+02:00,20.93,21.1,22.5,17.82,11.6,50.450001,42.110001,90.0,13.0,5.148
2020-10-17 08:15:00+02:00,20.744999,21.109999,22.5,18.02,11.6,50.18,41.860001,87.0,13.0,5.208
2020-10-17 08:30:00+02:00,20.459999,21.094999,22.5,17.539999,10.6,50.809998,41.649998,90.0,12.0,5.172
2020-10-17 08:45:00+02:00,20.6,21.084999,22.5,18.0,10.6,50.200001,41.450001,93.0,15.0,5.202
2020-10-17 09:00:00+02:00,20.26,21.045,22.5,17.42,9.6,50.849998,41.32,93.0,13.0,5.232
2020-10-17 09:15:00+02:00,20.234999,21.025,22.5,17.940001,10.6,50.48,41.219997,93.0,12.0,5.184
2020-10-17 09:30:00+02:00,20.395,20.99,22.5,17.9,9.6,50.129997,41.189999,90.0,13.0,5.244
2020-10-17 09:45:00+02:00,20.295,20.969999,22.5,17.639999,9.6,50.849998,41.189999,87.0,13.0,5.196
2020-10-17 10:00:00+02:00,20.049999,20.955,22.5,17.66,9.6,51.039997,41.23,81.5,14.0,5.244
2020-10-17 10:15:00+02:00,19.969999,20.924999,22.5,17.42,9.6,51.379997,41.23,76.0,13.0,5.208
2020-10-17 10:30:00+02:00,19.875,20.914999,22.5,17.16,10.6,51.699997,41.299999,79.0,13.0,5.244
2020-10-17 10:45:00+02:00,19.844999,20.895,22.5,17.459999,10.6,52.169998,41.43,82.0,13.0,5.304
2020-10-17 11:00:00+02:00,19.965,20.885,22.5,17.799999,10.6,52.059998,41.489998,77.0,12.0,5.268
2020-10-17 11:15:00+02:00,19.959999,20.885,22.5,17.879999,12.6,51.52,41.489998,72.0,13.0,5.208
2020-10-17 11:30:00+02:00,19.85,20.869999,22.5,17.52,12.6,52.110001,41.559998,72.0,15.0,5.22
2020-10-17 11:45:00+02:00,19.73,20.859999,22.5,17.26,12.6,52.610001,41.649998,72.0,12.0,5.244
2020-10-17 12:00:00+02:00,19.965,20.885,22.5,17.74,13.6,52.379997,41.75,69.5,13.0,5.22
2020-10-17 12:15:00+02:00,19.904999,20.904999,22.5,17.76,13.6,53.009998,41.860001,67.0,13.0,5.244
2020-10-17 12:30:00+02:00,19.895,20.914999,22.5,17.879999,14.6,53.009998,42.0,67.0,13.0,5.28
2020-10-17 12:45:00+02:00,19.809999,20.904999,22.5,17.76,15.6,53.559998,42.169998,67.0,14.0,5.304
2020-10-17 13:00:00+02:00,19.805,20.914999,22.5,17.1,16.6,54.0,42.43,67.0,13.0,5.244
2020-10-17 13:15:00+02:00,19.539999,20.934999,22.5,17.859999,17.6,54.41,42.529999,67.0,13.0,5.232
2020-10-17 13:30:00+02:00,19.68,20.965,22.5,17.02,18.6,53.68,42.559998,65.0,13.0,5.232
2020-10-17 13:45:00+02:00,19.779999,20.99,22.5,17.26,19.6,54.0,42.599998,63.0,13.0,5.244
2020-10-17 14:00:00+02:00,19.959999,21.035,22.5,18.08,19.6,54.459999,42.809998,59.0,14.0,5.22
2020-10-17 14:15:00+02:00,20.355,21.09,22.5,18.459999,19.6,53.509998,42.939999,55.0,13.0,5.256
2020-10-17 14:30:00+02:00,20.49,21.109999,22.5,18.58,20.6,53.559998,43.009998,55.0,12.0,5.22
2020-10-17 14:45:00+02:00,21.219999,21.215,22.5,18.719999,19.6,51.899998,42.959999,55.0,14.0,5.28
2020-10-17 15:00:00+02:00,21.334999,21.314999,22.5,18.58,22.6,52.099998,42.829998,55.0,13.0,5.256
2020-10-17 15:15:00+02:00,21.559999,21.389999,22.5,18.6,22.6,51.639999,42.759998,55.0,12.0,5.184
2020-10-17 15:30:00+02:00,22.299999,21.494999,22.5,19.219999,22.6,50.889999,42.700001,55.0,14.0,5.268
2020-10-17 15:45:00+02:00,22.754999,21.645,22.5,19.6,21.4,50.0,42.66,55.0,13.0,5.232
2020-10-17 16:00:00+02:00,22.924999,21.754999,22.5,19.58,21.4,49.889999,42.57,55.0,13.0,5.256
2020-10-19 05:15:00+02:00,20.529999,20.955,22.5,18.84,14.3,57.119999,45.950001,94.0,10.0,5.244
2020-10-19 05:30:00+02:00,20.84,20.92,22.5,18.959999,14.3,56.699997,46.59,94.0,13.0,5.148
2020-10-19 05:45:00+02:00,20.869999,20.924999,22.5,18.98,14.3,56.18,46.779999,94.0,13.0,5.052
2020-10-19 06:00:00+02:00,20.879999,20.914999,22.5,18.959999,14.3,55.949997,46.98,94.0,13.0,5.184
2020-10-19 06:15:00+02:00,20.855,20.914999,22.5,18.939999,13.3,56.23,47.09,94.0,12.0,5.208
2020-10-19 06:30:00+02:00,20.879999,20.914999,22.5,18.959999,13.3,56.329998,47.189999,94.0,14.0,5.196
2020-10-19 06:45:00+02:00,20.789999,20.904999,22.5,18.879999,13.3,56.189999,47.239998,94.0,13.0,5.184
2020-10-19 07:00:00+02:00,20.814999,20.895,22.5,18.92,13.3,56.18,47.349998,88.0,13.0,5.208
2020-10-19 07:15:00+02:00,20.824999,20.895,22.5,18.92,13.3,56.43,47.369999,82.0,13.0,5.172
2020-10-19 07:30:00+02:00,20.859999,20.885,22.5,18.879999,14.3,55.739998,47.349998,88.0,13.0,5.28
2020-10-19 07:45:00+02:00,21.619999,20.904999,22.5,18.98,14.3,53.68,47.110001,94.0,14.0,5.124
2020-10-19 08:00:00+02:00,22.035,20.959999,22.5,18.98,14.3,52.899998,46.860001,94.0,12.0,5.208
2020-10-19 08:15:00+02:00,21.059999,21.004999,22.5,18.08,14.3,55.329998,46.739998,94.0,13.0,5.256
2020-10-19 08:30:00+02:00,20.875,20.945,22.5,17.879999,13.3,55.360001,46.82,94.0,13.0,5.196
2020-10-19 08:45:00+02:00,20.574999,20.895,22.5,17.76,13.3,55.309998,46.779999,94.0,13.0,5.244
2020-10-19 09:00:00+02:00,20.545,20.855,22.5,17.799999,14.3,55.73,46.779999,94.0,13.0,5.22
2020-10-19 09:15:00+02:00,20.594999,20.844999,22.5,17.940001,14.3,56.219997,46.93,94.0,14.0,5.268
2020-10-19 09:30:00+02:00,20.545,20.824999,22.5,17.959999,14.3,55.799999,46.93,91.0,13.0,5.232
2020-10-19 09:45:00+02:00,20.559999,20.814999,22.5,18.039999,14.3,55.509998,46.93,88.0,13.0,5.256
2020-10-19 10:00:00+02:00,20.564999,20.805,22.5,18.1,14.3,55.829998,46.919998,91.0,13.0,5.256
2020-10-19 10:15:00+02:00,20.594999,20.795,22.5,18.18,14.3,56.43,47.189999,94.0,13.0,5.064
2020-10-19 10:30:00+02:00,20.625,20.785,22.5,18.279999,14.3,56.219997,47.52,91.0,14.0,5.148
2020-10-19 10:45:00+02:00,20.645,20.785,22.5,18.32,12.3,55.439999,47.48,88.0,13.0,5.232
2020-10-19 11:00:00+02:00,20.695,20.805,22.5,18.379999,12.3,55.099998,47.419998,88.0,12.0,5.244
2020-10-19 11:15:00+02:00,20.744999,20.859999,22.5,18.5,12.3,55.27,47.41,88.0,13.0,5.268
2020-10-19 11:30:00+02:00,20.779999,20.955,22.5,18.52,12.3,55.860001,47.469997,85.0,13.0,5.256
2020-10-19 11:45:00+02:00,20.91,21.055,22.5,17.639999,12.3,56.059998,47.439999,82.0,13.0,5.268
2020-10-19 12:00:00+02:00,19.439999,21.094999,22.5,15.259999,13.3,59.27,47.66,82.0,14.0,5.22
2020-10-19 12:15:00+02:00,19.43,21.059999,22.5,16.02,14.3,58.719997,47.689999,82.0,13.0,5.208
2020-10-19 12:30:00+02:00,22.15,21.105,22.5,18.699999,14.3,52.789997,47.369999,79.5,13.0,5.268
2020-10-19 12:45:00+02:00,22.17,21.305,22.5,18.719999,15.3,52.84,46.959999,77.0,13.0,5.208
2020-10-19 13:00:00+02:00,22.51,21.48,22.5,18.98,15.3,52.73,46.629997,77.0,12.0,5.232
2020-10-19 13:15:00+02:00,22.869999,21.654999,22.5,19.58,18.299999,52.059998,46.309998,77.0,15.0,5.172
2020-10-19 13:30:00+02:00,24.0,21.83,22.5,19.82,18.299999,49.84,45.950001,74.5,12.0,5.28
2020-10-19 13:45:00+02:00,24.769999,22.0,22.5,19.9,16.299999,48.599998,45.66,72.0,13.0,5.208
2020-10-19 14:00:00+02:00,25.455,22.139999,22.5,20.1,17.299999,47.549999,45.399998,72.0,13.0,5.244
2020-10-19 14:15:00+02:00,26.035,22.289999,22.5,20.18,18.299999,46.219997,45.119999,72.0,13.0,5.208
2020-10-19 14:30:00+02:00,25.32,22.375,22.5,20.359999,18.299999,47.68,45.009998,74.5,12.0,5.196
2020-10-19 14:45:00+02:00,25.08,22.369999,22.5,20.5,18.299999,48.289997,45.039997,77.0,13.0,5.22
2020-10-19 15:00:00+02:00,23.74,22.389999,22.5,18.6,21.299999,50.719997,45.119999,74.5,14.0,5.16
2020-10-19 15:15:00+02:00,23.949999,22.289999,22.5,20.26,20.299999,50.509998,45.360001,72.0,13.0,5.232
2020-10-19 15:30:00+02:00,24.529999,22.289999,22.5,20.82,20.299999,49.57,45.289997,72.0,13.0,5.292
2020-10-19 15:45:00+02:00,22.164999,22.33,22.5,18.459999,21.299999,53.439999,45.219997,72.0,13.0,5.244
2020-10-19 16:00:00+02:00,21.789999,22.199999,22.5,18.639999,22.299999,54.559998,45.559998,69.5,13.0,5.244
2020-10-19 16:15:00+02:00,21.74,22.119999,22.5,18.84,22.299999,54.739998,45.73,67.0,12.0,5.304
2020-10-19 16:30:00+02:00,22.029999,22.109999,22.5,19.199999,22.299999,54.18,45.849998,69.5,15.0,5.256
2020-10-19 16:45:00+02:00,22.07,22.16,22.5,18.859999,22.299999,54.309998,45.919998,72.0,12.0,5.244
2020-10-19 17:00:00+02:00,22.219999,22.24,22.5,19.039999,21.299999,53.919998,45.91,72.0,13.0,5.268
2020-10-19 17:15:00+02:00,23.564999,22.289999,22.5,20.859999,19.299999,51.399998,45.82,72.0,13.0,5.232
2020-10-19 17:30:00+02:00,23.615,22.379999,22.5,21.02,19.299999,51.25,45.579998,74.5,13.0,5.208
2020-10-19 17:45:00+02:00,23.564999,22.4,22.5,20.939999,18.299999,50.969997,45.379997,77.0,14.0,5.196
2020-10-19 18:00:00+02:00,23.494999,22.42,22.5,20.98,18.299999,51.399998,45.349998,79.5,13.0,5.196
2020-10-19 18:15:00+02:00,23.459999,22.424999,22.5,20.939999,18.299999,51.509998,45.349998,82.0,13.0,5.184
2020-10-19 18:30:00+02:00,23.404999,22.459999,22.5,20.92,17.299999,51.869999,45.379997,82.0,12.0,5.244
2020-10-19 18:45:00+02:00,23.18,22.465,22.5,20.74,17.299999,52.66,45.59,82.0,13.0,5.184
2020-10-19 19:00:00+02:00,23.084999,22.465,22.5,20.699999,17.299999,53.039997,45.75,82.0,13.0,5.184
2020-10-19 19:15:00+02:00,23.014999,22.424999,22.5,20.699999,17.299999,52.869999,45.899998,82.0,14.0,5.148
2020-10-19 19:30:00+02:00,22.955,22.41,22.5,20.639999,16.299999,52.809998,45.98,82.0,13.0,5.208
2020-10-19 19:45:00+02:00,22.904999,22.4,22.5,20.639999,16.299999,53.23,46.049999,82.0,12.0,5.196
2020-10-19 20:00:00+02:00,22.855,22.375,22.5,20.639999,16.299999,53.110001,46.110001,85.0,13.0,5.22
2020-10-19 20:15:00+02:00,22.754999,22.309999,22.5,20.539999,16.299999,53.169998,46.149998,88.0,13.0,5.196
2020-10-19 20:30:00+02:00,22.705,22.24,22.5,20.539999,16.299999,53.329998,46.18,88.0,13.0,5.208
2020-10-19 20:45:00+02:00,22.625,22.199999,22.5,20.459999,16.299999,53.669998,47.509998,88.0,12.0,5.268
2020-10-19 21:00:00+02:00,22.609999,22.129999,22.5,20.459999,16.299999,53.610001,46.82,88.0,15.0,5.184
2020-10-20 07:15:00+02:00,20.924999,21.205,22.5,19.199999,14.3,57.169998,47.77,88.0,10.0,5.22
2020-10-20 07:30:00+02:00,21.189999,21.174999,22.5,19.299999,14.3,56.779999,48.02,88.0,12.0,5.22
2020-10-20 07:45:00+02:00,21.189999,21.174999,22.5,19.279999,14.3,56.77,48.110001,88.0,13.0,5.208
2020-10-20 08:00:00+02:00,21.225,21.174999,22.5,19.359999,14.3,57.25,48.459999,88.0,13.0,5.184
2020-10-20 08:15:00+02:00,21.309999,21.184999,22.5,19.379999,14.3,57.239998,48.719997,88.0,13.0,5.256
2020-10-20 08:30:00+02:00,21.26,21.174999,22.5,19.299999,14.3,57.27,48.789997,88.0,13.0,5.22
2020-10-20 08:45:00+02:00,21.27,21.164999,22.5,19.359999,14.3,57.119999,48.849998,88.0,14.0,5.196
2020-10-20 09:00:00+02:00,21.205,21.154999,22.5,19.299999,14.3,57.27,48.919998,88.0,13.0,5.22
2020-10-20 09:15:00+02:00,21.209999,21.145,22.5,19.299999,14.3,57.57,49.049999,88.0,12.0,5.232
2020-10-20 09:30:00+02:00,21.215,21.125,22.5,19.34,14.3,57.649998,49.149998,91.0,13.0,5.208
2020-10-20 09:45:00+02:00,21.219999,21.115,22.5,19.34,14.3,57.739998,49.279999,94.0,13.0,5.232
2020-10-20 10:00:00+02:00,21.209999,21.115,22.5,19.34,14.3,57.099998,49.32,91.0,13.0,5.22
2020-10-20 10:15:00+02:00,21.209999,21.115,22.5,19.359999,14.3,57.649998,49.279999,88.0,14.0,5.22
2020-10-20 10:30:00+02:00,21.164999,21.105,22.5,19.299999,14.3,57.489998,49.32,88.0,13.0,5.196
2020-10-20 10:45:00+02:00,21.199999,21.105,22.5,19.359999,14.3,57.219997,49.579998,88.0,13.0,5.184
2020-10-20 11:00:00+02:00,21.24,21.125,22.5,19.359999,14.3,56.91,49.52,91.0,12.0,5.172
2020-10-20 11:15:00+02:00,21.279999,21.174999,22.5,19.459999,14.3,57.219997,49.539997,94.0,13.0,5.172
2020-10-20 11:30:00+02:00,21.369999,21.225,22.5,19.539999,14.3,56.959999,49.509998,94.0,13.0,5.244
2020-10-20 11:45:00+02:00,21.389999,21.254999,22.5,19.52,14.3,56.699997,49.509998,94.0,14.0,5.196
2020-10-20 12:00:00+02:00,21.449999,21.285,22.5,19.58,15.3,57.009998,49.34,91.0,13.0,5.268
2020-10-20 12:15:00+02:00,21.469999,21.334999,22.5,19.58,15.3,56.969997,49.369999,88.0,13.0,5.28
2020-10-20 12:30:00+02:00,21.494999,21.334999,22.5,19.639999,15.3,56.77,49.369999,88.0,13.0,5.22
2020-10-20 12:45:00+02:00,21.529999,21.334999,22.5,19.68,15.3,56.759998,49.439999,88.0,13.0,5.232
2020-10-20 13:00:00+02:00,21.564999,21.35,22.5,19.68,14.3,56.719997,49.34,88.0,14.0,5.256
2020-10-20 13:15:00+02:00,21.619999,21.359999,22.5,19.76,15.3,56.119999,49.239998,88.0,12.0,5.196
2020-10-20 13:30:00+02:00,21.609999,21.324999,22.5,19.74,15.3,56.059998,49.239998,88.0,14.0,5.22
2020-10-20 13:45:00+02:00,21.605,21.295,22.5,19.74,15.3,56.169998,49.25,88.0,12.0,5.28
2020-10-20 14:00:00+02:00,21.609999,21.285,22.5,19.719999,16.299999,56.649998,49.279999,88.0,13.0,5.184
2020-10-20 14:15:00+02:00,21.67,21.254999,22.5,19.82,16.299999,56.23,49.309998,88.0,13.0,5.208
2020-10-20 14:30:00+02:00,20.424999,21.244999,22.5,16.68,16.6,57.0049995,49.32,85.0,14.0,5.256
2020-10-20 14:45:00+02:00,21.129999,21.184999,22.5,19.08,15.3,57.779999,49.48,82.0,13.0,5.208
2020-10-20 15:00:00+02:00,21.389999,21.205,22.5,19.459999,15.3,57.34,49.539997,82.0,13.0,5.244
2020-10-20 15:15:00+02:00,21.58,21.225,22.5,19.639999,15.3,56.459999,49.579998,82.0,13.0,5.244
2020-10-20 15:30:00+02:00,21.65,21.264999,22.5,19.699999,15.3,55.939999,49.34,82.0,13.0,5.232
2020-10-20 15:45:00+02:00,21.73,21.264999,22.5,19.82,15.3,56.43,49.309998,82.0,14.0,5.244
2020-10-20 16:00:00+02:00,21.945,21.295,22.5,19.84,16.299999,55.539997,49.209999,82.0,13.0,5.256
2020-10-20 16:15:00+02:00,22.98,21.375,22.5,19.9,17.299999,52.789997,48.779999,82.0,12.0,5.268
2020-10-20 16:30:00+02:00,23.615,21.744999,22.5,20.02,16.299999,51.689999,47.799999,82.0,14.0,5.244
2020-10-20 16:45:00+02:00,25.445,22.094999,22.5,20.18,16.299999,48.529999,46.689999,82.0,12.0,5.268
2020-10-20 17:00:00+02:00,26.639999,22.445,22.5,20.34,15.3,46.07,45.779999,82.0,13.0,5.244
2020-10-20 17:15:00+02:00,25.615,22.705,22.5,20.48,16.299999,47.489998,45.219997,82.0,14.0,5.208
2020-10-20 17:30:00+02:00,25.254999,22.719999,22.5,20.539999,17.299999,48.450001,45.049999,82.0,13.0,5.208
2020-10-20 17:45:00+02:00,24.949999,22.74,22.5,20.699999,17.299999,48.950001,45.049999,82.0,13.0,5.22
2020-10-20 18:00:00+02:00,24.625,22.719999,22.5,20.68,17.299999,49.419998,45.049999,85.0,13.0,5.208
2020-10-20 18:15:00+02:00,24.389999,22.695,22.5,20.699999,16.299999,49.860001,45.219997,88.0,13.0,5.208
2020-10-20 18:30:00+02:00,24.16,22.689999,22.5,20.719999,16.299999,50.950001,45.279999,88.0,12.0,5.232
2020-10-20 18:45:00+02:00,23.939999,22.66,22.5,20.66,16.299999,50.899998,45.34,88.0,14.0,5.22
2020-10-20 19:00:00+02:00,23.74,22.58,22.5,20.619999,15.3,51.049999,45.459999,88.0,13.0,5.244
2020-10-20 19:15:00+02:00,23.59,22.51,22.5,20.6,15.3,51.77,45.579998,88.0,13.0,5.196
2020-10-20 19:30:00+02:00,23.394999,22.404999,22.5,20.52,15.3,51.93,45.709999,85.0,13.0,5.196
2020-10-20 19:45:00+02:00,23.285,22.34,22.5,20.539999,15.3,52.02,46.110001,82.0,13.0,5.244
2020-10-20 20:00:00+02:00,23.105,22.289999,22.5,20.459999,15.3,52.309998,46.049999,85.0,14.0,5.208
2020-10-20 20:15:00+02:00,22.984999,22.26,22.5,20.4,15.3,52.509998,46.48,88.0,12.0,5.22
2020-10-20 20:30:00+02:00,22.85,22.199999,22.5,20.359999,14.3,52.669998,46.25,88.0,13.0,5.208
2020-10-20 20:45:00+02:00,22.725,22.084999,22.5,20.26,15.3,52.610001,46.259998,88.0,13.0,5.232
2020-10-20 21:00:00+02:00,22.705,22.01,22.5,20.18,15.3,52.829998,46.259998,88.0,13.0,5.208
2020-10-21 07:15:00+02:00,21.58,21.234999,22.5,19.32,15.3,56.98,48.52,94.0,9.0,5.172
2020-10-21 07:30:00+02:00,21.91,21.264999,22.5,19.48,15.3,56.639999,48.82,94.0,13.0,5.268
2020-10-21 07:45:00+02:00,21.975,21.295,22.5,19.539999,15.3,55.959999,48.860001,94.0,13.0,5.184
2020-10-21 08:00:00+02:00,21.93,21.309999,22.5,19.5,15.3,55.949997,48.889999,94.0,13.0,5.232
2020-10-21 08:15:00+02:00,22.064999,21.314999,22.5,19.559999,15.3,55.919998,49.049999,94.0,14.0,5.244
2020-10-21 08:30:00+02:00,24.029999,21.334999,22.5,19.539999,15.3,52.969997,49.27,94.0,13.0,5.208
2020-10-21 08:45:00+02:00,24.789999,21.555,22.5,19.699999,15.3,51.23,48.899998,94.0,13.0,5.184
2020-10-21 09:00:00+02:00,24.129999,21.664999,22.5,19.699999,15.3,52.32,48.789997,94.0,13.0,5.208
2020-10-21 09:15:00+02:00,24.209999,21.695,22.5,19.74,15.3,52.77,48.860001,94.0,12.0,5.22
2020-10-21 09:30:00+02:00,23.885,21.695,22.5,19.799999,14.3,53.239998,48.959999,91.0,13.0,5.244
2020-10-21 09:45:00+02:00,23.615,21.664999,22.5,19.779999,14.3,53.25,49.059998,88.0,14.0,5.232
2020-10-21 10:00:00+02:00,23.414999,21.635,22.5,19.82,14.3,53.469997,49.029999,88.0,13.0,5.184
2020-10-21 10:15:00+02:00,23.269999,21.59,22.5,19.82,14.3,54.139999,49.360001,88.0,13.0,5.244
2020-10-21 10:30:00+02:00,23.059999,21.545,22.5,19.82,15.3,54.23,49.559998,85.0,13.0,5.232
2020-10-21 10:45:00+02:00,22.834999,21.545,22.5,19.799999,15.3,54.77,49.860001,82.0,12.0,5.256
2020-10-21 11:00:00+02:00,22.725,21.59,22.5,19.82,15.3,54.829998,49.860001,82.0,13.0,5.232
2020-10-21 11:15:00+02:00,22.67,21.615,22.5,19.859999,15.3,55.77,50.049999,82.0,14.0,5.28
2020-10-21 11:30:00+02:00,22.555,21.645,22.5,19.9,16.299999,55.669998,50.049999,85.0,13.0,5.244
2020-10-21 11:45:00+02:00,22.574999,21.695,22.5,19.92,16.299999,55.5,50.079998,88.0,13.0,5.208
2020-10-21 12:00:00+02:00,23.365,21.789999,22.5,19.98,16.299999,54.669998,49.989998,88.0,12.0,5.232
2020-10-21 12:15:00+02:00,24.994999,22.01,22.5,20.1,16.299999,51.739998,49.629997,88.0,14.0,5.208
2020-10-21 12:30:00+02:00,26.404999,22.34,22.5,20.32,17.299999,48.879997,48.899998,85.0,14.0,5.232
2020-10-21 12:45:00+02:00,27.404999,22.65,22.5,20.5,17.299999,47.68,48.439999,82.0,12.0,5.22
2020-10-21 13:00:00+02:00,27.68,22.865,22.5,20.66,17.299999,47.649998,48.139999,79.5,13.0,5.22
2020-10-21 13:15:00+02:00,27.84,22.984999,22.5,20.74,18.299999,47.41,48.110001,77.0,13.0,5.136
2020-10-21 13:30:00+02:00,27.984999,23.074999,22.5,20.879999,18.299999,46.899998,47.939999,77.0,13.0,5.184
2020-10-21 13:45:00+02:00,28.055,23.105,22.5,20.939999,18.299999,47.059998,47.889999,77.0,12.0,5.196
2020-10-21 14:00:00+02:00,28.135,23.125,22.5,20.98,17.299999,46.700001,47.889999,77.0,13.0,5.196
2020-10-21 14:15:00+02:00,28.219999,23.164999,22.5,21.08,18.299999,46.309998,47.829998,77.0,14.0,5.172
2020-10-21 14:30:00+02:00,28.344999,23.205,22.5,21.16,17.299999,46.259998,47.66,77.0,13.0,5.244
2020-10-21 14:45:00+02:00,28.324999,23.275,22.5,21.139999,18.299999,46.549999,47.59,77.0,13.0,5.208
2020-10-21 15:00:00+02:00,28.369999,23.295,22.5,21.24,18.299999,46.110001,47.529999,77.0,12.0,5.16
2020-10-21 15:15:00+02:00,28.424999,23.33,22.5,21.279999,18.299999,45.73,47.360001,77.0,13.0,5.268
2020-10-21 15:30:00+02:00,28.355,23.344999,22.5,21.24,18.299999,46.110001,47.289997,77.0,13.0,5.184
2020-10-21 15:45:00+02:00,28.455,23.389999,22.5,21.359999,18.299999,45.59,47.079998,77.0,14.0,5.22
2020-10-21 16:00:00+02:00,28.445,23.404999,22.5,21.32,18.299999,45.349998,46.889999,77.0,13.0,5.232
2020-10-21 16:15:00+02:00,28.465,23.404999,22.5,21.32,18.299999,45.579998,46.759998,77.0,13.0,5.208
2020-10-21 16:30:00+02:00,28.504999,23.455,22.5,21.4,17.299999,45.379997,46.619999,77.0,13.0,5.268
2020-10-21 16:45:00+02:00,28.474998,23.475,22.5,21.4,17.299999,45.09,46.389999,77.0,12.0,5.1
2020-10-21 17:00:00+02:00,28.535,23.514999,23.5,21.52,17.299999,44.829998,46.18,77.0,13.0,5.184
2020-10-21 17:15:00+02:00,28.334999,23.494999,23.5,21.439999,17.299999,45.110001,45.879997,77.0,14.0,5.184
2020-10-21 17:30:00+02:00,28.314999,23.475,23.5,21.439999,18.299999,45.16,45.809998,79.5,13.0,5.208
2020-10-21 17:45:00+02:00,28.42,23.475,23.5,21.5,18.299999,44.549999,45.689999,82.0,13.0,5.208
2020-10-21 18:00:00+02:00,28.445,23.484999,23.5,21.459999,17.299999,44.98,45.534998,82.0,13.0,5.196
2020-10-21 18:15:00+02:00,28.484999,23.484999,23.5,21.48,17.299999,44.34,45.379997,82.0,13.0,5.184
2020-10-21 18:30:00+02:00,28.434999,23.525,23.5,21.459999,17.299999,43.360001,44.879997,82.0,12.0,5.244
2020-10-21 18:45:00+02:00,28.394999,23.539999,23.5,21.359999,17.299999,43.779999,44.559998,82.0,14.0,5.22
2020-10-21 19:00:00+02:00,28.33,23.525,23.5,21.359999,17.299999,43.719997,44.559998,82.0,13.0,5.244
2020-10-21 19:15:00+02:00,28.195,23.545,23.5,21.299999,17.299999,45.899998,44.82,82.0,13.0,5.208
2020-10-21 19:30:00+02:00,28.129999,23.545,23.5,21.279999,17.299999,46.009998,45.309998,82.0,12.0,5.232
2020-10-21 19:45:00+02:00,28.09,23.539999,23.5,21.199999,17.299999,46.509998,45.579998,82.0,13.0,5.22
2020-10-21 20:00:00+02:00,28.039999,23.494999,23.5,21.199999,17.299999,46.329998,45.779999,85.0,13.0,5.244
2020-10-21 20:15:00+02:00,27.939999,23.475,23.5,21.1,17.299999,46.16,45.849998,88.0,14.0,5.244
2020-10-21 20:30:00+02:00,27.974998,23.424999,23.5,21.08,17.299999,46.329998,45.989998,85.0,13.0,5.208
2020-10-21 20:45:00+02:00,28.019999,23.404999,23.5,21.059999,17.299999,46.389999,46.169998,82.0,12.0,5.208
2020-10-21 21:00:00+02:00,28.019999,23.404999,23.5,21.02,17.299999,46.049999,46.139999,82.0,13.0,5.208
2020-10-22 07:15:00+02:00,21.59,21.695,22.5,19.639999,16.299999,55.77,48.919998,94.0,9.0,5.148
2020-10-22 07:30:00+02:00,22.465,21.684999,22.5,19.779999,15.3,54.459999,48.559998,91.0,13.0,5.124
2020-10-22 07:45:00+02:00,22.564999,21.734999,22.5,19.82,15.3,54.23,48.299999,88.0,13.0,5.232
2020-10-22 08:00:00+02:00,22.805,21.764999,22.5,19.879999,15.3,53.389999,48.059998,85.0,13.0,5.208
2020-10-22 08:15:00+02:00,23.74,21.82,22.5,19.92,15.3,51.509998,47.759998,82.0,14.0,5.244
2020-10-22 08:30:00+02:00,23.795,21.9,22.5,19.959999,15.3,51.799999,47.489998,85.0,12.0,5.16
2020-10-22 08:45:00+02:00,23.754999,21.945,22.5,19.98,15.3,51.48,47.289997,88.0,13.0,5.184
2020-10-22 09:00:00+02:00,23.754999,21.955,22.5,20.02,15.3,51.299999,47.189999,88.0,13.0,5.256
2020-10-22 09:15:00+02:00,26.559999,22.094999,22.5,20.059999,16.299999,46.07,46.459999,88.0,13.0,5.124
2020-10-22 09:30:00+02:00,27.08,22.34,22.5,20.24,16.299999,45.899998,45.950001,88.0,13.0,5.22
2020-10-22 09:45:00+02:00,27.244999,22.48,22.5,20.379999,16.299999,45.799999,45.879997,88.0,14.0,5.22
2020-10-22 10:00:00+02:00,27.389999,22.559999,22.5,20.459999,16.299999,45.349998,45.860001,88.0,13.0,5.184
2020-10-22 10:15:00+02:00,27.5,22.629999,22.5,20.52,15.3,45.059998,45.459999,88.0,12.0,5.16
2020-10-22 10:30:00+02:00,27.514999,22.68,22.5,20.6,16.299999,44.799999,45.099998,85.0,13.0,5.196
2020-10-22 10:45:00+02:00,27.549999,22.67,22.5,20.68,16.299999,44.599998,45.299999,82.0,13.0,5.196
2020-10-22 11:00:00+02:00,27.57,22.73,22.5,20.74,16.299999,45.119999,45.289997,79.5,13.0,5.184
2020-10-22 11:15:00+02:00,27.609999,22.824999,22.5,20.76,16.299999,45.289997,45.419998,77.0,14.0,5.088
2020-10-22 11:30:00+02:00,27.514999,22.875,22.5,20.82,16.299999,45.349998,45.5549985,77.0,12.0,5.208
2020-10-22 11:45:00+02:00,27.465,22.93,22.5,20.84,16.299999,45.950001,45.689999,77.0,13.0,5.244
2020-10-22 12:00:00+02:00,27.5,22.969999,22.5,20.9,16.299999,47.48,46.279999,77.0,13.0,5.256
2020-10-22 12:15:00+02:00,27.449999,23.0,22.5,20.9,17.299999,47.509998,46.579998,77.0,13.0,5.232
2020-10-22 12:30:00+02:00,27.469999,23.039999,22.5,20.98,17.299999,47.799999,47.099998,77.0,13.0,5.244
2020-10-22 12:45:00+02:00,27.449999,23.094999,22.5,20.939999,17.299999,48.059998,47.299999,77.0,14.0,5.196
2020-10-22 13:00:00+02:00,27.51,23.115,22.5,20.98,17.299999,47.419998,47.239998,77.0,13.0,5.232
2020-10-22 13:15:00+02:00,27.51,23.129999,22.5,21.02,18.299999,47.09,47.169998,77.0,12.0,5.196
2020-10-22 13:30:00+02:00,27.549999,23.164999,22.5,21.08,18.299999,47.289997,47.200001,74.5,13.0,5.208
2020-10-22 13:45:00+02:00,27.619999,23.18,22.5,21.16,18.299999,48.09,47.369999,72.0,13.0,5.136
2020-10-22 14:00:00+02:00,27.609999,23.25,22.5,21.16,18.299999,47.539997,47.289997,72.0,13.0,5.208
2020-10-22 14:15:00+02:00,27.639999,23.264999,22.5,21.18,18.299999,47.549999,47.419998,72.0,14.0,5.232
2020-10-22 14:30:00+02:00,27.68,23.295,22.5,21.199999,19.299999,47.599998,47.389999,72.0,13.0,5.22
2020-10-22 14:45:00+02:00,27.73,23.324999,22.5,21.24,19.299999,47.110001,47.16,72.0,13.0,5.268
2020-10-22 15:00:00+02:00,27.799999,23.33,22.5,21.299999,19.299999,46.539997,46.93,72.0,12.0,5.184
2020-10-22 15:15:00+02:00,27.875,23.404999,22.5,21.359999,20.299999,46.18,46.649998,72.0,14.0,5.184
2020-10-22 15:30:00+02:00,27.994999,23.404999,22.5,21.439999,20.299999,46.829998,46.719997,72.0,12.0,5.172
2020-10-22 15:45:00+02:00,28.064999,23.424999,22.5,21.48,20.299999,46.009998,46.419998,72.0,14.0,5.184
2020-10-22 16:00:00+02:00,28.01,23.455,22.5,21.48,20.299999,45.82,46.169998,74.5,13.0,5.208
2020-10-22 16:15:00+02:00,28.064999,23.455,22.5,21.5,19.299999,45.939999,46.169998,77.0,13.0,5.208
2020-10-22 16:30:00+02:00,28.115,23.455,22.5,21.52,19.299999,46.09,46.169998,77.0,13.0,5.16
2020-10-22 16:45:00+02:00,28.039999,23.455,22.5,21.48,19.299999,44.799999,45.779999,77.0,13.0,5.22
2020-10-22 17:00:00+02:00,28.055,23.48,22.5,21.48,19.299999,44.73,45.450001,79.5,14.0,5.208
2020-10-22 17:15:00+02:00,28.074999,23.514999,23.5,21.48,19.299999,44.829998,45.049999,82.0,12.0,5.22
2020-10-22 17:30:00+02:00,28.115,23.555,23.5,21.539999,19.299999,44.669998,44.849998,82.0,13.0,5.172
2020-10-22 17:45:00+02:00,28.195,23.584999,23.5,21.58,18.299999,44.489998,44.709999,82.0,13.0,5.172
2020-10-22 18:00:00+02:00,28.035,23.584999,23.5,21.559999,18.299999,45.189999,44.719997,82.0,13.0,5.268
2020-10-22 18:15:00+02:00,27.969999,23.564999,23.5,21.619999,18.299999,45.16,44.709999,82.0,13.0,5.196
2020-10-22 18:30:00+02:00,27.904999,23.564999,23.5,21.639999,18.299999,45.379997,44.849998,82.0,12.0,5.172
2020-10-22 18:45:00+02:00,27.914999,23.545,23.5,21.719999,18.299999,45.219997,44.849998,82.0,14.0,5.208
2020-10-22 19:00:00+02:00,27.75,23.545,23.5,21.68,18.299999,45.599998,44.75,85.0,13.0,5.172
2020-10-22 19:15:00+02:00,27.719999,23.545,23.5,21.68,18.299999,45.5,44.75,88.0,13.0,5.172
2020-10-22 19:30:00+02:00,27.74,23.584999,23.5,21.74,18.299999,45.66,44.809998,88.0,13.0,5.172
2020-10-22 19:45:00+02:00,27.519999,23.605,23.5,21.719999,18.299999,46.700001,44.91,88.0,12.0,5.172
2020-10-22 20:00:00+02:00,27.32,23.535,23.5,21.68,17.299999,46.77,45.079998,88.0,13.0,5.16
2020-10-22 20:15:00+02:00,27.23,23.545,23.5,21.639999,17.299999,46.779999,45.079998,88.0,14.0,5.148
2020-10-22 20:30:00+02:00,27.15,23.48,23.5,21.619999,17.299999,47.209999,45.279999,88.0,13.0,5.148
2020-10-22 20:45:00+02:00,27.135,23.434999,23.5,21.539999,17.299999,47.459999,45.450001,88.0,13.0,5.244
2020-10-22 21:00:00+02:00,27.244999,23.424999,23.5,21.52,17.299999,46.959999,45.450001,88.0,13.0,5.208
2020-10-23 07:15:00+02:00,24.299999,22.055,22.5,20.139999,15.3,54.559998,50.129997,94.0,9.0,5.196
2020-10-23 07:30:00+02:00,26.459999,22.289999,22.5,20.42,15.3,50.899998,50.079998,94.0,13.0,5.148
2020-10-23 07:45:00+02:00,27.135,22.57,22.5,20.559999,16.299999,49.869999,49.610001,94.0,13.0,5.148
2020-10-23 08:00:00+02:00,27.439999,22.744999,22.5,20.699999,16.299999,48.939999,49.34,94.0,12.0,5.112
2020-10-23 08:15:00+02:00,27.619999,22.85,22.5,20.82,16.299999,48.450001,49.18,94.0,13.0,5.208
2020-10-23 08:30:00+02:00,27.65,22.93,22.5,20.879999,15.3,49.07,49.169998,94.0,14.0,5.16
2020-10-23 08:45:00+02:00,27.639999,22.955,22.5,20.939999,15.3,48.869999,49.169998,94.0,13.0,5.172
2020-10-23 09:00:00+02:00,27.705,22.98,22.5,20.92,15.3,48.379997,49.099998,94.0,12.0,5.208
2020-10-23 09:15:00+02:00,27.67,23.0,22.5,20.939999,15.3,48.219997,48.899998,94.0,13.0,5.16
2020-10-23 09:30:00+02:00,27.689999,23.019999,22.5,20.939999,15.3,48.919998,48.989998,94.0,13.0,5.172
2020-10-23 09:45:00+02:00,27.769999,23.039999,22.5,20.98,15.3,48.48,49.02,94.0,13.0,5.148
2020-10-23 10:00:00+02:00,27.799999,23.07,22.5,20.98,15.3,48.219997,49.02,97.0,14.0,5.148
2020-10-23 10:15:00+02:00,27.834999,23.1,22.5,20.92,15.3,48.649998,49.029999,100.0,12.0,5.184
2020-10-23 10:30:00+02:00,27.939999,23.119999,22.5,21.059999,15.3,48.799999,49.219997,97.0,13.0,5.16
2020-10-23 10:45:00+02:00,27.855,23.129999,22.5,21.02,16.299999,48.379997,49.469997,94.0,13.0,5.172
2020-10-23 11:00:00+02:00,27.83,23.16,22.5,20.98,16.299999,48.189999,49.389999,97.0,13.0,5.16
2020-10-23 11:15:00+02:00,27.92,23.18,22.5,21.1,16.299999,49.009998,49.599998,100.0,12.0,5.16
2020-10-23 11:30:00+02:00,27.9,23.275,22.5,21.08,16.299999,48.709999,49.549999,97.0,13.0,5.172
2020-10-23 11:45:00+02:00,27.889999,23.324999,22.5,21.08,16.299999,48.41,49.610001,94.0,14.0,5.16
2020-10-23 12:00:00+02:00,27.855,23.344999,22.5,21.08,16.299999,48.939999,49.549999,94.0,13.0,5.256
2020-10-23 12:15:00+02:00,27.855,23.379999,22.5,21.08,15.3,49.25,49.599998,94.0,13.0,5.22
2020-10-23 12:30:00+02:00,27.855,23.404999,22.5,21.119999,16.299999,48.829998,49.629997,94.0,12.0,5.232
2020-10-23 12:45:00+02:00,27.939999,23.404999,22.5,21.199999,16.299999,48.57,49.639999,94.0,13.0,5.196
2020-10-23 13:00:00+02:00,27.969999,23.424999,22.5,21.18,16.299999,49.25,49.639999,94.0,13.0,5.232
2020-10-23 13:15:00+02:00,28.035,23.484999,22.5,21.24,16.299999,48.879997,49.539997,94.0,14.0,5.184
2020-10-23 13:30:00+02:00,28.019999,23.484999,22.5,21.24,16.299999,48.899998,49.66,94.0,13.0,5.172
2020-10-23 13:45:00+02:00,28.039999,23.525,23.5,21.199999,16.299999,47.860001,49.399998,94.0,12.0,5.172
2020-10-23 14:00:00+02:00,28.019999,23.545,23.5,21.219999,17.299999,48.439999,49.169998,94.0,13.0,5.124
2020-10-23 14:15:00+02:00,28.119999,23.564999,23.5,21.439999,17.299999,49.610001,49.539997,94.0,13.0,5.184
2020-10-23 14:30:00+02:00,28.109999,23.58,23.5,21.4,16.299999,49.0,49.57,94.0,13.0,5.22
2020-10-23 14:45:00+02:00,27.92,23.615,23.5,21.379999,16.299999,49.919998,49.84,94.0,12.0,5.172
2020-10-23 15:00:00+02:00,27.744999,23.605,23.5,21.439999,16.299999,50.200001,50.07,94.0,14.0,5.172
2020-10-23 15:15:00+02:00,27.59,23.605,23.5,21.439999,16.299999,50.41,50.200001,94.0,13.0,5.208
2020-10-23 15:30:00+02:00,27.434999,23.58,23.5,21.48,16.299999,50.439999,50.289997,94.0,13.0,5.196
2020-10-23 15:45:00+02:00,27.219999,23.59,23.5,21.4,17.299999,51.5,50.299999,94.0,13.0,5.196
2020-10-23 16:00:00+02:00,27.08,23.555,23.5,21.459999,17.299999,50.889999,50.399998,94.0,12.0,5.16
2020-10-23 16:15:00+02:00,27.045,23.564999,23.5,21.48,16.299999,50.959999,50.189999,94.0,13.0,5.184
2020-10-23 16:30:00+02:00,27.014999,23.545,23.5,21.48,16.299999,51.23,50.200001,94.0,14.0,5.196
2020-10-23 16:45:00+02:00,26.934999,23.535,23.5,21.439999,16.299999,51.16,50.27,94.0,13.0,5.196
2020-10-23 17:00:00+02:00,26.855,23.519999,23.5,21.439999,16.299999,51.009998,50.299999,94.0,13.0,5.208
2020-10-23 17:15:00+02:00,26.844999,23.545,23.5,21.4,16.299999,51.029999,50.23,94.0,13.0,5.22
2020-10-23 17:30:00+02:00,26.93,23.514999,23.5,21.459999,16.299999,50.939999,50.200001,94.0,13.0,5.184
2020-10-23 17:45:00+02:00,26.984999,23.519999,23.5,21.48,16.299999,50.599998,50.139999,94.0,12.0,5.16
2020-10-23 18:00:00+02:00,27.08,23.535,23.5,21.52,16.299999,50.119999,50.079998,94.0,14.0,5.196
2020-10-23 18:15:00+02:00,26.855,23.545,23.5,21.459999,16.299999,51.59,50.149998,94.0,13.0,5.16
2020-10-23 18:30:00+02:00,26.785,23.605,23.5,21.5,16.299999,51.48,50.09,94.0,13.0,5.16
2020-10-23 18:45:00+02:00,26.414999,23.584999,23.5,21.5,16.299999,51.989998,50.23,94.0,13.0,5.184
2020-10-23 19:00:00+02:00,26.269999,23.555,23.5,21.42,16.299999,52.139999,50.27,94.0,12.0,5.16
2020-10-23 19:15:00+02:00,26.224998,23.574999,23.5,21.439999,16.299999,52.77,50.259998,94.0,13.0,5.148
2020-10-23 19:30:00+02:00,26.055,23.555,23.5,21.379999,16.299999,52.739998,50.369999,94.0,14.0,5.208
2020-10-23 19:45:00+02:00,26.049999,23.535,23.5,21.379999,16.299999,52.559998,50.369999,94.0,12.0,5.16
2020-10-23 20:00:00+02:00,26.014999,23.535,23.5,21.359999,16.299999,53.309998,50.369999,94.0,13.0,5.172
2020-10-23 20:15:00+02:00,25.924999,23.484999,23.5,21.26,15.3,53.59,50.5,94.0,13.0,5.148
2020-10-23 20:30:00+02:00,26.049999,23.434999,23.5,21.24,15.3,53.209999,50.860001,94.0,13.0,5.172
2020-10-23 20:45:00+02:00,26.055,23.449999,23.5,21.18,15.3,53.289997,51.309998,94.0,12.0,5.22
2020-10-23 21:00:00+02:00,26.174999,23.41,23.5,21.18,15.3,54.0,51.360001,97.0,13.0,5.172
2020-10-24 07:15:00+02:00,22.07,22.205,22.5,20.24,15.3,61.109997,52.379997,100.0,8.0,5.256
2020-10-24 07:30:00+02:00,22.285,22.145,22.5,20.32,15.3,60.509998,52.689999,100.0,13.0,5.064
2020-10-24 07:45:00+02:00,22.369999,22.15,22.5,20.32,15.3,60.879997,52.829998,100.0,12.0,5.172
2020-10-24 08:00:00+02:00,22.369999,22.145,22.5,20.32,15.3,60.57,52.889999,100.0,14.0,5.196
2020-10-24 08:15:00+02:00,22.41,22.145,22.5,20.4,16.299999,60.149998,52.919998,100.0,13.0,5.136
2020-10-24 08:30:00+02:00,22.379999,22.139999,22.5,20.34,16.299999,59.969997,52.989998,100.0,13.0,5.124
2020-10-24 08:45:00+02:00,22.33,22.135,22.5,20.279999,16.299999,60.539997,52.989998,100.0,13.0,5.172
2020-10-24 09:00:00+02:00,22.365,22.119999,22.5,20.32,15.3,59.639999,52.809998,100.0,13.0,5.208
2020-10-24 09:15:00+02:00,26.824999,22.275,22.5,20.359999,16.299999,50.379997,52.169998,100.0,12.0,5.16
2020-10-24 09:30:00+02:00,27.269999,22.639999,22.5,20.6,16.299999,49.950001,51.23,100.0,14.0,5.208
2020-10-24 09:45:00+02:00,27.599998,22.83,22.5,20.799999,16.299999,49.73,50.789997,100.0,13.0,5.124
2020-10-24 10:00:00+02:00,27.75,22.939999,22.5,20.879999,15.3,49.129997,50.649998,97.0,13.0,5.16
2020-10-24 10:15:00+02:00,27.859999,23.019999,22.5,20.939999,16.299999,48.639999,50.419998,94.0,12.0,5.184
2020-10-24 10:30:00+02:00,27.859999,23.08,22.5,20.98,16.299999,49.439999,50.360001,88.0,13.0,5.184
2020-10-24 10:45:00+02:00,27.879999,23.109999,22.5,20.98,16.299999,48.91,50.16,82.0,13.0,5.208
2020-10-24 11:00:00+02:00,27.83,23.129999,22.5,20.98,16.299999,48.48,50.009998,82.0,14.0,5.136
2020-10-24 11:15:00+02:00,27.83,23.16,22.5,21.02,17.299999,48.289997,49.879997,82.0,12.0,5.16
2020-10-24 11:30:00+02:00,27.84,23.17,22.5,21.02,17.299999,48.939999,49.700001,79.5,13.0,5.148
2020-10-24 11:45:00+02:00,27.869999,23.189999,22.5,21.059999,17.299999,48.169998,49.469997,77.0,13.0,5.124
2020-10-24 12:00:00+02:00,27.84,23.234999,22.5,21.039999,17.299999,47.82,49.360001,74.5,13.0,5.184
2020-10-24 12:15:00+02:00,27.879999,23.25,22.5,21.08,18.299999,48.369999,49.18,72.0,12.0,5.172
2020-10-24 12:30:00+02:00,28.105,23.289999,22.5,21.279999,18.299999,47.799999,49.149998,72.0,13.0,5.172
2020-10-24 12:45:00+02:00,28.189999,23.344999,22.5,21.34,19.299999,47.25,48.82,72.0,14.0,5.148
2020-10-24 13:00:00+02:00,28.34,23.404999,22.5,21.5,20.299999,46.950001,48.639999,70.0,13.0,5.124
2020-10-24 13:15:00+02:00,28.459999,23.445,22.5,21.639999,21.299999,47.07,48.439999,68.0,13.0,5.184
2020-10-24 13:30:00+02:00,28.459999,23.494999,22.5,21.66,20.299999,46.899998,48.239998,68.0,12.0,5.148
2020-10-24 13:45:00+02:00,27.039999,23.545,23.5,20.139999,21.200001,49.950001,48.369999,68.0,13.0,5.124
2020-10-24 14:00:00+02:00,28.484999,23.535,23.5,21.66,22.200001,46.889999,48.34,68.0,12.0,5.148
2020-10-24 14:15:00+02:00,26.504999,23.475,23.5,20.059999,23.200001,50.379997,48.469997,68.0,13.0,5.184
2020-10-24 14:30:00+02:00,26.459999,23.404999,23.5,20.039999,23.200001,50.419998,48.610001,68.0,14.0,5.208
2020-10-24 14:45:00+02:00,26.564999,23.4,23.5,20.219999,24.200001,50.279999,48.68,68.0,13.0,5.208
2020-10-24 15:00:00+02:00,26.865,23.434999,23.5,20.699999,23.200001,49.5,48.539997,66.0,13.0,5.196
2020-10-24 15:15:00+02:00,27.449999,23.519999,23.5,20.84,24.200001,48.799999,48.309998,64.0,12.0,5.22
2020-10-24 15:30:00+02:00,27.314999,23.615,23.5,20.779999,24.200001,48.369999,47.939999,64.0,13.0,5.22
2020-10-24 15:45:00+02:00,27.295,23.66,23.5,21.059999,24.200001,47.899998,47.5,64.0,13.0,5.22
2020-10-24 16:00:00+02:00,26.635,23.674999,23.5,20.699999,24.200001,49.18,47.309998,62.0,14.0,5.196
2020-10-26 04:15:00+01:00,21.789999,21.775,22.5,19.939999,15.3,61.109997,52.52,100.0,8.0,5.172
2020-10-26 04:30:00+01:00,22.0,21.705,22.5,20.0,15.3,60.299999,52.899998,100.0,14.0,5.184
2020-10-26 04:45:00+01:00,22.02,21.705,22.5,20.0,15.3,60.189999,53.049999,100.0,12.0,5.172
2020-10-26 05:00:00+01:00,22.02,21.715,22.5,19.959999,15.3,60.649998,53.110001,100.0,13.0,5.208
2020-10-26 05:15:00+01:00,22.02,21.705,22.5,19.98,14.3,60.48,53.169998,100.0,13.0,5.136
2020-10-26 05:30:00+01:00,22.029999,21.705,22.5,19.98,14.3,59.98,53.239998,100.0,13.0,5.136
2020-10-26 05:45:00+01:00,22.029999,21.715,22.5,19.959999,15.3,60.27,53.279999,100.0,13.0,5.136
2020-10-26 06:00:00+01:00,22.09,21.715,22.5,20.02,15.3,60.68,53.299999,100.0,12.0,5.136
2020-10-26 06:15:00+01:00,22.769999,21.734999,22.5,20.059999,15.3,58.73,53.279999,100.0,14.0,5.172
2020-10-26 06:30:00+01:00,24.785,21.84,22.5,20.139999,15.3,54.349998,53.049999,100.0,13.0,5.196
2020-10-26 06:45:00+01:00,26.254999,22.064999,22.5,20.24,15.3,52.259998,52.549999,100.0,13.0,5.136
2020-10-26 07:00:00+01:00,27.129999,22.309999,22.5,20.42,15.3,50.759998,52.110001,100.0,12.0,5.172
2020-10-26 07:15:00+01:00,27.445,22.5,22.5,20.66,15.3,49.82,51.789997,100.0,13.0,5.136
2020-10-26 07:30:00+01:00,27.609999,22.6,22.5,20.68,14.3,49.529999,51.639999,100.0,12.0,5.112
2020-10-26 07:45:00+01:00,27.68,22.68,22.5,20.699999,14.3,50.369999,51.639999,100.0,13.0,5.16
2020-10-26 08:00:00+01:00,27.68,22.719999,22.5,20.74,15.3,49.93,51.599998,97.0,14.0,5.148
2020-10-26 08:15:00+01:00,27.709999,22.775,22.5,20.76,14.3,49.860001,51.669998,94.0,13.0,5.136
2020-10-26 08:30:00+01:00,27.65,22.799999,22.5,20.799999,14.3,50.09,51.75,94.0,13.0,5.136
2020-10-26 08:45:00+01:00,27.67,22.83,22.5,20.84,14.3,50.469997,51.689999,94.0,12.0,5.1
2020-10-26 09:00:00+01:00,27.73,22.85,22.5,20.9,14.3,50.189999,51.779999,97.0,13.0,5.124
2020-10-26 09:15:00+01:00,27.709999,22.879999,22.5,20.84,14.3,49.689999,51.73,100.0,12.0,5.088
2020-10-26 09:30:00+01:00,27.689999,22.894999,22.5,20.859999,13.3,49.689999,51.57,98.5,13.0,5.1
2020-10-26 09:45:00+01:00,27.65,22.949999,22.5,20.879999,13.3,50.200001,51.849998,97.0,14.0,5.16
2020-10-26 10:00:00+01:00,27.639999,22.959999,22.5,20.879999,13.3,49.73,52.07,95.5,12.0,5.148
2020-10-26 10:15:00+01:00,27.514999,23.109999,22.5,20.879999,13.3,49.689999,51.829998,94.0,13.0,5.172
2020-10-26 10:30:00+01:00,27.529999,23.129999,22.5,20.879999,13.3,50.049999,51.719997,91.0,13.0,5.148
2020-10-26 10:45:00+01:00,27.51,23.234999,22.5,20.879999,13.3,49.66,51.279999,88.0,13.0,5.136
2020-10-26 11:00:00+01:00,27.519999,23.244999,22.5,20.879999,13.3,48.98,51.079998,88.0,13.0,5.148
2020-10-26 11:15:00+01:00,27.619999,23.275,22.5,20.98,14.3,48.899998,50.84,88.0,12.0,5.16
2020-10-26 11:30:00+01:00,27.75,23.314999,22.5,21.08,14.3,49.34,50.809998,88.0,14.0,5.16
2020-10-26 11:45:00+01:00,27.869999,23.365,22.5,21.24,14.3,49.18,50.66,88.0,13.0,5.16
2020-10-26 12:00:00+01:00,27.9,23.404999,22.5,21.26,14.3,47.709999,50.23,88.0,13.0,5.16
2020-10-26 12:15:00+01:00,28.0,23.424999,22.5,21.439999,14.3,48.509998,50.329998,88.0,12.0,5.16
2020-10-26 12:30:00+01:00,27.939999,23.445,22.5,21.34,14.3,49.02,50.329998,88.0,13.0,5.124
2020-10-26 12:45:00+01:00,27.959999,23.455,22.5,21.439999,16.299999,49.66,50.610001,88.0,13.0,5.1
2020-10-26 13:00:00+01:00,28.019999,23.564999,23.5,21.4,16.299999,48.879997,50.289997,88.0,14.0,5.22
2020-10-26 13:15:00+01:00,28.07,23.574999,23.5,21.4,15.3,49.48,50.329998,88.0,12.0,5.16
2020-10-26 13:30:00+01:00,28.15,23.605,23.5,21.559999,16.299999,49.439999,50.629997,91.0,13.0,5.16
2020-10-26 13:45:00+01:00,28.029999,23.605,23.5,21.539999,16.299999,49.619999,50.629997,94.0,13.0,5.112
2020-10-26 14:00:00+01:00,27.809999,23.59,23.5,21.48,17.299999,49.68,50.649998,91.0,12.0,5.124
2020-10-26 14:15:00+01:00,27.504999,23.664999,23.5,21.559999,18.299999,50.809998,50.57,88.0,13.0,5.172
2020-10-26 14:30:00+01:00,27.019999,23.644999,23.5,21.619999,17.299999,51.739998,50.75,91.0,13.0,5.148
2020-10-26 14:45:00+01:00,26.754999,23.605,23.5,21.559999,17.299999,51.43,50.700001,94.0,14.0,5.112
2020-10-26 15:00:00+01:00,26.619999,23.519999,23.5,21.6,16.299999,52.779999,51.039997,94.0,12.0,5.112
2020-10-26 15:15:00+01:00,26.574999,23.564999,23.5,21.6,17.299999,52.759998,51.27,94.0,13.0,5.1
2020-10-26 15:30:00+01:00,26.555,23.535,23.5,21.6,17.299999,52.91,51.68,97.0,13.0,5.1
2020-10-26 15:45:00+01:00,26.469999,23.59,23.5,21.5,16.299999,53.029999,51.59,100.0,12.0,5.1
2020-10-26 16:00:00+01:00,26.394999,23.564999,23.5,21.52,16.299999,53.559998,51.68,97.0,13.0,5.136
2020-10-26 16:15:00+01:00,26.369999,23.545,23.5,21.58,17.299999,52.93,51.77,94.0,12.0,5.1
2020-10-26 16:30:00+01:00,26.224998,23.545,23.5,21.559999,16.299999,53.209999,51.77,97.0,13.0,5.136
2020-10-26 16:45:00+01:00,26.224998,23.519999,23.5,21.5,16.299999,54.079998,51.84,100.0,14.0,5.112
2020-10-26 17:00:00+01:00,26.224998,23.51,23.5,21.5,16.299999,53.639999,51.889999,97.0,13.0,5.136
2020-10-26 17:15:00+01:00,26.254999,23.49,23.5,21.5,16.299999,53.389999,52.0,94.0,12.0,5.16
2020-10-26 17:30:00+01:00,26.285,23.51,23.5,21.539999,16.299999,53.75,52.059998,94.0,13.0,5.16
2020-10-26 17:45:00+01:00,26.285,23.49,23.5,21.539999,16.299999,54.0,52.209999,94.0,12.0,5.16
2020-10-26 18:00:00+01:00,26.199999,23.535,23.5,21.48,16.299999,53.719997,52.169998,94.0,13.0,5.076
2020-10-26 18:15:00+01:00,26.01,23.555,23.5,21.48,16.299999,54.239998,52.27,94.0,13.0,5.148
2020-10-26 18:30:00+01:00,25.984999,23.519999,23.5,21.5,16.299999,54.699997,52.32,94.0,12.0,5.148
2020-10-26 18:45:00+01:00,25.914999,23.484999,23.5,21.439999,16.299999,54.549999,52.439999,94.0,14.0,5.148
2020-10-26 19:00:00+01:00,25.859999,23.439999,23.5,21.42,16.299999,54.360001,52.379997,94.0,13.0,5.148
2020-10-26 19:15:00+01:00,26.184999,23.41,23.5,21.359999,16.299999,53.68,52.289997,94.0,13.0,5.124
2020-10-26 19:30:00+01:00,26.48,23.4,23.5,21.34,15.3,53.68,52.289997,94.0,12.0,5.16
2020-10-26 19:45:00+01:00,26.684999,23.4,23.5,21.299999,15.3,52.98,52.239998,94.0,13.0,5.136
2020-10-26 20:00:00+01:00,26.969999,23.4,23.5,21.279999,15.3,52.110001,52.119999,94.0,13.0,5.148
2020-10-27 06:15:00+01:00,20.994999,22.039999,22.5,19.18,12.3,56.039997,50.369999,93.0,9.0,5.196
2020-10-27 06:30:00+01:00,21.059999,21.904999,22.5,19.18,12.3,54.709999,49.18,93.0,13.0,5.196
2020-10-27 06:45:00+01:00,21.035,21.84,22.5,19.1,12.3,53.559998,48.23,93.0,12.0,5.208
2020-10-27 07:00:00+01:00,21.055,21.799999,22.5,19.119999,11.3,53.959999,47.43,93.0,14.0,5.136
2020-10-27 07:15:00+01:00,21.145,21.789999,22.5,19.18,11.3,53.439999,46.73,93.0,13.0,5.316
2020-10-27 07:30:00+01:00,21.189999,21.754999,22.5,19.199999,11.3,52.899998,46.279999,93.0,12.0,5.232
2020-10-27 07:45:00+01:00,21.18,21.734999,22.5,19.199999,12.3,52.48,46.02,93.0,13.0,5.136
2020-10-27 08:00:00+01:00,21.164999,21.709999,22.5,19.18,12.3,53.059998,45.709999,93.0,13.0,5.148
2020-10-27 08:15:00+01:00,26.07,21.869999,22.5,19.26,12.3,44.73,44.809998,93.0,13.0,5.16
2020-10-27 08:30:00+01:00,26.555,22.24,22.5,19.48,12.3,43.689999,43.889999,93.0,12.0,5.1
2020-10-27 08:45:00+01:00,26.805,22.484999,22.5,19.66,12.3,43.18,43.279999,93.0,14.0,5.136
2020-10-27 09:00:00+01:00,26.879999,22.549999,22.5,19.68,12.3,43.889999,43.099998,90.0,13.0,5.184
2020-10-27 09:15:00+01:00,26.904999,22.609999,22.5,19.719999,13.3,43.25,42.849998,87.0,13.0,5.172
2020-10-27 09:30:00+01:00,26.824999,22.65,22.5,19.779999,13.3,42.489998,42.579998,81.5,13.0,5.16
2020-10-27 09:45:00+01:00,26.879999,22.695,22.5,19.9,14.3,42.239998,42.299999,76.0,12.0,5.148
2020-10-27 10:00:00+01:00,26.834999,22.719999,22.5,20.02,14.3,43.279999,42.169998,76.0,13.0,5.232
2020-10-27 10:15:00+01:00,26.934999,22.789999,22.5,20.199999,15.3,42.540001,41.869999,76.0,14.0,5.184
2020-10-27 10:30:00+01:00,27.099998,22.859999,22.5,20.359999,16.299999,41.84,41.540001,71.5,13.0,5.16
2020-10-27 10:45:00+01:00,27.269999,22.85,22.5,20.48,17.299999,41.02,41.200001,67.0,12.0,5.244
2020-10-27 11:00:00+01:00,27.43,22.809999,22.5,20.619999,17.299999,41.079998,40.739998,65.0,13.0,5.172
2020-10-27 11:15:00+01:00,27.724998,22.92,22.5,20.82,18.299999,39.599998,39.759998,63.0,13.0,5.208
2020-10-27 11:30:00+01:00,27.849998,22.959999,22.5,20.92,19.299999,39.489998,39.709999,61.0,13.0,5.184
2020-10-27 11:45:00+01:00,27.974998,23.109999,22.5,21.039999,19.299999,39.919998,39.489998,59.0,14.0,5.172
2020-10-27 12:00:00+01:00,28.109999,23.26,22.5,21.08,19.299999,39.669998,38.969997,55.0,13.0,5.148
2020-10-27 12:15:00+01:00,28.264999,23.244999,22.5,21.279999,20.299999,39.599998,39.009998,51.0,13.0,5.16
2020-10-27 12:30:00+01:00,28.32,23.285,22.5,21.4,20.299999,39.599998,38.91,53.0,12.0,5.184
2020-10-27 12:45:00+01:00,28.41,23.404999,22.5,21.5,21.299999,39.459999,38.77,55.0,13.0,5.244
2020-10-27 13:00:00+01:00,28.635,23.475,23.5,21.68,21.299999,39.099998,38.489998,53.5,13.0,5.172
2020-10-27 13:15:00+01:00,28.644999,23.715,23.5,21.799999,21.299999,38.349998,37.889999,52.0,14.0,5.184
2020-10-27 13:30:00+01:00,27.969999,23.975,23.5,22.02,22.299999,39.02,37.419998,48.5,13.0,5.136
2020-10-27 13:45:00+01:00,26.164999,23.975,23.5,22.16,22.299999,40.759998,36.889999,45.0,12.0,5.184
2020-10-27 14:00:00+01:00,24.59,23.885,23.5,22.379999,22.299999,42.869999,36.709999,43.5,13.0,5.172
2020-10-27 14:15:00+01:00,24.324999,23.555,23.5,20.779999,23.299999,41.709999,36.469997,42.0,12.0,5.196
2020-10-27 14:30:00+01:00,23.58,23.605,23.5,20.879999,22.299999,43.459999,36.450001,40.5,13.0,5.208
2020-10-27 14:45:00+01:00,22.924999,23.609999,23.5,20.939999,22.299999,44.489998,36.68,39.0,13.0,5.184
2020-10-27 15:00:00+01:00,22.42,23.824999,23.5,20.779999,22.299999,44.959999,36.209999,40.5,14.0,5.172
2020-10-27 15:15:00+01:00,22.924999,23.744999,23.5,20.719999,22.299999,44.329998,36.040001,42.0,13.0,5.196
2020-10-27 15:30:00+01:00,22.51,23.59,23.5,20.32,22.299999,44.989998,36.219997,43.5,12.0,5.208
2020-10-27 15:45:00+01:00,22.82,23.545,23.5,20.559999,22.299999,44.399998,36.099998,45.0,14.0,5.196
2020-10-27 16:00:00+01:00,22.699999,23.545,23.5,20.42,22.299999,44.509998,36.5,45.0,12.0,5.22
2020-10-27 16:15:00+01:00,22.914999,23.605,23.5,21.459999,21.299999,45.34,36.419998,45.0,13.0,5.208
2020-10-27 16:30:00+01:00,24.76,23.58,23.5,22.559999,21.299999,42.029999,36.48,52.0,14.0,5.16
2020-10-27 16:45:00+01:00,24.865,23.629999,23.5,22.68,21.299999,40.860001,35.919998,59.0,13.0,5.184
2020-10-27 17:00:00+01:00,24.949999,23.814999,23.5,22.779999,21.299999,39.700001,35.110001,59.0,13.0,5.172
2020-10-27 17:15:00+01:00,24.889999,23.615,23.5,22.699999,21.299999,40.079998,34.82,59.0,12.0,5.16
2020-10-27 17:30:00+01:00,24.885,23.664999,23.5,22.68,20.299999,40.579998,35.059998,61.0,13.0,5.148
2020-10-27 17:45:00+01:00,24.684999,23.664999,23.5,22.5,19.299999,40.529999,34.880001,63.0,13.0,5.148
2020-10-27 18:00:00+01:00,24.549999,23.695,23.5,22.379999,19.299999,41.399998,35.18,63.0,12.0,5.148
2020-10-27 18:15:00+01:00,24.48,23.754999,23.5,22.299999,17.299999,40.639999,35.169998,63.0,14.0,5.136
2020-10-27 18:30:00+01:00,24.375,23.744999,23.5,22.219999,16.299999,41.189999,35.040001,67.5,13.0,5.16
2020-10-27 18:45:00+01:00,24.195,23.695,23.5,22.059999,15.3,41.399998,34.869999,72.0,13.0,5.136
2020-10-27 19:00:00+01:00,24.084999,23.629999,23.5,21.959999,15.3,42.399998,34.98,71.5,13.0,5.148
2020-10-27 19:15:00+01:00,23.879999,23.484999,23.5,21.76,15.3,43.059998,35.399998,71.0,12.0,5.136
2020-10-27 19:30:00+01:00,24.559999,23.4,23.5,21.719999,14.3,42.049999,35.559998,73.5,13.0,5.196
2020-10-27 19:45:00+01:00,24.68,23.424999,23.5,21.639999,14.3,42.23,35.739998,76.0,14.0,5.184
2020-10-27 20:00:00+01:00,24.92,23.424999,23.5,21.48,15.3,43.049999,36.130001,71.5,13.0,5.196
2020-10-28 06:15:00+01:00,20.99,22.084999,22.5,19.18,11.3,47.619999,40.389999,87.0,8.0,5.208
2020-10-28 06:30:00+01:00,21.064999,21.945,22.5,19.199999,11.3,47.049999,39.639999,84.0,14.0,5.22
2020-10-28 06:45:00+01:00,21.125,21.895,22.5,19.219999,12.3,46.469997,39.0,81.0,13.0,5.16
2020-10-28 07:00:00+01:00,21.07,21.855,22.5,19.119999,11.3,46.489998,38.649998,84.0,12.0,5.196
2020-10-28 07:15:00+01:00,21.115,21.824999,22.5,19.1,12.3,46.73,38.419998,87.0,14.0,5.208
2020-10-28 07:30:00+01:00,21.084999,21.805,22.5,19.139999,11.3,46.059998,38.16,87.0,12.0,5.208
2020-10-28 07:45:00+01:00,21.045,21.775,22.5,19.08,11.3,45.799999,37.869999,87.0,13.0,5.172
2020-10-28 08:00:00+01:00,21.064999,21.754999,22.5,19.08,11.3,45.869999,37.700001,84.0,14.0,5.22
2020-10-28 08:15:00+01:00,26.184999,21.92,22.5,19.119999,11.3,39.169998,37.079998,81.0,13.0,5.184
2020-10-28 08:30:00+01:00,26.455,22.285,22.5,19.359999,11.3,38.34,36.259998,78.5,13.0,5.22
2020-10-28 08:45:00+01:00,26.699999,22.49,22.5,19.58,12.3,38.18,35.880001,76.0,12.0,5.184
2020-10-28 09:00:00+01:00,27.019999,22.6,22.5,19.799999,12.3,38.23,35.84,76.0,13.0,5.16
2020-10-28 09:15:00+01:00,27.23,22.699999,22.5,19.98,12.3,38.239998,35.689999,76.0,13.0,5.184
2020-10-28 09:30:00+01:00,27.254999,22.785,22.5,20.059999,13.3,38.040001,35.619999,74.0,14.0,5.148
2020-10-28 09:45:00+01:00,27.289999,22.809999,22.5,20.34,13.3,37.93,35.790001,72.0,13.0,5.124
2020-10-28 10:00:00+01:00,27.359999,22.93,22.5,20.42,14.3,38.110001,35.68,72.0,12.0,5.208
2020-10-28 10:15:00+01:00,27.59,23.049999,22.5,20.699999,15.3,38.290001,35.630001,72.0,14.0,5.196
2020-10-28 10:30:00+01:00,27.689999,23.129999,22.5,20.859999,15.3,38.029999,35.619999,69.5,12.0,5.208
2020-10-28 10:45:00+01:00,27.83,23.244999,22.5,21.02,16.299999,38.059998,35.619999,67.0,13.0,5.208
2020-10-28 11:00:00+01:00,27.789999,23.33,22.5,20.98,17.299999,38.559998,35.619999,65.0,14.0,5.196
2020-10-28 11:15:00+01:00,27.98,23.404999,22.5,21.26,18.299999,38.349998,35.719997,63.0,13.0,5.208
2020-10-28 11:30:00+01:00,28.195,23.494999,22.5,21.52,19.299999,38.18,35.630001,61.0,13.0,5.148
2020-10-28 11:45:00+01:00,28.189999,23.605,23.5,21.52,19.299999,38.219997,35.579998,59.0,12.0,5.184
2020-10-28 12:00:00+01:00,28.17,23.684999,23.5,21.719999,19.299999,38.110001,35.59,57.0,14.0,5.208
2020-10-28 12:15:00+01:00,27.75,23.754999,23.5,21.84,20.299999,38.299999,35.540001,55.0,12.0,5.184
2020-10-28 12:30:00+01:00,26.824999,23.875,23.5,22.059999,20.299999,38.91,35.18,55.0,14.0,5.22
2020-10-28 12:45:00+01:00,24.334999,23.975,23.5,22.0,21.299999,42.529999,35.149998,55.0,13.0,5.208
2020-10-28 13:00:00+01:00,24.449999,24.15,23.5,22.279999,22.299999,43.02,35.0,51.5,13.0,5.172
2020-10-28 13:15:00+01:00,24.449999,24.025,23.5,22.26,22.299999,43.509998,35.329998,48.0,13.0,5.208
2020-10-28 13:30:00+01:00,24.68,24.014999,23.5,22.439999,22.299999,44.029999,35.969997,48.0,12.0,5.22
2020-10-28 13:45:00+01:00,24.709999,24.055,23.5,22.5,23.299999,43.860001,36.130001,48.0,13.0,5.22
2020-10-28 14:00:00+01:00,22.189999,24.055,23.5,20.619999,22.299999,47.43,36.099998,50.0,14.0,5.22
2020-10-28 14:15:00+01:00,22.279999,24.094999,23.5,20.619999,23.299999,45.129997,35.84,52.0,13.0,5.232
2020-10-28 14:30:00+01:00,22.369999,24.064999,23.5,20.74,23.299999,44.73,35.369999,50.0,13.0,5.184
2020-10-28 14:45:00+01:00,22.894999,24.025,23.5,21.34,23.299999,44.329998,34.869999,48.0,12.0,5.244
2020-10-28 15:00:00+01:00,24.76,23.934999,23.5,22.68,22.299999,41.719997,34.450001,48.0,13.0,5.172
2020-10-28 15:15:00+01:00,25.039999,23.844999,23.5,22.799999,22.299999,41.41,34.739998,48.0,13.0,5.184
2020-10-28 15:30:00+01:00,25.209999,24.344999,23.5,23.019999,22.299999,41.599998,34.399998,48.0,14.0,5.172
2020-10-28 15:45:00+01:00,25.199999,24.344999,23.5,22.98,22.299999,41.66,34.73,48.0,13.0,5.184
2020-10-28 16:00:00+01:00,25.1,24.199999,23.5,22.92,21.299999,41.68,34.540001,50.0,12.0,5.148
2020-10-28 16:15:00+01:00,25.199999,23.885,23.5,23.0,22.299999,41.029999,34.68,52.0,13.0,5.16
2020-10-28 16:30:00+01:00,25.084999,23.605,23.5,22.879999,21.299999,40.860001,35.029999,55.5,13.0,5.16
2020-10-28 16:45:00+01:00,24.99,23.51,23.5,22.779999,21.299999,41.040001,35.059998,59.0,13.0,5.124
2020-10-28 17:00:00+01:00,24.924999,23.475,23.5,22.74,21.299999,40.790001,34.939999,61.0,12.0,5.088
2020-10-28 17:15:00+01:00,24.859999,23.545,23.5,22.68,20.299999,40.709999,34.779999,63.0,14.0,5.16
2020-10-28 17:30:00+01:00,24.859999,23.684999,23.5,22.639999,20.299999,41.099998,34.75,67.5,13.0,5.172
2020-10-28 17:45:00+01:00,24.719999,23.715,23.5,22.539999,19.299999,41.299999,34.82,72.0,13.0,5.148
2020-10-28 18:00:00+01:00,24.66,23.664999,23.5,22.48,18.299999,41.349998,34.849998,67.5,13.0,5.148
2020-10-28 18:15:00+01:00,24.549999,23.609999,23.5,22.379999,17.299999,42.049999,35.059998,63.0,12.0,5.148
2020-10-28 18:30:00+01:00,24.449999,23.545,23.5,22.279999,16.299999,42.619999,35.439999,67.5,13.0,5.184
2020-10-28 18:45:00+01:00,24.35,23.475,23.5,22.18,16.299999,42.719997,35.549999,72.0,14.0,5.184
2020-10-28 19:00:00+01:00,25.289999,23.424999,23.5,22.139999,16.299999,41.419998,35.739998,72.0,13.0,5.178
2020-10-28 19:15:00+01:00,25.199999,23.51,23.5,22.039999,16.299999,41.629997,35.630001,72.0,12.0,5.172
2020-10-28 19:30:00+01:00,25.084999,23.519999,23.5,21.939999,16.299999,42.149998,35.669998,71.5,13.0,5.184
2020-10-28 19:45:00+01:00,24.99,23.484999,23.5,21.82,16.299999,42.599998,35.899998,71.0,13.0,5.16
2020-10-28 20:00:00+01:00,25.359999,23.449999,23.5,21.68,16.299999,42.389999,36.099998,71.0,13.0,5.172
2020-10-29 06:15:00+01:00,21.125,22.269999,22.5,19.32,11.3,49.599998,39.549999,87.0,9.0,5.22
2020-10-29 06:30:00+01:00,21.275,22.129999,22.5,19.359999,11.3,48.77,39.419998,87.0,12.0,5.196
2020-10-29 06:45:00+01:00,21.215,22.08,22.5,19.299999,11.3,48.77,39.259998,87.0,15.0,5.208
2020-10-29 07:00:00+01:00,21.295,22.039999,22.5,19.34,10.3,48.77,39.209999,87.0,12.0,5.232
2020-10-29 07:15:00+01:00,21.379999,22.01,22.5,19.379999,10.3,49.139999,39.209999,87.0,13.0,5.256
2020-10-29 07:30:00+01:00,21.334999,22.01,22.5,19.379999,11.3,48.950001,39.209999,87.0,13.0,5.208
2020-10-29 07:45:00+01:00,21.334999,22.01,22.5,19.359999,11.3,48.719997,39.200001,87.0,13.0,5.196
2020-10-29 08:00:00+01:00,21.324999,22.01,22.5,19.32,11.3,48.669998,39.209999,87.0,13.0,5.208
2020-10-29 08:15:00+01:00,26.105,22.129999,22.5,19.379999,11.3,41.84,38.84,87.0,14.0,5.196
2020-10-29 08:30:00+01:00,26.68,22.49,22.5,19.639999,11.3,40.91,38.27,87.0,13.0,5.22
2020-10-29 08:45:00+01:00,26.914999,22.695,22.5,19.799999,11.3,40.529999,37.950001,87.0,12.0,5.196
2020-10-29 09:00:00+01:00,27.055,22.809999,22.5,19.9,12.3,40.639999,37.82,87.0,13.0,5.196
2020-10-29 09:15:00+01:00,27.129999,22.879999,22.5,19.98,13.3,40.719997,37.799999,87.0,13.0,5.184
2020-10-29 09:30:00+01:00,27.209999,22.93,22.5,20.16,13.3,40.529999,37.849998,87.0,13.0,5.148
2020-10-29 09:45:00+01:00,27.18,23.0,22.5,20.16,13.3,40.309998,37.799999,87.0,14.0,5.208
2020-10-29 10:00:00+01:00,27.15,23.094999,22.5,20.139999,13.3,40.57,37.790001,87.0,12.0,5.244
2020-10-29 10:15:00+01:00,27.205,23.129999,22.5,20.24,14.3,40.879997,37.959999,87.0,13.0,5.22
2020-10-29 10:30:00+01:00,27.279999,23.189999,22.5,20.34,15.3,40.48,37.959999,87.0,13.0,5.232
2020-10-29 10:45:00+01:00,27.424999,23.285,22.5,20.619999,16.299999,40.43,37.869999,87.0,13.0,5.256
2020-10-29 11:00:00+01:00,27.51,23.404999,23.5,20.699999,16.299999,40.779999,37.869999,87.0,13.0,5.196
2020-10-29 11:15:00+01:00,27.689999,23.434999,23.5,20.92,17.299999,40.709999,37.939999,87.0,14.0,5.22
2020-10-29 11:30:00+01:00,27.93,23.535,23.5,21.119999,18.299999,40.68,38.009998,87.0,13.0,5.196
2020-10-29 11:45:00+01:00,28.019999,23.605,23.5,21.279999,18.299999,40.639999,38.189999,87.0,12.0,5.196
2020-10-29 12:00:00+01:00,27.76,23.684999,23.5,21.359999,18.299999,41.349998,38.259998,87.0,13.0,5.16
2020-10-29 12:15:00+01:00,27.465,23.715,23.5,21.639999,19.299999,41.849998,38.41,87.0,13.0,5.172
2020-10-29 12:30:00+01:00,26.92,23.705,23.5,21.58,18.299999,42.450001,38.459999,87.0,13.0,5.22
2020-10-29 12:45:00+01:00,26.285,23.684999,23.5,21.779999,19.299999,43.450001,38.700001,87.0,14.0,5.184
2020-10-29 13:00:00+01:00,25.965,23.674999,23.5,21.74,19.299999,44.189999,38.849998,87.0,13.0,5.196
2020-10-29 13:15:00+01:00,25.189999,23.664999,23.5,21.92,21.299999,45.200001,39.049999,87.0,13.0,5.136
2020-10-29 13:30:00+01:00,24.18,23.615,23.5,22.02,21.299999,47.129997,39.279999,87.0,12.0,5.184
2020-10-29 13:45:00+01:00,24.33,23.59,23.5,22.16,20.299999,47.259998,39.619999,87.0,13.0,5.172
2020-10-29 14:00:00+01:00,24.199999,23.695,23.5,22.059999,21.299999,47.5,39.52,87.0,13.0,5.148
2020-10-29 14:15:00+01:00,24.32,23.754999,23.5,22.199999,21.299999,46.82,39.639999,87.0,14.0,5.196
2020-10-29 14:30:00+01:00,24.609999,23.75,23.5,22.4,21.299999,46.599998,39.57,87.0,13.0,5.172
2020-10-29 14:45:00+01:00,24.465,23.824999,23.5,22.279999,21.299999,46.939999,39.369999,87.0,12.0,5.232
2020-10-29 15:00:00+01:00,24.449999,23.844999,23.5,22.299999,21.299999,46.739998,39.329998,87.0,13.0,5.196
2020-10-29 15:15:00+01:00,24.769999,23.865,23.5,22.559999,21.299999,46.919998,39.399998,87.0,13.0,5.196
2020-10-29 15:30:00+01:00,24.65,23.91,23.5,22.48,21.299999,47.23,39.549999,87.0,13.0,5.208
2020-10-29 15:45:00+01:00,24.639999,23.914999,23.5,22.48,21.299999,47.07,40.02,87.0,14.0,5.148
2020-10-29 16:00:00+01:00,24.709999,23.994999,23.5,22.559999,21.299999,47.309998,39.889999,87.0,13.0,5.172
2020-10-29 16:15:00+01:00,24.699999,24.035,23.5,22.5,20.299999,47.509998,39.959999,87.0,13.0,5.184
2020-10-29 16:30:00+01:00,24.639999,24.1,23.5,22.5,20.299999,47.77,39.939999,87.0,12.0,5.136
2020-10-29 16:45:00+01:00,24.66,24.094999,23.5,22.5,20.299999,47.709999,40.079998,87.0,13.0,5.16
2020-10-29 17:00:00+01:00,24.65,24.129999,23.5,22.5,20.299999,47.610001,40.110001,87.0,13.0,5.184
2020-10-29 17:15:00+01:00,24.639999,24.129999,23.5,22.48,20.299999,48.039997,40.209999,87.0,14.0,5.172
2020-10-29 17:30:00+01:00,24.59,24.129999,23.5,22.439999,19.299999,47.849998,40.239998,87.0,12.0,5.172
2020-10-29 17:45:00+01:00,24.549999,24.125,23.5,22.379999,19.299999,48.299999,40.41,87.0,13.0,5.172
2020-10-29 18:00:00+01:00,24.49,24.094999,23.5,22.32,18.299999,48.759998,40.579998,87.0,13.0,5.208
2020-10-29 18:15:00+01:00,24.414999,24.064999,23.5,22.279999,17.299999,49.049999,40.739998,87.0,13.0,5.19
2020-10-29 18:30:00+01:00,24.324999,24.025,23.5,22.199999,16.299999,49.219997,40.959999,87.0,13.0,5.172
2020-10-29 18:45:00+01:00,24.244999,23.994999,23.5,22.1,16.299999,49.379997,41.119999,87.0,12.0,5.148
2020-10-29 19:00:00+01:00,24.174999,23.965,23.5,22.039999,16.299999,50.289997,41.290001,87.0,14.0,5.172
2020-10-29 19:15:00+01:00,24.055,23.885,23.5,21.939999,15.3,50.360001,41.669998,87.0,13.0,5.172
2020-10-29 19:30:00+01:00,23.914999,23.699999,23.5,21.799999,15.3,50.5,42.009998,87.0,13.0,5.196
2020-10-29 19:45:00+01:00,23.865,23.625,23.5,21.76,15.3,51.149998,42.18,87.0,13.0,5.172
2020-10-29 20:00:00+01:00,23.744999,23.609999,23.5,21.68,15.3,51.559998,42.439999,87.0,12.0,5.196
2020-10-30 06:15:00+01:00,24.629999,22.559999,22.5,19.539999,12.3,46.299999,42.290001,87.0,8.0,5.172
2020-10-30 06:30:00+01:00,26.224998,22.719999,22.5,19.74,12.3,43.809998,41.399998,87.0,13.0,5.1
2020-10-30 06:45:00+01:00,26.724998,22.93,22.5,19.939999,13.3,42.700001,40.73,87.0,13.0,5.124
2020-10-30 07:00:00+01:00,26.945,23.045,22.5,19.98,13.3,42.239998,40.360001,87.0,12.0,5.136
2020-10-30 07:15:00+01:00,27.055,23.115,22.5,20.039999,13.3,42.57,40.079998,87.0,14.0,5.256
2020-10-30 07:30:00+01:00,26.984999,23.154999,22.5,20.08,13.3,43.009998,40.149998,90.0,13.0,5.16
2020-10-30 07:45:00+01:00,26.949999,23.164999,22.5,20.039999,13.3,42.959999,40.290001,93.0,13.0,5.196
2020-10-30 08:00:00+01:00,26.904999,23.17,22.5,20.0,13.3,42.860001,40.32,90.0,13.0,5.208
2020-10-30 08:15:00+01:00,26.844999,23.174999,22.5,19.98,13.3,43.349998,40.209999,87.0,12.0,5.22
2020-10-30 08:30:00+01:00,26.814999,23.18,22.5,20.02,13.3,43.369999,40.25,87.0,13.0,5.196
2020-10-30 08:45:00+01:00,26.789999,23.254999,22.5,20.08,13.3,43.209999,40.23,87.0,14.0,5.244
2020-10-30 09:00:00+01:00,26.724998,23.205,22.5,20.059999,13.3,43.309998,40.360001,84.5,13.0,5.22
2020-10-30 09:15:00+01:00,26.684999,23.16,22.5,20.119999,14.3,44.34,40.719997,82.0,12.0,5.22
2020-10-30 09:30:00+01:00,26.684999,23.17,22.5,20.119999,14.3,44.309998,40.91,79.5,13.0,5.16
2020-10-30 09:45:00+01:00,26.779999,23.24,22.5,20.219999,14.3,43.619999,41.129997,77.0,13.0,5.124
2020-10-30 10:00:00+01:00,26.934999,23.324999,22.5,20.4,16.299999,43.599998,41.129997,77.0,13.0,5.16
2020-10-30 10:15:00+01:00,27.09,23.404999,22.5,20.52,16.299999,44.02,41.119999,77.0,14.0,5.208
2020-10-30 10:30:00+01:00,27.269999,23.494999,22.5,20.74,17.299999,43.509998,41.059998,77.0,13.0,5.256
2020-10-30 10:45:00+01:00,27.434999,23.605,23.5,20.9,18.299999,43.09,40.91,77.0,13.0,5.256
2020-10-30 11:00:00+01:00,27.355,23.725,23.5,21.16,18.299999,43.459999,40.84,74.5,13.0,5.256
2020-10-30 11:15:00+01:00,26.974998,23.764999,23.5,21.4,19.299999,44.639999,40.969997,72.0,12.0,5.232
2020-10-30 11:30:00+01:00,26.205,23.754999,23.5,21.52,20.299999,45.809998,41.099998,69.5,15.0,5.196
2020-10-30 11:45:00+01:00,25.519999,23.734999,23.5,21.699999,20.299999,46.619999,41.299999,67.0,12.0,5.268
2020-10-30 12:00:00+01:00,24.539999,23.695,23.5,21.82,22.299999,48.709999,41.549999,65.0,13.0,5.268
2020-10-30 12:15:00+01:00,23.055,23.644999,23.5,20.139999,23.299999,51.629997,41.809998,63.0,13.0,5.268
2020-10-30 12:30:00+01:00,22.394999,23.615,23.5,20.059999,23.299999,53.309998,42.07,63.0,13.0,5.28
2020-10-30 12:45:00+01:00,22.07,23.625,23.5,19.92,23.299999,53.539997,42.18,63.0,13.0,5.292
2020-10-30 13:00:00+01:00,21.594999,23.615,23.5,19.959999,23.299999,54.439999,42.279999,61.0,14.0,5.304
2020-10-30 13:15:00+01:00,22.074999,23.664999,23.5,20.0,23.299999,54.039997,42.290001,59.0,13.0,5.268
2020-10-30 13:30:00+01:00,22.16,23.725,23.5,19.98,23.299999,54.360001,42.329998,57.5,13.0,5.244
2020-10-30 13:45:00+01:00,22.369999,23.795,23.5,20.199999,24.299999,54.360001,42.629997,56.0,13.0,5.172
2020-10-30 14:00:00+01:00,22.41,23.885,23.5,20.16,24.299999,54.41,42.739998,54.0,13.0,5.208
2020-10-30 14:15:00+01:00,22.57,23.99,23.5,20.74,23.299999,54.09,42.719997,52.0,14.0,5.22
2020-10-30 14:30:00+01:00,22.525,23.924999,23.5,20.859999,23.299999,54.27,42.93,54.0,13.0,5.244
2020-10-30 14:45:00+01:00,22.674999,23.914999,23.5,21.0,22.299999,54.09,42.989998,56.0,13.0,5.244
2020-10-30 15:00:00+01:00,22.91,23.969999,23.5,21.219999,23.299999,53.57,43.02,56.0,13.0,5.184
2020-10-30 15:15:00+01:00,23.49,23.984999,23.5,21.48,23.299999,52.219997,42.950001,56.0,13.0,5.244
2020-10-30 15:30:00+01:00,23.09,23.984999,23.5,20.92,24.299999,53.32,43.02,54.0,12.0,5.196
2020-10-30 15:45:00+01:00,23.465,24.025,23.5,21.199999,24.299999,52.509998,43.059998,52.0,15.0,5.22
2020-10-30 16:00:00+01:00,23.535,24.07,23.5,21.26,24.299999,53.149998,43.209999,54.0,12.0,5.232
2020-10-30 16:15:00+01:00,23.615,24.09,23.5,21.82,24.299999,52.739998,43.34,56.0,13.0,5.22
2020-10-30 16:30:00+01:00,24.004999,24.084999,23.5,22.08,23.299999,50.829998,43.169998,57.5,13.0,5.172
2020-10-30 16:45:00+01:00,24.549999,24.08,23.5,22.859999,22.299999,48.349998,42.649998,59.0,13.0,5.196
2020-10-30 17:00:00+01:00,25.449999,24.164999,23.5,23.279999,22.299999,46.700001,41.68,59.0,12.0,5.208
2020-10-30 17:15:00+01:00,25.519999,24.264999,23.5,23.34,22.299999,45.919998,40.969997,59.0,14.0,5.184
2020-10-30 17:30:00+01:00,25.599998,24.275,23.5,23.4,22.299999,46.219997,40.629997,63.5,13.0,5.172
2020-10-30 17:45:00+01:00,25.65,24.275,23.5,23.48,21.299999,46.539997,40.559998,68.0,13.0,5.184
2020-10-30 18:00:00+01:00,25.449999,24.234999,23.5,23.219999,19.299999,46.48,40.360001,67.5,13.0,5.148
2020-10-30 18:15:00+01:00,25.359999,24.184999,23.5,23.16,18.299999,46.759998,40.439999,67.0,12.0,5.172
2020-10-30 18:30:00+01:00,25.269999,24.154999,23.5,23.08,18.299999,47.099998,40.439999,72.0,13.0,5.208
2020-10-30 18:45:00+01:00,25.15,24.08,23.5,22.959999,17.299999,48.369999,40.869999,77.0,14.0,5.136
2020-10-30 19:00:00+01:00,25.014999,23.994999,23.5,22.82,17.299999,49.719997,41.559998,77.0,13.0,5.184
2020-10-30 19:15:00+01:00,24.865,23.904999,23.5,22.719999,17.299999,49.579998,42.16,77.0,13.0,5.148
2020-10-30 19:30:00+01:00,24.695,23.939999,23.5,22.5,16.299999,52.129997,43.68,79.5,12.0,5.16
2020-10-30 19:45:00+01:00,24.539999,23.879999,23.5,22.4,16.299999,52.789997,44.27,82.0,13.0,5.16
2020-10-30 20:00:00+01:00,24.445,23.764999,23.5,22.32,16.299999,52.849998,44.599998,79.5,13.0,5.148
2020-10-31 06:15:00+01:00,21.645,22.639999,22.5,19.84,12.3,52.829998,43.48,87.0,8.0,5.16
2020-10-31 06:30:00+01:00,21.734999,22.51,22.5,19.799999,12.3,52.669998,43.279999,87.0,13.0,5.22
2020-10-31 06:45:00+01:00,21.719999,22.449999,22.5,19.779999,12.3,51.899998,43.040001,87.0,14.0,5.184
2020-10-31 07:00:00+01:00,21.639999,22.424999,22.5,19.68,12.3,51.549999,42.779999,87.0,12.0,5.208
2020-10-31 07:15:00+01:00,21.734999,22.4,22.5,19.74,12.3,51.619999,42.549999,87.0,13.0,5.22
2020-10-31 07:30:00+01:00,21.68,22.369999,22.5,19.699999,12.3,51.639999,42.32,93.5,13.0,5.196
2020-10-31 07:45:00+01:00,21.709999,22.35,22.5,19.74,12.3,51.099998,42.169998,100.0,13.0,5.232
2020-10-31 08:00:00+01:00,21.689999,22.34,22.5,19.699999,11.3,50.669998,42.0,96.5,13.0,5.184
2020-10-31 08:15:00+01:00,26.164999,22.459999,22.5,19.719999,11.3,43.759998,41.459999,93.0,14.0,5.232
2020-10-31 08:30:00+01:00,26.734999,22.809999,22.5,19.92,12.3,42.739998,40.599998,96.5,13.0,5.232
2020-10-31 08:45:00+01:00,27.01,22.99,22.5,20.119999,12.3,41.959999,40.110001,100.0,12.0,5.04
2020-10-31 09:00:00+01:00,27.129999,23.105,22.5,20.18,12.3,41.669998,39.809998,100.0,13.0,5.16
2020-10-31 09:15:00+01:00,27.369999,23.16,22.5,20.34,13.3,42.860001,39.959999,100.0,13.0,5.22
2020-10-31 09:30:00+01:00,27.269999,23.234999,22.5,20.279999,13.3,43.739998,40.509998,100.0,13.0,5.208
2020-10-31 09:45:00+01:00,27.379999,23.275,22.5,20.42,14.3,43.389999,40.649998,100.0,12.0,5.208
2020-10-31 10:00:00+01:00,27.67,23.34,22.5,20.699999,14.3,43.16,40.950001,97.0,14.0,5.196
2020-10-31 10:15:00+01:00,27.664999,23.404999,22.5,20.699999,14.3,44.32,41.489998,94.0,13.0,5.22
2020-10-31 10:30:00+01:00,27.91,23.434999,22.5,21.0,15.3,44.099998,41.709999,94.0,13.0,5.232
2020-10-31 10:45:00+01:00,27.9,23.5,23.5,20.98,15.3,44.099998,41.82,94.0,13.0,5.172
2020-10-31 11:00:00+01:00,28.099998,23.564999,23.5,21.139999,17.299999,43.790001,41.989998,97.0,12.0,5.184
2020-10-31 11:15:00+01:00,28.129999,23.625,23.5,21.279999,18.299999,44.549999,42.110001,100.0,13.0,5.208
2020-10-31 11:30:00+01:00,28.09,23.664999,23.5,21.6,18.299999,44.77,42.309998,100.0,14.0,5.16
2020-10-31 11:45:00+01:00,27.57,23.684999,23.5,21.48,20.299999,45.25,42.439999,100.0,13.0,5.136
2020-10-31 12:00:00+01:00,26.209999,23.674999,23.5,20.08,22.299999,47.48,42.709999,100.0,13.0,5.172
2020-10-31 12:15:00+01:00,27.209999,23.58,23.5,21.959999,21.299999,46.469997,43.099998,100.0,12.0,5.208
2020-10-31 12:30:00+01:00,26.68,23.635,23.5,22.18,21.299999,47.299999,43.200001,97.0,13.0,5.172
2020-10-31 12:45:00+01:00,25.039999,23.625,23.5,20.619999,22.299999,50.649998,43.540001,94.0,13.0,5.16
2020-10-31 13:00:00+01:00,26.285,23.555,23.5,22.119999,20.299999,48.82,43.98,94.0,14.0,5.208
2020-10-31 13:15:00+01:00,25.445,23.564999,23.5,22.32,20.299999,50.200001,44.169998,94.0,12.0,5.196
2020-10-31 13:30:00+01:00,25.049999,23.519999,23.5,22.5,20.299999,50.860001,44.379997,85.5,14.0,5.196
2020-10-31 13:45:00+01:00,24.939999,23.484999,23.5,22.619999,21.299999,51.34,44.610001,77.0,12.0,5.268
2020-10-31 14:00:00+01:00,24.939999,23.49,23.5,22.519999,23.299999,51.389999,44.759998,77.0,13.0,5.184
2020-10-31 14:15:00+01:00,24.359999,23.49,23.5,20.799999,23.299999,51.989998,44.779999,77.0,13.0,5.136
2020-10-31 14:30:00+01:00,24.48,23.51,23.5,20.66,24.299999,51.619999,44.579998,77.0,12.0,5.184
2020-10-31 14:45:00+01:00,24.465,23.545,23.5,20.779999,24.299999,51.899998,44.559998,77.0,14.0,5.196
2020-10-31 15:00:00+01:00,24.535,23.545,23.5,21.539999,23.299999,51.849998,44.59,77.0,13.0,5.196
2020-11-02 04:15:00+01:00,21.34,21.99,22.5,19.559999,13.3,58.129997,47.799999,100.0,9.0,5.22
2020-11-02 04:30:00+01:00,21.41,21.859999,22.5,19.459999,13.3,57.809998,48.349998,100.0,13.0,5.232
2020-11-02 04:45:00+01:00,21.469999,21.824999,22.5,19.48,13.3,58.239998,48.599998,100.0,13.0,5.22
2020-11-02 05:00:00+01:00,21.459999,21.814999,22.5,19.48,13.3,57.969997,48.789997,100.0,12.0,5.232
2020-11-02 05:15:00+01:00,21.439999,21.809999,22.5,19.459999,14.3,57.8899975,48.889999,100.0,13.0,5.16
2020-11-02 05:30:00+01:00,21.439999,21.799999,22.5,19.459999,14.3,57.809998,48.959999,100.0,13.0,5.136
2020-11-02 05:45:00+01:00,21.48,21.789999,22.5,19.48,14.3,58.149998,48.959999,100.0,14.0,5.22
2020-11-02 06:00:00+01:00,21.424999,21.789999,22.5,19.439999,14.3,57.82,48.959999,100.0,13.0,5.22
2020-11-02 06:15:00+01:00,22.16,21.799999,22.5,19.48,14.3,56.199997,49.02,100.0,13.0,5.208
2020-11-02 06:30:00+01:00,24.264999,21.889999,22.5,19.58,14.3,52.52,48.98,100.0,13.0,5.22
2020-11-02 06:45:00+01:00,25.844999,22.109999,22.5,19.82,14.3,49.939999,48.57,100.0,12.0,5.172
2020-11-02 07:00:00+01:00,26.362499,22.369999,22.5,19.98,14.3,48.404999,47.59,100.0,13.0,5.16
2020-11-02 07:15:00+01:00,26.879999,22.549999,22.5,20.0,14.3,46.869999,46.989998,100.0,14.0,5.148
2020-11-02 07:30:00+01:00,27.07,22.639999,22.5,20.039999,14.3,47.009998,46.889999,100.0,13.0,5.208
2020-11-02 07:45:00+01:00,27.109999,22.705,22.5,20.08,14.3,47.649998,46.849998,100.0,13.0,5.172
2020-11-02 08:00:00+01:00,27.244999,22.75,22.5,20.219999,13.3,46.959999,46.779999,100.0,12.0,5.244
2020-11-02 08:15:00+01:00,27.269999,22.809999,22.5,20.279999,13.3,46.200001,46.52,100.0,13.0,5.172
2020-11-02 08:30:00+01:00,27.23,22.84,22.5,20.34,13.3,46.59,46.419998,100.0,13.0,5.136
2020-11-02 08:45:00+01:00,27.234999,22.85,22.5,20.379999,14.3,47.34,46.419998,100.0,14.0,5.22
2020-11-02 09:00:00+01:00,27.17,22.894999,22.5,20.34,14.3,46.969997,46.41,100.0,13.0,5.16
2020-11-02 09:15:00+01:00,27.135,22.894999,22.5,20.34,15.3,46.77,46.539997,100.0,12.0,5.184
2020-11-02 09:30:00+01:00,27.07,22.894999,22.5,20.34,15.3,47.539997,46.649998,100.0,14.0,5.172
2020-11-02 09:45:00+01:00,26.934999,22.93,22.5,20.32,15.3,47.829998,46.629997,100.0,12.0,5.22
2020-11-02 10:00:00+01:00,26.924999,22.939999,22.5,20.299999,16.299999,47.189999,46.579998,97.0,13.0,5.196
2020-11-02 10:15:00+01:00,26.914999,22.98,22.5,20.299999,16.299999,46.98,46.610001,94.0,14.0,5.16
2020-11-02 10:30:00+01:00,26.92,22.984999,22.5,20.279999,16.299999,47.529999,46.68,94.0,13.0,5.112
2020-11-02 10:45:00+01:00,26.914999,23.025,22.5,20.299999,16.299999,47.759998,46.610001,94.0,12.0,5.16
2020-11-02 11:00:00+01:00,26.924999,23.115,22.5,20.359999,16.299999,47.129997,46.369999,94.0,13.0,5.124
2020-11-02 11:15:00+01:00,26.99,23.18,22.5,20.4,17.299999,47.029999,46.279999,94.0,13.0,5.244
2020-11-02 11:30:00+01:00,27.07,23.285,22.5,20.48,17.299999,47.669998,46.32,91.0,13.0,5.148
2020-11-02 11:45:00+01:00,27.15,23.379999,22.5,20.539999,17.299999,47.539997,46.279999,88.0,14.0,5.196
2020-11-02 12:00:00+01:00,27.385,23.389999,22.5,20.799999,17.299999,47.23,46.559998,88.0,12.0,5.208
2020-11-02 12:15:00+01:00,27.369999,23.434999,22.5,20.76,19.299999,47.0,46.52,88.0,13.0,5.232
2020-11-02 12:30:00+01:00,27.51,23.475,22.5,21.02,20.299999,47.539997,46.610001,88.0,13.0,5.208
2020-11-02 12:45:00+01:00,27.68,23.519999,23.5,21.16,20.299999,47.379997,46.649998,88.0,13.0,5.208
2020-11-02 13:00:00+01:00,28.039999,23.584999,23.5,21.539999,20.299999,47.02,46.799999,85.0,13.0,5.208
2020-11-02 13:15:00+01:00,27.74,23.725,23.5,21.48,21.299999,47.27,46.59,82.0,14.0,5.136
2020-11-02 13:30:00+01:00,27.51,23.705,23.5,21.68,21.299999,47.98,46.799999,82.0,13.0,5.196
2020-11-02 13:45:00+01:00,25.07,23.734999,23.5,18.74,22.299999,52.110001,46.919998,82.0,12.0,5.208
2020-11-02 14:00:00+01:00,25.189999,23.625,23.5,19.539999,22.299999,52.02,47.309998,79.5,13.0,5.196
2020-11-02 14:15:00+01:00,24.75,23.545,23.5,19.4,22.299999,52.989998,47.48,77.0,13.0,5.22
2020-11-02 14:30:00+01:00,24.99,23.51,23.5,19.639999,22.299999,52.48,47.549999,77.0,13.0,5.208
2020-11-02 14:45:00+01:00,24.934999,23.545,23.5,19.539999,22.299999,52.809998,47.41,77.0,14.0,5.22
2020-11-02 15:00:00+01:00,25.445,23.555,23.5,20.16,22.299999,52.219997,47.459999,77.0,12.0,5.196
2020-11-02 15:15:00+01:00,25.805,23.644999,23.5,22.379999,21.299999,51.669998,47.369999,77.0,13.0,5.22
2020-11-02 15:30:00+01:00,24.83,23.664999,23.5,22.66,20.299999,53.509998,47.57,77.0,13.0,5.16
2020-11-02 15:45:00+01:00,24.91,23.664999,23.5,22.74,20.299999,53.689999,47.939999,77.0,13.0,5.124
2020-11-02 16:00:00+01:00,25.039999,23.674999,23.5,22.84,20.299999,53.66,48.169998,77.0,13.0,5.208
2020-11-02 16:15:00+01:00,25.17,23.705,23.5,22.98,19.299999,53.869999,48.399998,77.0,12.0,5.136
2020-11-02 16:30:00+01:00,24.85,23.684999,23.5,22.699999,19.299999,54.41,48.73,79.5,14.0,5.232
2020-11-02 16:45:00+01:00,24.865,23.705,23.5,22.719999,19.299999,54.449997,48.93,82.0,13.0,5.232
2020-11-02 17:00:00+01:00,24.84,23.695,23.5,22.66,18.299999,55.18,49.169998,85.0,13.0,5.184
2020-11-02 17:15:00+01:00,24.785,23.684999,23.5,22.6,18.299999,54.809998,49.279999,88.0,13.0,5.16
2020-11-02 17:30:00+01:00,24.465,23.664999,23.5,22.32,18.299999,54.869999,49.309998,91.0,12.0,5.196
2020-11-02 17:45:00+01:00,24.379999,23.635,23.5,22.24,18.299999,55.32,49.279999,94.0,13.0,5.196
2020-11-02 18:00:00+01:00,24.305,23.59,23.5,22.199999,17.299999,55.32,49.309998,91.0,14.0,5.16
2020-11-02 18:15:00+01:00,24.184999,23.574999,23.5,22.059999,17.299999,55.43,49.309998,88.0,13.0,5.16
2020-11-02 18:30:00+01:00,24.139999,23.545,23.5,22.02,16.299999,55.539997,49.43,91.0,12.0,5.184
2020-11-02 18:45:00+01:00,24.014999,23.519999,23.5,21.9,16.299999,56.309998,49.399998,94.0,13.0,5.172
2020-11-02 19:00:00+01:00,23.879999,23.459999,23.5,21.76,16.299999,56.25,49.57,91.0,13.0,5.208
2020-11-02 19:15:00+01:00,24.25,23.439999,23.5,21.699999,16.299999,55.399998,49.629997,88.0,13.0,5.22
2020-11-02 19:30:00+01:00,24.6,23.41,23.5,21.58,16.299999,55.259998,49.579998,94.0,14.0,5.196
2020-11-02 19:45:00+01:00,25.23,23.404999,23.5,21.4,16.299999,54.309998,49.799999,100.0,12.0,5.16
2020-11-02 20:00:00+01:00,25.445,23.394999,23.5,21.26,16.299999,53.419998,49.799999,97.0,13.0,5.208
2020-11-03 06:15:00+01:00,21.789999,22.34,22.5,19.98,15.3,58.619999,49.829998,100.0,9.0,5.208
2020-11-03 06:30:00+01:00,22.01,22.25,22.5,20.039999,15.3,58.529999,50.079998,100.0,13.0,5.148
2020-11-03 06:45:00+01:00,22.07,22.23,22.5,20.059999,15.3,58.789997,50.23,100.0,13.0,5.28
2020-11-03 07:00:00+01:00,22.1,22.219999,22.5,20.119999,15.3,58.379997,50.279999,97.0,13.0,5.22
2020-11-03 07:15:00+01:00,22.215,22.219999,22.5,20.199999,15.3,57.860001,50.360001,94.0,13.0,5.208
2020-11-03 07:30:00+01:00,22.25,22.219999,22.5,20.219999,15.3,58.52,50.389999,97.0,12.0,5.208
2020-11-03 07:45:00+01:00,22.275,22.219999,22.5,20.24,15.3,58.379997,50.450001,100.0,14.0,5.208
2020-11-03 08:00:00+01:00,22.299999,22.205,22.5,20.26,14.3,57.860001,50.459999,100.0,13.0,5.196
2020-11-03 08:15:00+01:00,26.904999,22.369999,22.5,20.34,15.3,49.23,50.18,100.0,13.0,5.184
2020-11-03 08:30:00+01:00,26.564999,22.73,22.5,20.6,15.3,50.52,49.329998,97.0,13.0,5.208
2020-11-03 08:45:00+01:00,26.055,22.83,22.5,20.66,16.299999,51.209999,49.139999,94.0,12.0,5.196
2020-11-03 09:00:00+01:00,26.215,22.809999,22.5,20.719999,16.299999,50.599998,49.309998,94.0,13.0,5.268
2020-11-03 09:15:00+01:00,27.295,22.875,22.5,20.779999,16.299999,48.82,49.309998,94.0,14.0,5.196
2020-11-03 09:30:00+01:00,27.66,22.99,22.5,20.9,16.299999,48.860001,49.07,91.0,13.0,5.172
2020-11-03 09:45:00+01:00,27.834999,23.105,22.5,21.02,17.299999,48.110001,48.93,88.0,12.0,5.208
2020-11-03 10:00:00+01:00,27.91,23.17,22.5,21.039999,17.299999,47.77,48.989998,91.0,13.0,5.172
2020-11-03 10:15:00+01:00,27.855,23.24,22.5,21.0,17.299999,48.369999,49.119999,94.0,13.0,5.196
2020-11-03 10:30:00+01:00,27.769999,23.324999,22.5,21.039999,18.299999,48.959999,49.09,91.0,13.0,5.232
2020-11-03 10:45:00+01:00,27.709999,23.4,22.5,21.1,18.299999,48.489998,49.039997,88.0,14.0,5.184
2020-11-03 11:00:00+01:00,27.75,23.484999,22.5,21.199999,18.299999,48.450001,48.91,88.0,13.0,5.184
2020-11-03 11:15:00+01:00,27.769999,23.525,23.5,21.34,18.299999,49.18,48.98,88.0,13.0,5.184
2020-11-03 11:30:00+01:00,27.84,23.574999,23.5,21.439999,19.299999,48.84,48.969997,88.0,13.0,5.22
2020-11-03 11:45:00+01:00,27.724998,23.664999,23.5,21.52,19.299999,48.889999,48.860001,88.0,12.0,5.196
2020-11-03 12:00:00+01:00,27.59,23.644999,23.5,21.66,19.299999,49.259998,49.0,88.0,13.0,5.16
2020-11-03 12:15:00+01:00,27.369999,23.644999,23.5,21.74,19.299999,50.309998,49.169998,88.0,14.0,5.148
2020-11-03 12:30:00+01:00,27.135,23.635,23.5,21.84,19.299999,50.509998,49.27,85.0,13.0,5.22
2020-11-03 12:45:00+01:00,26.785,23.684999,23.5,21.92,19.299999,51.119999,49.309998,82.0,12.0,5.208
2020-11-03 13:00:00+01:00,26.305,23.615,23.5,21.959999,20.299999,52.419998,49.599998,82.0,13.0,5.208
2020-11-03 13:15:00+01:00,26.324999,23.59,23.5,22.059999,20.299999,52.449997,49.82,82.0,13.0,5.172
2020-11-03 13:30:00+01:00,25.65,23.59,23.5,22.119999,20.299999,53.039997,49.66,82.0,13.0,5.184
2020-11-03 13:45:00+01:00,25.445,23.545,23.5,22.1,19.299999,53.399998,49.799999,82.0,14.0,5.136
2020-11-03 14:00:00+01:00,25.445,23.49,23.5,22.139999,19.299999,53.23,49.57,82.0,12.0,5.172
2020-11-03 14:15:00+01:00,25.439999,23.51,23.5,22.1,19.299999,52.719997,49.299999,82.0,13.0,5.196
2020-11-03 14:30:00+01:00,25.449999,23.51,23.5,22.199999,19.299999,52.419998,49.299999,85.0,13.0,5.16
2020-11-03 14:45:00+01:00,25.439999,23.519999,23.5,22.119999,19.299999,53.599998,49.329998,88.0,13.0,5.22
2020-11-03 15:00:00+01:00,25.445,23.51,23.5,22.1,19.299999,53.66,49.5,88.0,13.0,5.22
2020-11-03 15:15:00+01:00,25.439999,23.43,23.5,22.139999,19.299999,53.66,49.869999,88.0,14.0,5.184
2020-11-03 15:30:00+01:00,26.224998,23.43,23.5,22.1,19.299999,52.27,50.099998,91.0,13.0,5.232
2020-11-03 15:45:00+01:00,25.76,23.535,23.5,22.08,19.299999,53.639999,49.969997,94.0,12.0,5.232
2020-11-03 16:00:00+01:00,25.68,23.555,23.5,22.08,19.299999,53.639999,50.149998,94.0,13.0,5.208
2020-11-03 16:15:00+01:00,25.644999,23.545,23.5,22.059999,19.299999,53.41,50.200001,94.0,13.0,5.208
2020-11-03 16:30:00+01:00,25.619999,23.545,23.5,22.02,18.299999,53.969997,50.23,94.0,13.0,5.196
2020-11-03 16:45:00+01:00,25.66,23.545,23.5,22.059999,18.299999,54.119999,50.43,94.0,14.0,5.196
2020-11-03 17:00:00+01:00,25.605,23.545,23.5,22.0,18.299999,54.009998,50.610001,94.0,12.0,5.184
2020-11-03 17:15:00+01:00,25.57,23.519999,23.5,22.0,18.299999,54.27,50.809998,94.0,13.0,5.184
2020-11-03 17:30:00+01:00,25.564999,23.51,23.5,21.98,18.299999,54.57,50.91,97.0,13.0,5.16
2020-11-03 17:45:00+01:00,25.529999,23.51,23.5,21.92,18.299999,54.449997,50.969997,100.0,13.0,5.16
2020-11-03 18:00:00+01:00,25.449999,23.51,23.5,21.9,18.299999,54.539997,51.09,100.0,12.0,5.232
2020-11-03 18:15:00+01:00,25.514999,23.519999,23.5,21.939999,17.299999,55.079998,51.199997,100.0,13.0,5.16
2020-11-03 18:30:00+01:00,25.449999,23.519999,23.5,21.879999,17.299999,55.23,51.360001,100.0,14.0,5.172
2020-11-03 18:45:00+01:00,25.449999,23.49,23.5,21.9,17.299999,55.039997,51.469997,100.0,13.0,5.208
2020-11-03 19:00:00+01:00,25.449999,23.475,23.5,21.9,17.299999,54.989998,51.559998,97.0,13.0,5.196
2020-11-03 19:15:00+01:00,25.445,23.48,23.5,21.84,17.299999,55.610001,51.599998,94.0,12.0,5.148
2020-11-03 19:30:00+01:00,25.33,23.459999,23.5,21.779999,17.299999,55.459999,51.639999,97.0,14.0,5.196
2020-11-03 19:45:00+01:00,25.795,23.41,23.5,21.74,17.299999,54.279999,51.77,100.0,12.0,5.196
2020-11-03 20:00:00+01:00,25.695,23.4,23.5,21.68,17.299999,54.599998,51.709999,97.0,14.0,5.196
2020-11-04 06:15:00+01:00,22.519999,22.484999,22.5,20.699999,16.299999,60.739998,52.449997,100.0,8.0,5.22
2020-11-04 06:30:00+01:00,22.744999,22.424999,22.5,20.779999,16.299999,59.739998,52.779999,100.0,14.0,5.232
2020-11-04 06:45:00+01:00,22.82,22.424999,22.5,20.799999,16.299999,60.139999,52.919998,100.0,13.0,5.232
2020-11-04 07:00:00+01:00,22.844999,22.439999,22.5,20.799999,17.299999,60.379997,53.02,100.0,13.0,5.208
2020-11-04 07:15:00+01:00,22.889999,22.439999,22.5,20.84,17.299999,60.0,53.149998,100.0,13.0,5.232
2020-11-04 07:30:00+01:00,22.875,22.424999,22.5,20.84,17.299999,60.109997,53.34,100.0,12.0,5.172
2020-11-04 07:45:00+01:00,22.894999,22.424999,22.5,20.84,17.299999,60.93,53.529999,100.0,13.0,5.196
2020-11-04 08:00:00+01:00,22.875,22.424999,22.5,20.84,15.3,61.25,53.66,100.0,14.0,5.148
2020-11-04 08:15:00+01:00,27.369999,22.58,22.5,20.84,15.3,51.389999,53.559998,100.0,13.0,5.148
2020-11-04 08:30:00+01:00,27.689999,22.939999,22.5,21.02,15.3,51.059998,52.529999,100.0,13.0,5.196
2020-11-04 08:45:00+01:00,27.849998,23.129999,22.5,21.119999,15.3,51.369999,52.239998,100.0,12.0,5.208
2020-11-04 09:00:00+01:00,27.98,23.18,22.5,21.199999,15.3,50.789997,52.27,100.0,13.0,5.208
2020-11-04 09:15:00+01:00,28.035,23.26,22.5,21.26,15.3,50.219997,52.329998,100.0,13.0,5.184
2020-11-04 09:30:00+01:00,28.01,23.314999,22.5,21.299999,15.3,50.719997,52.360001,100.0,14.0,5.268
2020-11-04 09:45:00+01:00,27.924999,23.404999,22.5,21.279999,15.3,51.23,52.279999,100.0,13.0,5.196
2020-11-04 10:00:00+01:00,27.889999,23.484999,22.5,21.359999,15.3,50.619999,52.119999,100.0,12.0,5.196
2020-11-04 10:15:00+01:00,27.855,23.494999,23.5,21.42,15.3,50.469997,52.219997,100.0,14.0,5.16
2020-11-04 10:30:00+01:00,27.859999,23.535,23.5,21.439999,15.3,51.629997,52.139999,97.0,12.0,5.184
2020-11-04 10:45:00+01:00,27.879999,23.555,23.5,21.439999,15.3,51.029999,52.209999,94.0,13.0,5.184
2020-11-04 11:00:00+01:00,27.849998,23.59,23.5,21.48,15.3,50.489998,51.969997,91.0,14.0,5.184
2020-11-04 11:15:00+01:00,27.619999,23.66,23.5,21.5,15.3,51.389999,51.809998,88.0,13.0,5.208
2020-11-04 11:30:00+01:00,27.355,23.619999,23.5,21.459999,15.3,52.189999,51.849998,88.0,13.0,5.232
2020-11-04 11:45:00+01:00,27.17,23.59,23.5,21.48,15.3,52.189999,51.91,88.0,12.0,5.208
2020-11-04 12:00:00+01:00,27.09,23.6,23.5,21.539999,15.3,52.209999,52.129997,85.0,13.0,5.208
2020-11-04 12:15:00+01:00,26.945,23.564999,23.5,21.5,15.3,52.759998,52.169998,82.0,13.0,5.28
2020-11-04 12:30:00+01:00,26.949999,23.545,23.5,21.58,15.3,52.709999,52.119999,82.0,14.0,5.172
2020-11-04 12:45:00+01:00,26.945,23.545,23.5,21.619999,16.299999,52.02,52.0,82.0,13.0,5.148
2020-11-04 13:00:00+01:00,26.855,23.564999,23.5,21.619999,16.299999,52.5,51.939999,82.0,13.0,5.184
2020-11-04 13:15:00+01:00,26.789999,23.57,23.5,21.68,16.299999,52.860001,51.849998,82.0,13.0,5.22
2020-11-04 13:30:00+01:00,26.574999,23.57,23.5,21.719999,16.299999,52.93,51.789997,82.0,12.0,5.184
2020-11-04 13:45:00+01:00,26.545,23.564999,23.5,21.779999,16.299999,52.579998,51.68,82.0,13.0,5.22
2020-11-04 14:00:00+01:00,26.414999,23.519999,23.5,21.779999,16.299999,52.23,51.469997,82.0,14.0,5.208
2020-11-04 14:15:00+01:00,26.455,23.449999,23.5,21.84,17.299999,53.259998,51.5,82.0,13.0,5.148
2020-11-04 14:30:00+01:00,26.545,23.449999,23.5,21.92,17.299999,52.129997,51.379997,79.5,0.0,5.208
2020-11-04 14:45:00+01:00,26.545,23.449999,23.5,21.92,17.299999,52.129997,51.379997,77.0,0.0,5.208
2020-11-04 15:00:00+01:00,26.545,23.449999,23.5,21.92,17.299999,52.129997,51.379997,77.0,0.0,5.208
2020-11-04 15:15:00+01:00,26.605,23.484999,23.5,22.0,20.299999,51.93,51.309998,77.0,15.0,5.184
2020-11-04 15:30:00+01:00,26.654999,23.519999,23.5,22.059999,19.299999,52.09,51.309998,77.0,13.0,5.184
2020-11-04 15:45:00+01:00,26.574999,23.545,23.5,22.0,20.299999,52.5,51.039997,77.0,13.0,5.16
2020-11-04 16:00:00+01:00,26.584999,23.555,23.5,22.0,20.299999,52.449997,50.969997,79.5,13.0,5.172
2020-11-04 16:15:00+01:00,26.264999,23.57,23.5,21.92,20.299999,53.289997,51.209999,82.0,12.0,5.172
2020-11-04 16:30:00+01:00,26.244999,23.51,23.5,21.92,20.299999,53.149998,51.41,85.0,14.0,5.208
2020-11-04 16:45:00+01:00,26.184999,23.494999,23.5,21.879999,20.299999,53.639999,51.389999,88.0,13.0,5.184
2020-11-04 17:00:00+01:00,26.195,23.494999,23.5,21.879999,19.299999,53.09,51.469997,88.0,13.0,5.172
2020-11-04 17:15:00+01:00,26.184999,23.51,23.5,21.879999,19.299999,53.259998,51.469997,88.0,12.0,5.172
2020-11-04 17:30:00+01:00,26.195,23.514999,23.5,21.879999,19.299999,53.59,51.619999,88.0,13.0,5.172
2020-11-04 17:45:00+01:00,26.234999,23.535,23.5,21.84,18.299999,53.439999,51.549999,88.0,13.0,5.148
2020-11-04 18:00:00+01:00,26.334999,23.545,23.5,21.859999,18.299999,53.059998,51.529999,88.0,14.0,5.148
2020-11-04 18:15:00+01:00,26.224998,23.555,23.5,21.859999,18.299999,53.119999,51.529999,88.0,13.0,5.16
2020-11-04 18:30:00+01:00,26.215,23.535,23.5,21.82,18.299999,53.77,51.599998,91.0,12.0,5.136
2020-11-04 18:45:00+01:00,26.164999,23.51,23.5,21.799999,17.299999,53.559998,51.709999,94.0,13.0,5.196
2020-11-04 19:00:00+01:00,26.094999,23.465,23.5,21.779999,17.299999,53.349998,51.82,94.0,13.0,5.232
2020-11-04 19:15:00+01:00,26.049999,23.545,23.5,21.719999,17.299999,53.77,51.559998,94.0,13.0,5.244
2020-11-04 19:30:00+01:00,25.9,23.535,23.5,21.719999,17.299999,54.27,51.549999,94.0,14.0,5.244
2020-11-04 19:45:00+01:00,25.82,23.475,23.5,21.719999,17.299999,54.27,51.77,94.0,13.0,5.172
2020-11-05 06:15:00+01:00,22.16,22.48,22.5,20.32,14.3,60.0,52.509998,94.0,11.0,5.136
2020-11-05 06:30:00+01:00,22.209999,22.379999,22.5,20.24,14.3,59.059998,52.449997,94.0,13.0,5.196
2020-11-05 06:45:00+01:00,22.209999,22.35,22.5,20.219999,14.3,59.359997,52.219997,94.0,13.0,5.22
2020-11-05 07:00:00+01:00,22.055,22.34,22.5,20.059999,14.3,59.349998,51.959999,94.0,13.0,5.124
2020-11-05 07:15:00+01:00,21.879999,22.285,22.5,19.9,14.3,58.609997,51.639999,94.0,13.0,5.256
2020-11-05 07:30:00+01:00,21.834999,22.254999,22.5,19.859999,14.3,58.219997,51.509998,93.5,14.0,5.244
2020-11-05 07:45:00+01:00,21.859999,22.24,22.5,19.859999,15.3,59.359997,51.469997,93.0,13.0,5.208
2020-11-05 08:00:00+01:00,21.869999,22.225,22.5,19.859999,15.3,59.689999,51.399998,93.0,12.0,5.22
2020-11-05 08:15:00+01:00,26.254999,22.43,22.5,19.959999,15.3,50.169998,50.789997,93.0,14.0,5.22
2020-11-05 08:30:00+01:00,26.875,22.75,22.5,20.18,15.3,48.91,49.969997,90.5,12.0,5.196
2020-11-05 08:45:00+01:00,27.045,22.93,22.5,20.32,15.3,49.649998,49.5,88.0,13.0,5.196
2020-11-05 09:00:00+01:00,27.17,23.025,22.5,20.4,15.3,49.009998,49.16,88.0,14.0,5.232
2020-11-05 09:15:00+01:00,27.17,23.094999,22.5,20.439999,15.3,48.57,49.029999,88.0,13.0,5.16
2020-11-05 09:30:00+01:00,27.219999,23.129999,22.5,20.5,16.299999,48.469997,48.919998,88.0,13.0,5.16
2020-11-05 09:45:00+01:00,27.18,23.135,22.5,20.459999,16.299999,49.369999,48.989998,88.0,12.0,5.22
2020-11-05 10:00:00+01:00,27.209999,23.17,22.5,20.539999,16.299999,49.34,49.189999,86.5,14.0,5.22
2020-11-05 10:15:00+01:00,27.269999,23.275,22.5,20.699999,16.299999,49.27,49.279999,85.0,12.0,5.196
2020-11-05 10:30:00+01:00,27.51,23.404999,22.5,20.98,17.299999,49.029999,49.309998,83.5,14.0,5.22
2020-11-05 10:45:00+01:00,27.68,23.475,22.5,21.18,17.299999,49.529999,49.27,82.0,13.0,5.208
2020-11-05 11:00:00+01:00,27.82,23.564999,23.5,21.299999,19.299999,48.91,49.23,82.0,13.0,5.076
2020-11-05 11:15:00+01:00,27.959999,23.609999,23.5,21.5,19.299999,48.91,49.369999,82.0,13.0,5.208
2020-11-05 11:30:00+01:00,27.875,23.695,23.5,21.639999,20.299999,49.34,49.399998,82.0,13.0,5.232
2020-11-05 11:45:00+01:00,27.459999,23.76,23.5,21.879999,21.299999,50.209999,49.360001,82.0,14.0,5.208
2020-11-05 12:00:00+01:00,25.359999,23.76,23.5,20.219999,22.299999,53.799999,49.489998,79.5,12.0,5.304
2020-11-05 12:15:00+01:00,24.764999,23.644999,23.5,19.859999,22.299999,55.039997,49.889999,77.0,14.0,5.304
2020-11-05 12:30:00+01:00,24.615,23.605,23.5,19.799999,22.299999,55.25,50.16,74.5,13.0,5.298
2020-11-05 12:45:00+01:00,24.51,23.615,23.5,20.08,23.299999,55.209999,50.09,72.0,12.0,5.292
2020-11-05 13:00:00+01:00,24.394999,23.66,23.5,20.219999,23.299999,55.34,50.029999,72.0,15.0,5.22
2020-11-05 13:15:00+01:00,23.254999,23.674999,23.5,20.42,22.299999,57.919998,49.889999,72.0,12.0,5.208
2020-11-05 13:30:00+01:00,23.045,23.66,23.5,20.859999,23.299999,58.699997,50.029999,72.0,13.0,5.184
2020-11-05 13:45:00+01:00,23.119999,23.66,23.5,20.859999,23.299999,58.27,50.09,72.0,13.0,5.184
2020-11-05 14:00:00+01:00,23.555,23.734999,23.5,21.639999,22.299999,57.860001,50.079998,70.0,13.0,5.208
2020-11-05 14:15:00+01:00,23.615,23.904999,23.5,21.779999,22.299999,57.489998,49.879997,68.0,13.0,5.256
2020-11-05 14:30:00+01:00,23.615,23.975,23.5,21.779999,22.299999,57.799999,49.719997,70.0,14.0,5.256
2020-11-05 14:45:00+01:00,23.609999,24.055,23.5,21.74,23.299999,57.799999,49.73,72.0,13.0,5.256
2020-11-05 15:00:00+01:00,23.635,24.135,23.5,21.559999,24.299999,58.449997,49.599998,68.0,13.0,5.244
2020-11-05 15:15:00+01:00,23.594999,24.084999,23.5,21.42,24.200001,58.329998,49.77,64.0,13.0,5.184
2020-11-05 15:30:00+01:00,23.15,24.154999,23.5,20.9,24.200001,59.5,49.739998,66.0,13.0,5.172
2020-11-05 15:45:00+01:00,23.654999,24.164999,23.5,21.48,24.1,58.41,49.829998,68.0,12.0,5.16
2020-11-05 16:00:00+01:00,23.994999,24.195,23.5,22.02,24.1,57.509998,49.829998,68.0,14.0,5.196
2020-11-05 16:15:00+01:00,23.805,24.164999,23.5,22.02,23.1,58.16,49.899998,68.0,13.0,5.196
2020-11-05 16:30:00+01:00,25.084999,24.154999,23.5,23.16,22.1,55.369999,49.899998,70.0,13.0,5.196
2020-11-05 16:45:00+01:00,25.33,24.234999,23.5,23.139999,21.1,54.189999,49.539997,72.0,12.0,5.16
2020-11-05 17:00:00+01:00,25.25,24.275,23.5,23.1,21.1,54.829998,49.23,72.0,13.0,5.172
2020-11-05 17:15:00+01:00,25.215,24.264999,23.5,23.059999,20.1,54.949997,49.200001,72.0,13.0,5.208
2020-11-05 17:30:00+01:00,25.34,24.234999,23.5,23.16,20.1,54.25,49.200001,77.0,14.0,5.208
2020-11-05 17:45:00+01:00,25.154999,24.225,23.5,23.0,20.1,54.619999,49.110001,82.0,13.0,5.208
2020-11-05 18:00:00+01:00,25.129999,24.164999,23.5,22.98,19.1,55.039997,49.27,85.0,12.0,5.232
2020-11-05 18:15:00+01:00,25.029999,24.144999,23.5,22.879999,19.1,55.009998,49.399998,88.0,13.0,5.208
2020-11-05 18:30:00+01:00,24.894999,24.094999,23.5,22.74,18.1,55.48,49.639999,85.0,13.0,5.22
2020-11-05 18:45:00+01:00,24.789999,24.08,23.5,22.66,17.1,56.379997,49.899998,82.0,13.0,5.22
2020-11-05 19:00:00+01:00,24.695,24.014999,23.5,22.58,17.1,56.34,50.239998,85.0,14.0,5.16
2020-11-05 19:15:00+01:00,24.549999,23.939999,23.5,22.439999,17.1,56.43,50.41,88.0,12.0,5.208
2020-11-05 19:30:00+01:00,24.484999,23.885,23.5,22.379999,17.1,57.27,50.629997,91.0,13.0,5.196
2020-11-05 19:45:00+01:00,24.394999,23.84,23.5,22.279999,17.1,57.299999,50.879997,94.0,13.0,5.196
2020-11-06 06:15:00+01:00,25.57,22.9,22.5,20.799999,16.1,54.009998,51.889999,88.0,11.0,5.172
2020-11-06 06:30:00+01:00,27.07,23.109999,22.5,20.92,16.1,50.709999,51.279999,91.0,12.0,5.136
2020-11-06 06:45:00+01:00,27.359999,23.334999,22.5,21.02,16.1,49.939999,50.610001,94.0,13.0,5.172
2020-11-06 07:00:00+01:00,27.529999,23.434999,22.5,21.02,16.1,50.34,50.200001,97.0,13.0,5.148
2020-11-06 07:15:00+01:00,27.695,23.49,22.5,21.059999,16.1,49.52,50.0,100.0,14.0,5.088
2020-11-06 07:30:00+01:00,27.73,23.545,23.5,21.059999,16.1,48.959999,49.799999,97.0,12.0,5.208
2020-11-06 07:45:00+01:00,27.695,23.559999,23.5,21.1,16.1,49.68,49.66,94.0,13.0,5.22
2020-11-06 08:00:00+01:00,27.635,23.584999,23.5,21.16,16.1,49.75,49.619999,94.0,13.0,5.232
2020-11-06 08:15:00+01:00,27.539999,23.59,23.5,21.139999,16.1,49.349998,49.559998,94.0,13.0,5.196
2020-11-06 08:30:00+01:00,27.424999,23.59,23.5,21.16,16.1,49.509998,49.539997,97.0,13.0,5.16
2020-11-06 08:45:00+01:00,27.269999,23.59,23.5,21.199999,16.1,50.689999,49.599998,100.0,14.0,5.244
2020-11-06 09:00:00+01:00,27.08,23.574999,23.5,21.199999,16.1,50.5,49.619999,100.0,13.0,5.208
2020-11-06 09:15:00+01:00,26.924999,23.564999,23.5,21.219999,17.1,50.509998,49.639999,100.0,12.0,5.184
2020-11-06 09:30:00+01:00,26.844999,23.545,23.5,21.219999,17.1,50.879997,49.669998,97.0,13.0,5.22
2020-11-06 09:45:00+01:00,26.865,23.545,23.5,21.359999,17.1,51.309998,49.75,94.0,13.0,5.172
2020-11-06 10:00:00+01:00,26.865,23.559999,23.5,21.42,17.1,50.91,49.759998,91.0,13.0,5.208
2020-11-06 10:15:00+01:00,26.785,23.57,23.5,21.539999,17.1,51.219997,49.860001,88.0,14.0,5.22
2020-11-06 10:30:00+01:00,26.68,23.57,23.5,21.66,17.1,52.169998,50.029999,88.0,13.0,5.244
2020-11-06 10:45:00+01:00,26.514999,23.574999,23.5,21.74,18.1,52.169998,50.189999,88.0,13.0,5.22
2020-11-06 11:00:00+01:00,26.359999,23.57,23.5,21.74,18.1,52.18,50.23,88.0,13.0,5.184
2020-11-06 11:15:00+01:00,26.16,23.57,23.5,21.779999,18.1,52.879997,50.289997,88.0,13.0,5.16
2020-11-06 11:30:00+01:00,26.019999,23.559999,23.5,21.68,18.1,53.349998,50.399998,88.0,12.0,5.232
2020-11-06 11:45:00+01:00,26.025,23.559999,23.5,21.74,18.1,52.939999,50.529999,88.0,14.0,5.208
2020-11-06 12:00:00+01:00,25.984999,23.559999,23.5,21.82,19.1,52.889999,50.489998,85.0,13.0,5.208
2020-11-06 12:15:00+01:00,26.055,23.564999,23.5,21.84,19.1,53.169998,50.469997,82.0,13.0,5.196
2020-11-06 12:30:00+01:00,25.619999,23.58,23.5,21.939999,18.1,53.629997,50.399998,82.0,13.0,5.16
2020-11-06 12:45:00+01:00,25.594999,23.58,23.5,22.02,19.1,53.079998,50.299999,82.0,13.0,5.196
2020-11-06 13:00:00+01:00,25.82,23.58,23.5,22.08,20.1,52.860001,50.189999,77.0,14.0,5.184
2020-11-06 13:15:00+01:00,25.449999,23.57,23.5,22.219999,20.1,53.449997,50.119999,72.0,13.0,5.232
2020-11-06 13:30:00+01:00,24.539999,23.615,23.5,22.279999,20.1,55.0,49.860001,72.0,12.0,5.22
2020-11-06 13:45:00+01:00,24.23,23.51,23.5,22.08,21.1,55.379997,50.049999,72.0,13.0,5.208
2020-11-06 14:00:00+01:00,24.879999,23.469999,23.5,22.32,20.1,54.709999,50.139999,72.0,13.0,5.232
2020-11-06 14:15:00+01:00,24.525,23.49,23.5,22.24,20.1,54.779999,49.869999,72.0,13.0,5.22
2020-11-06 14:30:00+01:00,25.064999,23.51,23.5,22.16,21.1,53.099998,49.529999,72.0,12.0,5.22
2020-11-06 14:45:00+01:00,24.68,23.514999,23.5,22.42,21.1,54.559998,49.360001,72.0,14.0,5.196
2020-11-06 15:00:00+01:00,24.66,23.494999,23.5,22.48,21.1,53.219997,49.079998,72.0,13.0,5.184
2020-11-06 15:15:00+01:00,25.219999,23.49,23.5,22.74,21.1,52.02,48.799999,72.0,13.0,5.22
2020-11-06 15:30:00+01:00,24.769999,23.494999,23.5,22.6,21.1,53.18,48.559998,70.0,13.0,5.208
2020-11-06 15:45:00+01:00,24.949999,23.484999,23.5,22.82,21.1,52.84,48.539997,68.0,13.0,5.208
2020-11-06 16:00:00+01:00,24.785,23.49,23.5,22.66,21.1,52.789997,48.239998,70.0,14.0,5.172
2020-11-06 16:15:00+01:00,24.76,23.48,23.5,22.6,21.1,52.719997,48.169998,72.0,12.0,5.208
2020-11-06 16:30:00+01:00,24.73,23.475,23.5,22.6,21.1,52.959999,47.98,74.5,13.0,5.208
2020-11-06 16:45:00+01:00,24.73,23.449999,23.5,22.58,21.1,53.369999,48.239998,77.0,13.0,5.232
2020-11-06 17:00:00+01:00,25.35,23.459999,23.5,22.6,20.1,52.27,48.439999,79.5,13.0,5.232
2020-11-06 17:15:00+01:00,25.269999,23.51,23.5,22.48,20.1,52.860001,48.34,82.0,13.0,5.22
2020-11-06 17:30:00+01:00,25.209999,23.539999,23.5,22.379999,19.1,52.66,48.329998,85.0,12.0,5.208
2020-11-06 17:45:00+01:00,25.129999,23.519999,23.5,22.34,18.1,52.369999,48.309998,88.0,14.0,5.208
2020-11-06 18:00:00+01:00,25.059999,23.494999,23.5,22.26,18.1,52.889999,48.32,88.0,13.0,5.184
2020-11-06 18:15:00+01:00,24.99,23.475,23.5,22.199999,17.1,53.809998,48.469997,88.0,13.0,5.184
2020-11-06 18:30:00+01:00,25.01,23.449999,23.5,22.08,17.1,54.07,49.079998,91.0,12.0,5.148
2020-11-06 18:45:00+01:00,25.17,23.475,23.5,21.98,17.1,53.75,49.219997,94.0,13.0,5.196
2020-11-06 19:00:00+01:00,25.1,23.535,23.5,21.92,17.1,53.879997,49.18,94.0,13.0,5.184
2020-11-06 19:15:00+01:00,24.99,23.48,23.5,21.82,17.1,53.779999,49.239998,94.0,14.0,5.196
2020-11-06 19:30:00+01:00,25.32,23.439999,23.5,21.74,16.1,53.219997,49.399998,91.0,13.0,5.232
2020-11-06 19:45:00+01:00,25.289999,23.439999,23.5,21.66,16.1,54.039997,49.539997,88.0,13.0,5.22
2020-11-07 06:30:00+01:00,22.33,22.385,22.5,19.699999,13.1,53.009998,47.789997,90.0,12.0,5.1
2020-11-07 06:45:00+01:00,22.42,22.359999,22.5,19.619999,13.1,53.049999,47.189999,93.0,13.0,5.196
2020-11-07 07:00:00+01:00,23.445,22.385,22.5,19.619999,13.1,51.449997,46.489998,93.0,12.0,5.136
2020-11-07 07:15:00+01:00,23.514999,22.439999,22.5,19.68,13.1,50.75,45.969997,93.0,13.0,5.22
2020-11-07 07:30:00+01:00,23.455,22.459999,22.5,19.66,13.1,50.279999,45.639999,90.0,14.0,5.232
2020-11-07 07:45:00+01:00,23.414999,22.459999,22.5,19.639999,13.1,50.579998,45.399998,87.0,13.0,5.256
2020-11-07 08:00:00+01:00,23.365,22.449999,22.5,19.559999,13.1,51.110001,45.23,87.0,13.0,5.256
2020-11-07 08:15:00+01:00,26.045,22.605,22.5,19.68,13.1,45.77,44.559998,87.0,13.0,5.16
2020-11-07 08:30:00+01:00,26.394999,22.799999,22.5,19.779999,13.1,44.669998,43.919998,84.5,13.0,5.16
2020-11-07 08:45:00+01:00,26.519999,22.92,22.5,19.84,13.1,45.289997,43.559998,82.0,12.0,5.124
2020-11-07 09:00:00+01:00,26.715,22.98,22.5,19.92,13.1,44.889999,43.239998,84.5,14.0,5.136
2020-11-07 09:15:00+01:00,26.805,23.019999,22.5,19.98,13.1,44.02,43.009998,87.0,13.0,5.124
2020-11-07 09:30:00+01:00,26.824999,23.07,22.5,20.02,14.1,43.91,42.93,87.5,12.0,5.196
2020-11-07 09:45:00+01:00,26.91,23.105,22.5,20.1,14.1,44.539997,42.939999,88.0,13.0,5.244
2020-11-07 10:00:00+01:00,26.945,23.129999,22.5,20.16,15.1,44.709999,42.91,82.5,13.0,5.184
2020-11-07 10:15:00+01:00,27.019999,23.18,22.5,20.299999,16.1,44.119999,42.779999,77.0,13.0,5.268
2020-11-07 10:30:00+01:00,27.099998,23.23,22.5,20.42,16.1,43.649998,42.689999,74.5,14.0,5.172
2020-11-07 10:45:00+01:00,27.219999,23.269999,22.5,20.559999,17.1,43.939999,42.599998,72.0,13.0,5.184
2020-11-07 11:00:00+01:00,27.385,23.32,22.5,20.699999,17.1,44.079998,42.629997,69.5,12.0,5.196
2020-11-07 11:15:00+01:00,27.389999,23.404999,22.5,20.699999,18.1,44.259998,42.75,67.0,13.0,5.232
2020-11-07 11:30:00+01:00,27.504999,23.404999,22.5,20.859999,19.1,43.989998,42.779999,65.0,13.0,5.22
2020-11-07 11:45:00+01:00,27.639999,23.459999,22.5,21.039999,19.1,44.41,42.779999,63.0,13.0,5.244
2020-11-07 12:00:00+01:00,27.639999,23.535,23.5,21.139999,20.1,44.129997,42.719997,65.0,14.0,5.232
2020-11-07 12:15:00+01:00,27.519999,23.559999,23.5,21.18,20.1,44.329998,42.809998,67.0,13.0,5.256
2020-11-07 12:30:00+01:00,27.66,23.59,23.5,21.34,20.1,43.23,42.579998,65.0,13.0,5.232
2020-11-07 12:45:00+01:00,27.705,23.629999,23.5,21.639999,21.1,43.91,42.48,63.0,13.0,5.232
2020-11-07 13:00:00+01:00,27.51,23.674999,23.5,21.76,21.1,43.809998,42.309998,65.5,13.0,5.232
2020-11-07 13:15:00+01:00,27.07,23.705,23.5,21.74,22.1,43.860001,42.169998,68.0,14.0,5.232
2020-11-07 13:30:00+01:00,26.644999,23.695,23.5,21.959999,22.1,45.02,42.110001,68.0,12.0,5.232
2020-11-07 13:45:00+01:00,25.724998,23.76,23.5,22.059999,22.1,46.509998,42.299999,68.0,13.0,5.244
2020-11-07 14:00:00+01:00,24.35,23.74,23.5,22.139999,22.1,49.189999,42.360001,68.0,13.0,5.196
2020-11-07 14:15:00+01:00,24.269999,23.615,23.5,22.139999,22.1,49.579998,42.68,68.0,13.0,5.196
2020-11-07 14:30:00+01:00,24.23,23.455,23.5,22.08,21.1,50.09,43.129997,68.0,13.0,5.256
2020-11-07 14:45:00+01:00,25.1,23.41,23.5,22.1,21.1,48.469997,43.349998,68.0,14.0,5.196
2020-11-09 04:15:00+01:00,21.359999,22.064999,22.5,19.539999,13.1,55.16,46.52,63.75675676,9.0,5.184
2020-11-09 04:30:00+01:00,21.424999,21.975,22.5,19.52,13.1,54.48,46.259998,63.57432432,14.0,5.172
2020-11-09 04:45:00+01:00,21.414999,21.934999,22.5,19.48,13.1,53.959999,46.0,63.39189189,13.0,5.196
2020-11-09 05:00:00+01:00,21.41,21.904999,22.5,19.459999,13.1,53.57,45.799999,63.20945946,13.0,5.16
2020-11-09 05:15:00+01:00,21.41,21.885,22.5,19.439999,13.1,54.25,45.629997,63.02702703,13.0,5.172
2020-11-09 05:30:00+01:00,21.34,21.865,22.5,19.379999,13.1,53.899998,45.43,62.84459459,12.0,5.256
2020-11-09 05:45:00+01:00,21.295,21.844999,22.5,19.34,13.1,53.57,45.329998,62.66216216,13.0,5.196
2020-11-09 06:00:00+01:00,21.275,21.824999,22.5,19.32,13.1,53.459999,45.239998,62.47972973,14.0,5.184
2020-11-09 06:15:00+01:00,22.449999,21.84,22.5,19.299999,13.1,52.18,45.119999,62.2972973,13.0,5.16
2020-11-09 06:30:00+01:00,24.605,22.0,22.5,19.34,13.1,47.66,44.610001,62.11486486,13.0,5.196
2020-11-09 06:45:00+01:00,25.945,22.215,22.5,19.42,13.1,44.66,43.809998,61.93243243,12.0,5.148
2020-11-09 07:00:00+01:00,26.334999,22.42,22.5,19.559999,13.1,44.079998,43.110001,61.75,13.0,5.16
2020-11-09 07:15:00+01:00,26.564999,22.549999,22.5,19.68,13.1,43.950001,42.719997,61.56756757,13.0,5.22
2020-11-09 07:30:00+01:00,26.705,22.625,22.5,19.76,13.1,43.439999,42.41,61.38513514,14.0,5.172
2020-11-09 07:45:00+01:00,26.824999,22.68,22.5,19.799999,12.1,42.829998,42.110001,61.2027027,12.0,5.172
2020-11-09 08:00:00+01:00,26.824999,22.709999,22.5,19.859999,12.1,43.049999,41.989998,61.02027027,13.0,5.244
2020-11-09 08:15:00+01:00,26.849998,22.75,22.5,19.939999,12.1,43.57,41.899998,60.83783784,13.0,5.184
2020-11-09 08:30:00+01:00,26.799999,22.779999,22.5,19.879999,12.1,42.73,41.599998,60.65540541,13.0,5.22
2020-11-09 08:45:00+01:00,26.824999,22.789999,22.5,19.959999,12.1,42.66,41.489998,60.47297297,13.0,5.196
2020-11-09 09:00:00+01:00,26.824999,22.809999,22.5,19.939999,11.1,42.549999,41.360001,60.29054054,14.0,5.196
2020-11-09 09:15:00+01:00,26.764999,22.82,22.5,19.98,12.1,43.349998,41.329998,60.10810811,13.0,5.22
2020-11-09 09:30:00+01:00,26.705,22.834999,22.5,20.1,13.1,43.18,41.360001,59.92567568,12.0,5.22
2020-11-09 09:45:00+01:00,26.799999,22.875,22.5,20.199999,13.1,43.07,41.419998,59.74324324,14.0,5.256
2020-11-09 10:00:00+01:00,26.98,22.93,22.5,20.4,13.1,43.450001,41.419998,59.56081081,12.0,5.136
2020-11-09 10:15:00+01:00,27.115,22.955,22.5,20.559999,14.1,43.649998,41.619999,59.37837838,13.0,5.172
2020-11-09 10:30:00+01:00,27.269999,23.039999,22.5,20.699999,15.1,43.149998,41.619999,59.19594595,14.0,5.244
2020-11-09 10:45:00+01:00,27.43,23.1,22.5,20.859999,16.1,42.889999,41.719997,59.01351351,13.0,5.196
2020-11-09 11:00:00+01:00,27.65,23.23,22.5,21.059999,16.1,43.059998,41.559998,58.83108108,13.0,5.244
2020-11-09 11:15:00+01:00,27.83,23.314999,22.5,21.279999,18.1,42.93,41.469997,58.64864865,13.0,5.196
2020-11-09 11:30:00+01:00,27.945,23.4,22.5,21.42,18.1,42.559998,41.399998,58.46621622,13.0,5.208
2020-11-09 11:45:00+01:00,28.035,23.48,22.5,21.48,19.1,42.169998,41.259998,58.28378378,12.0,5.172
2020-11-09 12:00:00+01:00,28.09,23.574999,23.5,21.6,20.1,42.209999,41.040001,58.10135135,14.0,5.232
2020-11-09 12:15:00+01:00,28.109999,23.66,23.5,21.84,21.1,42.200001,40.950001,57.91891892,13.0,5.196
2020-11-09 12:30:00+01:00,27.959999,23.725,23.5,22.02,21.1,42.209999,40.809998,57.73648649,13.0,5.184
2020-11-09 12:45:00+01:00,27.41,23.789999,23.5,22.08,22.1,43.189999,40.629997,57.55405405,13.0,5.184
2020-11-09 13:00:00+01:00,26.65,23.83,23.5,22.379999,21.1,44.119999,40.629997,57.37162162,12.0,5.232
2020-11-09 13:15:00+01:00,24.58,23.779999,23.5,22.32,22.1,47.009998,40.629997,57.18918919,13.0,5.184
2020-11-09 13:30:00+01:00,24.629999,23.725,23.5,22.439999,22.1,47.129997,40.84,57.00675676,14.0,5.148
2020-11-09 13:45:00+01:00,24.629999,23.734999,23.5,22.459999,22.1,47.489998,40.899998,56.82432432,13.0,5.22
2020-11-09 14:00:00+01:00,24.689999,23.814999,23.5,22.539999,22.1,47.41,40.759998,56.64189189,12.0,5.208
2020-11-09 14:15:00+01:00,24.769999,23.84,23.5,22.6,22.1,46.789997,40.66,56.45945946,14.0,5.196
2020-11-09 14:30:00+01:00,25.16,23.904999,23.5,22.939999,22.1,46.82,40.579998,56.27702703,13.0,5.184
2020-11-09 14:45:00+01:00,25.1,24.014999,23.5,22.939999,22.1,46.77,40.419998,56.09459459,12.0,5.196
2020-11-09 15:00:00+01:00,25.139999,24.064999,23.5,22.959999,22.1,46.309998,40.27,55.91216216,14.0,5.148
2020-11-09 15:15:00+01:00,25.445,24.094999,23.5,23.199999,21.1,46.329998,40.209999,55.72972973,13.0,5.124
2020-11-09 15:30:00+01:00,25.234999,24.144999,23.5,23.039999,22.1,46.309998,40.079998,55.5472973,13.0,5.148
2020-11-09 15:45:00+01:00,25.439999,24.154999,23.5,23.26,22.1,46.34,40.0,55.36486486,12.0,5.124
2020-11-10 07:45:00+01:00,21.17,22.039999,22.5,19.34,12.1,50.34,41.379997,93.0,12.0,5.028
2020-11-10 19:45:00+01:00,24.639999,23.404999,23.5,21.5,15.1,49.169998,42.959999,87.0,12.0,5.016
2020-11-11 16:15:00+01:00,24.289999,23.769999,23.5,22.279999,18.0,50.09,41.459999,77.0,13.0,5.004
2020-11-16 08:00:00+01:00,26.404999,22.129999,22.5,19.139999,11.9,43.939999,42.549999,96.5,13.0,5.004
2020-11-19 17:30:00+01:00,26.789999,23.314999,23.5,21.299999,15.9,40.759998,36.529999,73.5,13.0,5.004
2020-11-19 19:00:00+01:00,27.4,23.424999,23.5,20.699999,12.9,40.610001,37.259998,81.0,12.0,5.004
2020-12-04 07:15:00+01:00,22.244999,19.25,22.5,18.719999,5.1,38.189999,33.779999,100.0,13.0,5.076
2020-12-04 08:15:00+01:00,23.0,19.869999,22.5,18.619999,3.1,37.329998,32.77,100.0,12.0,5.004
2020-12-04 10:45:00+01:00,22.504999,20.504999,22.5,18.6,3.1,37.469997,31.449999,100.0,13.0,5.016
2020-12-04 11:30:00+01:00,22.414999,20.855,22.5,18.5,4.1,37.529999,31.049999,100.0,13.0,5.016
2020-12-04 12:45:00+01:00,22.574999,20.895,22.5,18.58,4.1,37.189999,31.01,100.0,12.0,5.028
2020-12-04 16:30:00+01:00,22.394999,20.764999,22.5,18.639999,3.9,37.700001,31.189999,96.5,13.0,5.028
2020-12-04 17:00:00+01:00,22.365,20.775,22.5,18.639999,4.9,37.419998,31.029999,96.5,12.0,5.004
2020-12-04 17:45:00+01:00,21.414999,21.035,22.5,18.539999,4.9,38.57,30.789999,100.0,13.0,5.004
2020-12-04 18:00:00+01:00,22.375,21.074999,22.5,18.699999,4.9,37.629997,30.75,100.0,12.0,5.016
2020-12-04 18:45:00+01:00,22.555,21.34,22.5,18.699999,3.9,37.559998,30.359999,100.0,12.0,5.004
2020-12-04 20:00:00+01:00,22.365,21.34,22.5,18.559999,4.9,37.66,30.429998,100.0,12.0,5.004
2020-12-07 10:00:00+01:00,18.27,19.625,22.5,16.18,6.8,45.32,35.079998,100.0,13.0,5.016
2020-12-10 12:00:00+01:00,21.42,20.254999,22.5,17.639999,11.6,36.739998,31.029999,70.0,12.0,5.016
2020-12-26 13:00:00+01:00,18.49,17.85,22.5,16.619999,13.8,34.43,28.84,46.5,12.0,5.028
2021-01-05 13:15:00+01:00,19.555,19.484999,22.5,18.039999,5.1,43.48,36.079998,93.0,13.0,5.052
2021-01-05 13:30:00+01:00,21.084999,19.834999,22.5,19.02,4.1,41.379997,35.579998,87.0,12.0,5.028
2021-01-05 13:45:00+01:00,21.24,20.119999,22.5,18.699999,4.1,41.439999,35.099998,81.0,13.0,5.016
2021-01-08 07:30:00+01:00,20.045,18.045,22.5,18.02,3.2,30.889999,25.709999,77.0,13.0,5.004
2021-01-08 09:45:00+01:00,18.889999,19.559999,22.5,17.299999,4.2,31.029999,22.889999,69.0,13.0,5.016
2021-01-09 10:00:00+01:00,19.859999,19.725,22.5,17.940001,5.3,30.879999,22.24,83.0,12.0,5.004
2021-01-09 10:30:00+01:00,19.455,19.855,22.5,17.76,6.3,32.669998,22.25,77.5,13.0,5.004
2021-01-12 15:15:00+01:00,18.34,21.16,22.5,16.5,10.7,31.59,20.439999,49.0,12.0,5.052
2021-01-13 08:15:00+01:00,19.965,18.389999,22.5,17.9,3.6,34.779999,26.23,80.0,13.0,5.028
2021-01-13 08:30:00+01:00,20.15,19.15,22.5,18.119999,3.6,34.809998,25.35,80.0,12.0,5.028
2021-01-13 08:45:00+01:00,20.35,19.51,22.5,18.279999,5.6,34.700001,25.039999,80.0,12.0,5.004
2021-01-13 09:15:00+01:00,19.965,19.834999,22.5,17.68,5.6,34.41,24.42,75.0,12.0,5.016
2021-01-13 13:30:00+01:00,19.805,21.465,22.5,17.799999,13.6,35.139999,23.869999,38.0,12.0,5.004
2021-01-13 13:45:00+01:00,20.154999,21.664999,22.5,18.24,13.6,35.18,23.789999,38.0,12.0,5.004
2021-01-13 14:00:00+01:00,20.59,21.814999,22.5,18.559999,13.6,35.18,23.789999,42.5,12.0,5.016
2021-01-13 14:45:00+01:00,19.529999,21.795,22.5,18.1,12.6,36.959999,24.379999,47.0,13.0,5.004
2021-01-13 15:00:00+01:00,19.539999,21.76,22.5,17.719999,12.6,36.849998,24.539999,44.0,12.0,5.016
2021-01-13 15:15:00+01:00,19.244999,21.76,22.5,17.76,13.6,37.25,24.6,41.0,12.0,5.04
2021-01-13 15:30:00+01:00,19.43,21.805,22.5,17.42,13.6,37.239998,24.769999,42.5,14.0,5.004
2021-01-13 15:45:00+01:00,19.965,21.914999,22.5,17.66,13.6,36.559998,24.75,44.0,12.0,5.028
2021-01-13 17:00:00+01:00,19.33,21.475,22.5,17.84,14.6,37.57,25.529999,50.0,12.0,5.016
2021-01-13 17:45:00+01:00,19.66,21.23,22.5,17.84,10.6,38.889999,27.059999,57.0,13.0,5.004
2021-01-13 18:30:00+01:00,19.83,21.33,22.5,17.940001,10.6,38.209999,26.789999,57.0,12.0,5.004
2021-01-15 20:15:00+01:00,17.879999,21.195,22.5,16.039999,6.8,39.290001,26.059999,87.0,13.0,5.052
2021-01-16 06:45:00+01:00,19.795,18.684999,22.5,18.0,4.8,35.579998,27.4,93.0,12.0,5.004
2021-01-16 07:00:00+01:00,19.805,18.635,22.5,18.039999,3.8,35.739998,27.469999,89.5,14.0,5.004
2021-01-16 07:45:00+01:00,19.125,18.445,22.5,17.699999,2.8,35.939999,27.43,86.0,12.0,5.076
2021-01-16 08:30:00+01:00,19.275,19.33,22.5,17.42,2.8,35.700001,26.189999,83.0,13.0,5.016
2021-01-16 10:45:00+01:00,19.795,20.33,22.5,18.18,4.8,35.459999,25.199999,81.0,12.0,5.028
2021-01-16 11:00:00+01:00,19.975,20.404999,22.5,18.32,3.8,35.399998,25.15,78.0,12.0,5.04
2021-01-16 11:15:00+01:00,20.145,20.475,22.5,18.0,4.8,35.09,25.07,75.0,13.0,5.016
2021-01-16 11:30:00+01:00,20.15,20.525,22.5,18.0,5.8,35.130001,24.98,75.0,12.0,5.016
2021-01-16 23:15:00+01:00,18.459999,18.324999,22.5,16.539999,3.8,38.959999,29.5,93.0,13.0,5.016
2021-01-17 05:30:00+01:00,19.545,18.119999,22.5,17.76,3.8,36.790001,28.859999,86.0,13.0,5.004
2021-01-17 06:00:00+01:00,19.68,18.0,22.5,17.799999,3.8,36.349998,28.93,86.0,13.0,5.004
2021-01-17 09:15:00+01:00,19.295,17.85,22.5,17.299999,4.8,36.82,28.969999,86.0,13.0,5.004
2021-01-18 02:45:00+01:00,19.904999,17.16,22.5,17.799999,3.8,36.939999,31.549999,93.0,13.0,5.052
2021-01-18 03:45:00+01:00,20.23,17.279999,22.5,18.119999,2.8,35.860001,30.559999,86.0,13.0,5.004
2021-01-18 08:30:00+01:00,19.375,19.02,22.5,17.5,2.8,36.939999,27.98,89.5,14.0,5.04
2021-01-18 08:45:00+01:00,19.699999,19.09,22.5,17.9,2.8,36.68,27.939999,86.0,12.0,5.028
2021-01-18 09:30:00+01:00,19.404999,19.254999,22.5,17.66,2.8,36.860001,27.58,89.5,12.0,5.052
2021-01-18 15:45:00+01:00,19.754999,21.914999,22.5,17.9,11.8,33.380001,23.76,43.0,13.0,5.016
2021-01-19 07:15:00+01:00,18.98,18.385,22.5,17.299999,2.8,34.259998,25.43,86.0,13.0,5.016
2021-01-19 08:00:00+01:00,19.16,18.25,22.5,17.359999,2.8,34.329998,25.57,83.0,13.0,5.028
2021-01-19 08:15:00+01:00,19.305,18.555,22.5,17.18,2.8,34.139999,25.359999,80.0,12.0,5.016
2021-01-19 09:00:00+01:00,18.99,19.67,22.5,17.32,3.133333333,34.41,23.959999,80.0,12.0,5.004
2021-01-19 09:15:00+01:00,18.805,19.74,22.5,17.299999,3.466666667,34.599998,23.92,80.0,13.0,5.016
2021-01-19 10:15:00+01:00,19.35,20.039999,22.5,17.799999,3.8,34.48,24.26,70.0,13.0,5.064
2021-01-19 10:45:00+01:00,19.645,20.334999,22.5,18.059999,4.8,34.079998,23.98,60.0,12.0,5.076
2021-01-19 12:00:00+01:00,17.969999,20.574999,22.5,16.18,7.8,35.799999,23.76,51.0,12.0,5.016
2021-01-19 15:15:00+01:00,19.975,21.195,22.5,18.059999,10.8,34.0,22.9,46.0,12.0,5.028
2021-01-19 15:45:00+01:00,19.76,21.094999,22.5,18.059999,11.8,34.899998,23.519999,49.0,13.0,5.028
2021-01-19 16:00:00+01:00,19.955,21.064999,22.5,18.1,9.8,35.049999,23.799999,53.0,12.0,5.028
2021-01-19 16:30:00+01:00,19.844999,21.039999,22.5,17.84,9.8,35.610001,24.07,59.0,12.0,5.028
2021-01-19 17:15:00+01:00,19.545,20.924999,22.5,17.52,9.8,36.200001,24.689999,61.0,13.0,5.016
2021-01-19 17:30:00+01:00,19.225,20.865,22.5,17.6,9.8,36.84,24.969999,63.0,13.0,5.052
2021-01-19 19:45:00+01:00,18.67,20.98,22.5,16.859999,7.8,38.399998,25.65,70.0,14.0,5.004
2021-01-20 01:15:00+01:00,18.174999,18.965,22.5,16.34,4.8,35.349998,25.459999,75.0,12.0,5.004
2021-01-20 07:45:00+01:00,15.835,17.695,22.5,14.12,5.8,38.790001,26.84,80.0,12.0,5.028
2021-01-20 08:15:00+01:00,15.94,17.965,22.5,14.24,6.8,39.59,27.07,69.0,12.0,5.028
2021-01-20 08:30:00+01:00,16.219999,18.654999,22.5,14.46,6.8,39.540001,26.34,72.0,13.0,5.004
2021-01-20 09:00:00+01:00,16.559999,19.234999,22.5,14.86,6.8,38.579998,25.91,77.5,12.0,5.004
2021-01-20 11:00:00+01:00,17.035,20.074999,22.5,15.299999,8.8,38.939999,25.939999,65.0,12.0,5.004
2021-01-20 11:15:00+01:00,17.195,20.234999,22.5,15.46,9.8,38.48,25.699999,65.0,12.0,5.016
2021-01-20 13:00:00+01:00,18.48,20.879999,22.5,16.719999,12.8,35.799999,23.93,51.0,12.0,5.004
2021-01-20 13:15:00+01:00,18.76,21.029999,22.5,16.879999,12.8,35.450001,23.68,49.0,12.0,5.004
2021-01-20 13:30:00+01:00,19.35,21.189999,22.5,17.48,11.8,34.739998,23.5,53.0,12.0,5.028
2021-01-20 13:45:00+01:00,19.504999,21.289999,22.5,17.539999,11.7,33.889999,23.219999,57.0,13.0,5.004
2021-01-20 14:15:00+01:00,19.35,21.225,22.5,17.440001,14.7,34.450001,23.139999,57.0,13.0,5.004
2021-01-20 15:00:00+01:00,19.699999,21.16,22.5,17.76,13.6,34.599998,23.32,55.0,12.0,5.016
2021-01-20 15:15:00+01:00,20.025,21.24,22.5,18.1,12.6,35.219997,23.5,53.0,12.0,5.028
2021-01-20 15:30:00+01:00,20.209999,21.379999,22.5,18.34,12.6,34.969997,23.549999,55.0,13.0,5.004
2021-01-20 15:45:00+01:00,20.264999,21.459999,22.5,18.299999,11.6,34.549999,23.59,57.0,12.0,5.028
2021-01-20 16:30:00+01:00,19.594999,21.439999,22.5,17.699999,10.6,34.849998,23.699999,57.0,13.0,5.052
2021-01-20 16:45:00+01:00,19.504999,21.41,22.5,17.639999,9.6,35.040001,23.67,57.0,12.0,5.004
2021-01-20 17:00:00+01:00,19.395,21.42,22.5,17.559999,9.6,35.079998,23.549999,69.0,12.0,5.028
2021-01-20 17:15:00+01:00,19.41,21.51,22.5,17.539999,8.6,34.84,23.41,81.0,13.0,5.076
2021-01-20 18:00:00+01:00,19.225,21.389999,22.5,17.379999,8.6,34.599998,23.119999,87.0,12.0,5.004
2021-01-20 18:15:00+01:00,19.08,21.41,22.5,17.26,8.6,35.57,23.029999,87.0,12.0,5.004
2021-01-20 18:30:00+01:00,19.115,21.4,22.5,17.26,8.6,37.619999,23.389999,90.0,13.0,5.064
2021-01-20 18:45:00+01:00,18.93,21.344999,22.5,17.039999,8.6,39.110001,24.309999,93.0,12.0,5.028
2021-01-20 19:00:00+01:00,18.949999,21.279999,22.5,17.08,8.6,38.849998,25.0,93.0,12.0,5.1
2021-01-20 19:15:00+01:00,18.93,21.299999,22.5,17.1,8.6,37.700001,25.039999,93.0,14.0,5.04
2021-01-20 19:30:00+01:00,18.805,21.299999,22.5,16.959999,8.5,38.419998,25.119999,93.0,12.0,5.016
2021-01-20 19:45:00+01:00,18.6,21.34,22.5,16.76,8.5,39.899998,26.51,93.0,12.0,5.064
2021-01-20 20:15:00+01:00,18.529999,21.209999,22.5,16.76,8.5,40.509998,26.619999,93.0,12.0,5.028
2021-01-20 21:00:00+01:00,18.174999,20.645,22.5,16.379999,7.5,41.290001,27.68,93.0,12.0,5.004
2021-01-21 02:00:00+01:00,17.190001,19.07,22.5,15.46,5.4,44.389999,31.289999,100.0,12.0,5.04
2021-01-21 02:45:00+01:00,17.184999,18.914999,22.5,15.38,6.4,44.099998,31.639999,100.0,12.0,5.028
2021-01-21 07:45:00+01:00,16.41,18.174999,22.5,14.62,8.4,46.129997,33.360001,93.0,12.0,5.064
2021-01-21 08:00:00+01:00,16.42,18.129999,22.5,14.679999,8.4,45.889999,33.43,93.0,12.0,5.004
2021-01-21 08:30:00+01:00,16.664999,19.109999,22.5,14.88,8.4,45.169998,32.200001,93.0,12.0,5.016
2021-01-21 09:00:00+01:00,16.984999,19.549999,22.5,15.2,7.4,44.879997,31.449999,93.0,13.0,5.016
2021-01-21 10:00:00+01:00,17.414999,20.01,22.5,15.639999,7.4,43.93,31.25,90.0,12.0,5.004
2021-01-21 10:15:00+01:00,17.514999,20.119999,22.5,15.74,8.4,43.619999,31.039999,87.0,12.0,5.004
2021-01-21 11:00:00+01:00,17.795,20.525,22.5,15.98,8.4,44.16,31.059999,87.0,12.0,5.028
2021-01-21 11:15:00+01:00,17.895,20.605,22.5,16.119999,8.4,44.040001,31.059999,87.0,12.0,5.028
2021-01-21 12:15:00+01:00,18.17,20.945,22.5,16.34,9.4,43.739998,30.779999,81.0,13.0,5.052
2021-01-21 13:15:00+01:00,18.529999,21.314999,22.5,16.699999,10.4,43.27,30.49,81.0,12.0,5.016
2021-01-21 14:15:00+01:00,18.74,21.48,22.5,16.9,11.4,42.939999,29.949999,87.0,12.0,5.064
2021-01-21 14:30:00+01:00,18.77,21.469999,22.5,16.92,9.4,42.549999,30.0,87.0,12.0,5.028
2021-01-21 14:45:00+01:00,18.77,21.459999,22.5,16.92,10.4,42.68,29.92,87.0,13.0,5.016
2021-01-21 15:00:00+01:00,19.059999,21.445,22.5,17.199999,9.4,43.049999,30.15,87.0,12.0,5.076
2021-01-21 15:15:00+01:00,19.045,21.459999,22.5,17.199999,9.4,43.219997,30.269999,87.0,13.0,5.028
2021-01-21 15:30:00+01:00,18.93,21.459999,22.5,17.059999,9.4,43.16,30.59,87.0,12.0,5.196
2021-01-21 15:45:00+01:00,18.975,21.475,22.5,17.16,9.4,43.029999,30.67,87.0,12.0,5.004
2021-01-21 16:00:00+01:00,18.939999,21.48,22.5,17.039999,9.4,43.629997,30.59,90.0,12.0,5.04
2021-01-21 16:15:00+01:00,19.045,21.49,22.5,17.16,8.4,43.219997,30.83,93.0,13.0,5.004
2021-01-21 16:30:00+01:00,18.859999,21.529999,22.5,17.039999,8.4,43.209999,30.84,93.0,12.0,5.004
2021-01-21 16:45:00+01:00,18.82,21.549999,22.5,16.959999,9.4,43.349998,30.799999,93.0,13.0,5.04
2021-01-21 17:00:00+01:00,18.84,21.619999,22.5,16.959999,9.4,43.489998,30.689999,93.0,12.0,5.04
2021-01-21 17:15:00+01:00,19.01,21.65,22.5,17.16,8.4,43.459999,30.609999,93.0,12.0,5.064
2021-01-21 17:45:00+01:00,18.875,21.695,22.5,17.02,7.4,43.41,30.67,93.0,12.0,5.04
2021-01-21 18:00:00+01:00,18.924999,21.75,22.5,17.059999,7.4,43.579998,30.619999,93.0,13.0,5.016
2021-01-21 18:15:00+01:00,18.84,21.779999,22.5,17.0,7.4,44.129997,30.619999,93.0,12.0,5.004
2021-01-21 20:00:00+01:00,18.5,21.629999,22.5,16.68,8.4,44.169998,30.49,93.0,13.0,5.004
2021-01-21 20:30:00+01:00,18.539999,21.34,22.5,16.719999,7.4,44.689999,31.689999,96.5,14.0,5.016
2021-01-21 21:00:00+01:00,18.4,21.02,22.5,16.539999,7.4,45.039997,31.709999,100.0,12.0,5.028
2021-01-21 21:15:00+01:00,18.26,20.895,22.5,16.4,7.4,45.360001,31.849998,100.0,13.0,5.016
2021-01-21 21:45:00+01:00,18.105,20.635,22.5,16.34,6.4,45.57,32.23,100.0,12.0,5.016
2021-01-21 23:00:00+01:00,17.965,20.109999,22.5,16.16,6.4,45.779999,32.98,96.5,12.0,5.04
2021-01-21 23:15:00+01:00,17.904999,20.02,22.5,16.039999,7.4,45.91,33.110001,100.0,12.0,5.028
2021-01-21 23:30:00+01:00,17.844999,19.949999,22.5,16.02,7.4,46.289997,33.189999,96.5,13.0,5.004
2021-01-22 00:00:00+01:00,17.879999,19.789999,22.5,16.039999,7.4,45.969997,33.509998,93.0,12.0,5.004
2021-01-22 00:15:00+01:00,17.824999,19.719999,22.5,15.98,7.4,46.099998,33.59,93.0,14.0,5.016
2021-01-22 01:30:00+01:00,17.635,19.42,22.5,15.799999,7.4,46.689999,34.009998,93.0,13.0,5.004
2021-01-22 03:15:00+01:00,17.504999,19.129999,22.5,15.719999,7.4,46.639999,34.559998,100.0,13.0,5.028
2021-01-22 04:45:00+01:00,17.41,18.885,22.5,15.559999,7.4,47.369999,35.0,100.0,12.0,5.016
2021-01-22 05:30:00+01:00,17.264999,18.764999,22.5,15.44,7.4,47.279999,35.16,100.0,13.0,5.016
2021-01-22 05:45:00+01:00,17.225,18.725,22.5,15.42,7.4,47.610001,35.219997,100.0,12.0,5.028
2021-01-22 06:30:00+01:00,17.289999,18.654999,22.5,15.46,8.4,47.02,35.380001,96.5,12.0,5.016
2021-01-22 07:15:00+01:00,17.055,18.584999,22.5,15.24,8.4,47.329998,35.419998,100.0,12.0,5.004
2021-01-22 07:30:00+01:00,17.025,18.545,22.5,15.219999,8.4,47.369999,35.469997,100.0,14.0,5.052
2021-01-22 08:00:00+01:00,16.99,18.504999,22.5,15.16,7.4,48.52,35.59,100.0,13.0,5.1
2021-01-22 08:45:00+01:00,17.434999,19.705,22.5,15.599999,7.4,46.709999,33.98,100.0,12.0,5.004
2021-01-22 09:00:00+01:00,17.574999,19.879999,22.5,15.74,8.4,47.059998,33.809998,100.0,12.0,5.04
2021-01-22 09:15:00+01:00,17.744999,20.02,22.5,15.88,8.4,46.739998,33.719997,100.0,13.0,5.016
2021-01-22 09:45:00+01:00,17.975,20.23,22.5,16.139999,8.4,46.469997,34.09,100.0,13.0,5.064
2021-01-22 10:15:00+01:00,17.904999,20.475,22.5,16.08,7.4,46.629997,33.93,100.0,14.0,5.052
2021-01-22 10:30:00+01:00,17.975,20.605,22.5,16.139999,8.5,46.009998,33.799999,96.5,12.0,5.052
2021-01-22 10:45:00+01:00,18.094999,20.715,22.5,16.26,8.5,45.610001,33.719997,93.0,13.0,5.028
2021-01-22 11:00:00+01:00,18.174999,20.865,22.5,16.299999,8.4,45.98,33.540001,90.0,12.0,5.004
2021-01-22 11:15:00+01:00,18.41,20.975,22.5,16.58,8.4,45.579998,33.329998,87.0,12.0,5.028
2021-01-22 11:30:00+01:00,18.35,21.094999,22.5,16.52,9.4,45.389999,33.130001,90.0,13.0,5.028
2021-01-22 11:45:00+01:00,18.375,21.15,22.5,16.52,10.4,45.129997,33.040001,93.0,12.0,5.04
2021-01-22 12:00:00+01:00,18.6,21.209999,22.5,16.76,9.4,45.09,32.91,90.0,13.0,5.04
2021-01-22 12:15:00+01:00,18.51,21.24,22.5,16.619999,10.4,45.739998,32.91,87.0,12.0,5.04
2021-01-22 12:45:00+01:00,18.48,21.105,22.5,16.639999,10.4,45.41,33.200001,81.0,12.0,5.004
2021-01-22 13:00:00+01:00,18.48,21.164999,22.5,16.6,10.4,45.5,33.18,84.0,14.0,5.004
2021-01-22 13:15:00+01:00,18.51,21.205,22.5,16.619999,10.4,46.16,33.23,87.0,12.0,5.076
2021-01-22 13:30:00+01:00,18.57,21.23,22.5,16.699999,9.4,45.889999,33.27,87.0,12.0,5.004
2021-01-22 14:00:00+01:00,18.459999,21.24,22.5,16.58,9.4,45.379997,33.23,87.0,12.0,5.04
2021-01-22 14:15:00+01:00,18.539999,21.234999,22.5,16.66,8.4,46.279999,33.27,87.0,13.0,5.04
2021-01-22 14:30:00+01:00,18.59,21.209999,22.5,16.699999,7.4,46.129997,33.43,90.0,12.0,5.1
2021-01-22 14:45:00+01:00,18.629999,21.189999,22.5,16.82,6.4,45.599998,33.43,93.0,13.0,5.016
2021-01-22 15:00:00+01:00,18.629999,21.15,22.5,16.74,7.4,45.59,33.48,96.5,12.0,5.004
2021-01-22 15:15:00+01:00,18.59,21.125,22.5,16.68,7.4,46.110001,33.559998,100.0,13.0,5.016
2021-01-22 15:30:00+01:00,18.645,21.17,22.5,16.779999,7.4,46.379997,33.689999,96.5,12.0,5.088
2021-01-22 16:00:00+01:00,18.779999,21.32,22.5,16.92,7.4,45.84,33.779999,96.5,12.0,5.112
2021-01-22 16:15:00+01:00,18.695,21.27,22.5,16.799999,7.4,46.91,33.91,100.0,12.0,5.04
2021-01-22 16:30:00+01:00,18.695,21.289999,22.5,16.799999,6.4,46.779999,34.02,100.0,13.0,5.1
2021-01-22 16:45:00+01:00,18.690001,21.34,22.5,16.82,6.4,46.77,34.02,100.0,13.0,5.1
2021-01-22 17:00:00+01:00,18.52,21.359999,22.5,16.619999,6.4,46.75,34.130001,100.0,12.0,5.052
2021-01-22 17:15:00+01:00,18.52,21.35,22.5,16.639999,7.4,48.07,34.189999,100.0,13.0,5.052
2021-01-22 17:30:00+01:00,18.539999,21.34,22.5,16.66,7.4,47.939999,34.32,96.5,12.0,5.016
2021-01-22 17:45:00+01:00,18.469999,21.324999,22.5,16.6,7.4,47.879997,34.529999,93.0,13.0,5.064
2021-01-22 18:00:00+01:00,18.42,21.305,22.5,16.58,7.4,47.73,34.630001,93.0,12.0,5.052
2021-01-22 18:15:00+01:00,18.51,21.42,22.5,16.619999,6.4,47.709999,34.529999,93.0,14.0,5.052
2021-01-22 18:30:00+01:00,18.48,21.459999,22.5,16.6,6.4,47.959999,34.389999,93.0,12.0,5.088
2021-01-22 18:45:00+01:00,18.609999,21.389999,22.5,16.76,6.4,46.669998,34.219997,93.0,12.0,5.064
2021-01-22 19:00:00+01:00,18.6,21.369999,22.5,16.76,6.4,46.950001,34.09,96.5,13.0,5.124
2021-01-22 19:30:00+01:00,18.389999,21.33,22.5,16.5,6.4,47.200001,33.84,96.5,12.0,5.016
2021-01-22 20:30:00+01:00,18.27,21.115,22.5,16.4,5.4,46.149998,33.880001,93.0,12.0,5.028
2021-01-22 20:45:00+01:00,18.219999,21.064999,22.5,16.379999,4.4,45.639999,33.959999,93.0,12.0,5.016
2021-01-22 21:00:00+01:00,18.35,20.895,22.5,16.539999,4.4,44.939999,33.669998,96.5,14.0,5.04
2021-01-22 21:15:00+01:00,21.365,20.795,22.5,19.439999,5.4,41.169998,33.59,100.0,12.0,5.076
2021-01-22 21:30:00+01:00,21.494999,20.975,22.5,18.92,4.4,40.82,32.849998,100.0,13.0,5.148
2021-01-22 21:45:00+01:00,21.02,20.945,22.5,18.639999,4.4,41.040001,32.719997,100.0,12.0,5.088
2021-01-22 22:00:00+01:00,20.91,20.844999,22.5,18.559999,4.4,40.489998,32.549999,100.0,13.0,5.148
2021-01-22 22:15:00+01:00,20.49,20.654999,22.5,18.1,4.4,40.73,32.419998,100.0,13.0,5.04
2021-01-22 22:30:00+01:00,20.164999,20.504999,22.5,18.26,3.4,40.950001,32.349998,96.5,12.0,5.052
2021-01-22 22:45:00+01:00,19.74,20.359999,22.5,18.08,4.4,41.619999,32.360001,93.0,13.0,5.112
2021-01-22 23:00:00+01:00,19.07,20.254999,22.5,17.299999,5.4,43.059998,32.509998,96.5,14.0,5.112
2021-01-22 23:15:00+01:00,19.305,20.119999,22.5,17.359999,5.4,42.469997,32.68,100.0,12.0,5.04
2021-01-22 23:30:00+01:00,18.619999,20.035,22.5,16.68,5.4,43.360001,32.75,100.0,12.0,5.016
2021-01-22 23:45:00+01:00,17.695,19.914999,22.5,15.82,5.4,45.099998,32.899998,100.0,13.0,5.028
2021-01-23 00:00:00+01:00,17.494999,19.779999,22.5,15.66,5.4,45.700001,33.099998,100.0,12.0,5.004
2021-01-23 01:00:00+01:00,17.504999,19.475,22.5,15.679999,6.4,47.209999,33.969997,96.5,13.0,5.028
2021-01-23 03:00:00+01:00,17.264999,19.125,22.5,15.44,6.4,47.119999,34.619999,93.0,12.0,5.004
2021-01-23 03:30:00+01:00,17.275,19.049999,22.5,15.48,6.4,46.73,34.689999,93.0,12.0,5.004
2021-01-23 04:45:00+01:00,17.135,18.855,22.5,15.299999,6.4,46.689999,34.829998,93.0,12.0,5.004
2021-01-23 05:15:00+01:00,17.055,18.775,22.5,15.219999,8.4,46.73,34.84,93.0,12.0,5.004
2021-01-23 05:45:00+01:00,16.940001,18.695,22.5,15.12,8.4,46.16,34.790001,100.0,12.0,5.004
2021-01-23 06:30:00+01:00,16.855,18.574999,22.5,15.02,8.4,46.719997,34.82,96.5,13.0,5.016
2021-01-23 06:45:00+01:00,16.809999,18.545,22.5,15.02,8.4,46.610001,34.860001,100.0,13.0,5.028
2021-01-23 07:00:00+01:00,16.779999,18.514999,22.5,14.96,8.4,46.629997,34.880001,100.0,12.0,5.04
2021-01-23 07:15:00+01:00,16.66,18.469999,22.5,14.82,7.4,46.509998,34.880001,100.0,12.0,5.052
2021-01-23 07:30:00+01:00,16.690001,18.445,22.5,14.86,7.4,47.149998,34.939999,96.5,13.0,5.04
2021-01-23 07:45:00+01:00,16.744999,18.414999,22.5,14.88,7.4,46.759998,34.98,93.0,12.0,5.052
2021-01-23 08:00:00+01:00,16.709999,18.395,22.5,14.9,8.4,46.5,35.009998,93.0,12.0,5.04
2021-01-23 08:15:00+01:00,16.844999,18.645,22.5,15.02,8.4,46.16,34.82,93.0,13.0,5.064
2021-01-23 09:00:00+01:00,17.475,19.875,22.5,15.639999,8.4,45.389999,33.009998,96.5,13.0,5.16
2021-01-23 09:15:00+01:00,17.584999,19.889999,22.5,15.759999,8.4,44.919998,33.119999,93.0,12.0,5.004
2021-01-23 09:30:00+01:00,17.625,20.01,22.5,15.759999,8.4,45.149998,32.939999,93.0,13.0,5.004
2021-01-23 09:45:00+01:00,17.645,20.215,22.5,15.78,8.4,45.360001,32.57,93.0,12.0,5.076
2021-01-23 10:00:00+01:00,17.744999,20.289999,22.5,15.9,8.4,45.039997,32.419998,93.0,13.0,5.052
2021-01-23 10:30:00+01:00,18.02,20.375,22.5,16.119999,8.4,44.009998,32.079998,93.0,13.0,5.076
2021-01-23 10:45:00+01:00,17.994999,20.445,22.5,16.1,8.4,44.959999,32.07,93.0,12.0,5.064
2021-01-23 11:15:00+01:00,17.949999,20.484999,22.5,16.08,9.4,44.899998,32.16,81.0,12.0,5.04
2021-01-23 11:30:00+01:00,17.965,20.459999,22.5,16.08,9.4,44.93,32.259998,78.5,13.0,5.112
2021-01-23 11:45:00+01:00,17.940001,20.434999,22.5,16.039999,10.4,45.129997,32.299999,76.0,12.0,5.004
2021-01-23 12:00:00+01:00,17.965,20.445,22.5,16.1,10.4,44.84,32.299999,73.5,12.0,5.052
2021-01-23 12:30:00+01:00,18.440001,20.555,22.5,16.52,12.4,44.23,32.25,68.5,13.0,5.076
2021-01-23 12:45:00+01:00,18.635,20.484999,22.5,16.76,12.4,44.450001,32.349998,66.0,12.0,5.076
2021-01-23 13:00:00+01:00,18.82,20.355,22.5,16.879999,13.4,43.009998,32.5,60.0,13.0,5.052
2021-01-23 13:45:00+01:00,19.459999,20.314999,22.5,17.48,14.4,41.610001,31.949999,47.0,14.0,5.004
2021-01-23 14:00:00+01:00,19.514999,20.4,22.5,17.559999,14.4,41.709999,31.789999,44.0,12.0,5.076
2021-01-23 14:15:00+01:00,20.084999,20.445,22.5,18.1,14.4,40.0,31.59,41.0,13.0,5.028
2021-01-23 14:30:00+01:00,20.314999,20.504999,22.5,18.279999,15.4,39.969997,31.439999,44.0,12.0,5.04
2021-01-23 14:45:00+01:00,20.314999,20.57,22.5,18.279999,13.4,39.509998,31.059999,47.0,13.0,5.076
2021-01-23 15:00:00+01:00,20.42,20.484999,22.5,18.379999,15.4,38.389999,30.809999,50.5,12.0,5.196
2021-01-23 15:15:00+01:00,20.074999,20.404999,22.5,18.02,16.4,40.099998,30.83,54.0,13.0,5.076
2021-01-23 15:30:00+01:00,19.369999,20.32,22.5,17.32,15.4,40.129997,30.83,60.0,13.0,5.1
2021-01-23 15:45:00+01:00,19.59,20.195,22.5,17.719999,14.4,40.129997,30.959999,66.0,12.0,5.1
2021-01-23 16:00:00+01:00,19.65,20.129999,22.5,17.619999,16.4,38.0,30.549999,66.0,14.0,5.148
2021-01-23 16:15:00+01:00,19.664999,20.039999,22.5,17.279999,14.4,36.149998,29.629999,66.0,12.0,5.064
2021-01-23 16:45:00+01:00,19.43,19.91,22.5,17.279999,14.4,36.969997,28.91,76.0,12.0,5.04
2021-01-23 17:00:00+01:00,19.57,19.865,22.5,17.76,13.4,37.879997,28.949999,73.5,13.0,5.04
2021-01-23 17:15:00+01:00,19.715,19.824999,22.5,17.76,12.4,37.639999,29.059999,71.0,12.0,5.04
2021-01-23 17:30:00+01:00,19.539999,19.74,22.5,17.58,12.4,41.369999,29.869999,73.5,12.0,5.016
2021-01-23 17:45:00+01:00,19.605,19.73,22.5,17.58,10.4,42.099998,31.059999,76.0,13.0,5.052
2021-01-23 18:00:00+01:00,19.529999,19.705,22.5,17.52,10.4,42.02,31.689999,76.0,12.0,5.016
2021-01-23 18:15:00+01:00,19.504999,19.66,22.5,17.52,10.4,42.0,32.130001,76.0,13.0,5.004
2021-01-23 18:30:00+01:00,19.379999,19.619999,22.5,17.4,10.4,42.66,32.450001,76.0,14.0,5.076
2021-01-23 18:45:00+01:00,19.264999,19.555,22.5,17.26,9.4,42.959999,32.779999,76.0,12.0,5.004
2021-01-23 19:15:00+01:00,19.07,19.459999,22.5,17.08,9.4,43.27,33.299999,76.0,12.0,5.016
2021-01-23 19:30:00+01:00,19.0,19.414999,22.5,17.039999,9.4,43.25,33.549999,78.5,13.0,5.028
2021-01-23 20:00:00+01:00,18.939999,19.32,22.5,16.959999,9.4,42.540001,33.290001,78.5,12.0,5.064
2021-01-23 20:45:00+01:00,18.59,19.234999,22.5,16.66,8.4,43.5,33.579998,87.0,13.0,5.052
2021-01-23 21:00:00+01:00,18.49,19.234999,22.5,16.52,8.4,43.629997,33.68,84.0,12.0,5.016
2021-01-23 21:30:00+01:00,18.389999,19.09,22.5,16.48,8.4,44.200001,33.899998,84.0,12.0,5.028
2021-01-23 22:00:00+01:00,18.26,19.014999,22.5,16.34,8.4,44.860001,34.259998,84.0,12.0,5.052
2021-01-23 22:15:00+01:00,18.264999,18.98,22.5,16.32,8.4,45.360001,34.459999,81.0,12.0,5.004
2021-01-23 23:15:00+01:00,18.07,18.844999,22.5,16.16,8.4,46.200001,35.290001,81.0,12.0,5.052
2021-01-23 23:30:00+01:00,17.959999,18.805,22.5,16.039999,8.4,45.23,35.16,84.0,13.0,5.052
2021-01-24 00:30:00+01:00,17.695,18.645,22.5,15.82,7.4,44.169998,34.459999,81.0,12.0,5.016
2021-01-24 01:45:00+01:00,17.385,18.445,22.5,15.52,6.4,45.139999,34.290001,87.0,12.0,5.04
2021-01-24 02:00:00+01:00,17.289999,18.404999,22.5,15.46,6.4,45.969997,34.509998,84.0,13.0,5.028
2021-01-24 03:45:00+01:00,16.93,18.174999,22.5,15.099999,5.4,44.649998,34.77,81.0,13.0,5.016
2021-01-24 04:30:00+01:00,16.959999,18.094999,22.5,15.16,5.4,44.329998,34.25,84.0,13.0,5.028
2021-01-24 05:45:00+01:00,16.934999,17.994999,22.5,15.08,5.4,44.349998,34.009998,87.0,12.0,5.004
2021-01-24 06:15:00+01:00,16.889999,17.93,22.5,15.059999,6.4,44.389999,34.07,87.0,12.0,5.052
2021-01-24 07:00:00+01:00,16.779999,17.85,22.5,14.96,6.4,44.139999,34.02,87.0,12.0,5.028
2021-01-24 07:15:00+01:00,16.719999,17.85,22.5,14.92,5.4,44.5,34.009998,87.0,13.0,5.088
2021-01-24 07:30:00+01:00,16.629999,17.815001,22.5,14.759999,7.4,45.169998,34.059998,87.0,12.0,5.004
2021-01-24 08:30:00+01:00,16.289999,17.68,22.5,14.5,6.4,45.23,34.369999,90.0,13.0,5.016
2021-01-24 09:00:00+01:00,16.26,17.629999,22.5,14.46,6.4,44.869999,34.299999,90.0,12.0,5.064
2021-01-24 09:30:00+01:00,16.26,17.58,22.5,14.44,6.4,45.399998,34.299999,90.0,13.0,5.016
2021-01-24 11:15:00+01:00,17.209999,17.65,22.5,15.36,10.4,44.57,34.689999,71.0,13.0,5.028
2021-01-24 12:15:00+01:00,17.875,17.85,22.5,15.98,13.4,45.139999,35.52,66.0,12.0,5.052
2021-01-24 12:30:00+01:00,17.949999,17.904999,22.5,16.0,13.4,45.149998,35.619999,64.0,13.0,5.028
2021-01-24 12:45:00+01:00,18.08,17.940001,22.5,16.139999,13.4,45.149998,35.639999,62.0,12.0,5.028
2021-01-24 13:00:00+01:00,18.365,18.0,22.5,16.4,14.4,44.539997,35.719997,62.0,14.0,5.028
2021-01-24 13:15:00+01:00,18.164999,18.065001,22.5,16.199999,14.4,45.0,35.790001,62.0,12.0,5.028
2021-01-24 14:00:00+01:00,18.645,18.219999,22.5,16.719999,13.4,44.509998,35.98,58.0,13.0,5.04
2021-01-24 14:15:00+01:00,18.84,18.27,22.5,16.879999,14.4,44.23,36.009998,58.0,12.0,5.028
2021-01-24 14:30:00+01:00,18.809999,18.34,22.5,16.859999,14.4,44.529999,35.849998,52.5,12.0,5.052
2021-01-24 14:45:00+01:00,18.84,18.395,22.5,16.879999,14.4,43.75,35.66,47.0,13.0,5.04
2021-01-24 15:00:00+01:00,18.959999,18.445,22.5,16.98,14.4,43.559998,35.529999,47.0,12.0,5.04
2021-01-24 15:15:00+01:00,19.23,18.494999,22.5,17.199999,14.4,43.75,35.59,47.0,13.0,5.016
2021-01-24 15:30:00+01:00,19.295,18.545,22.5,17.299999,14.4,43.48,35.649998,45.5,14.0,5.052
2021-01-24 15:45:00+01:00,19.404999,18.559999,22.5,17.4,14.4,43.629997,35.68,44.0,12.0,5.112
2021-01-24 16:15:00+01:00,19.445,18.594999,22.5,17.379999,14.4,43.189999,35.579998,47.0,12.0,5.064
2021-01-24 16:30:00+01:00,19.34,18.574999,22.5,17.32,14.4,42.509998,35.41,48.5,12.0,5.04
2021-01-24 16:45:00+01:00,19.24,18.535,22.5,17.24,13.4,42.0,35.07,50.0,13.0,5.064
2021-01-24 17:00:00+01:00,19.209999,18.5,22.5,17.199999,13.4,41.869999,34.669998,51.5,12.0,5.016
2021-01-24 17:30:00+01:00,18.959999,18.424999,22.5,16.940001,12.4,42.669998,35.07,53.0,12.0,5.052
2021-01-24 17:45:00+01:00,18.65,18.375,22.5,16.68,11.4,43.09,35.09,53.0,13.0,5.004
2021-01-24 18:00:00+01:00,18.49,18.32,22.5,16.5,10.4,43.110001,35.049999,55.0,12.0,5.052
2021-01-24 20:15:00+01:00,18.08,17.940001,22.5,16.139999,9.4,32.09,28.619999,49.0,12.0,5.052
2021-01-24 20:30:00+01:00,18.094999,17.92,22.5,16.16,9.4,29.76,27.0,54.5,13.0,5.004
2021-01-24 21:00:00+01:00,18.08,17.869999,22.5,16.139999,9.4,27.789999,24.609999,52.5,13.0,5.016
2021-01-24 21:15:00+01:00,18.094999,17.85,22.5,16.16,9.4,27.57,23.709999,45.0,12.0,5.04
2021-01-24 21:45:00+01:00,18.02,17.809999,22.5,16.039999,9.4,27.299999,22.51,31.0,14.0,5.016
2021-01-24 22:45:00+01:00,17.795,17.734999,22.5,15.86,9.4,29.179998,22.23,48.0,13.0,5.04
2021-01-24 23:15:00+01:00,17.654999,17.67,22.5,15.719999,8.4,31.209999,23.0,48.0,12.0,5.04
2021-01-24 23:45:00+01:00,17.504999,17.629999,22.5,15.559999,8.4,32.73,23.83,56.0,12.0,5.004
2021-01-25 00:15:00+01:00,17.385,17.58,22.5,15.48,8.4,33.389999,24.35,56.0,12.0,5.052
2021-01-25 00:45:00+01:00,17.334999,17.525,22.5,15.44,8.4,34.669998,25.049999,56.0,12.0,5.004
2021-01-25 01:45:00+01:00,17.225,17.469999,22.5,15.339999,8.4,36.559998,26.769999,56.0,13.0,5.028
2021-01-25 03:00:00+01:00,17.119999,17.389999,22.5,15.2,8.4,36.41,26.639999,56.0,13.0,5.04
2021-01-25 04:00:00+01:00,16.844999,17.289999,22.5,14.98,7.4,36.639999,27.189999,60.5,14.0,5.016
2021-01-25 04:15:00+01:00,16.82,17.26,22.5,14.96,7.4,36.279999,27.189999,65.0,12.0,5.004
2021-01-25 04:30:00+01:00,16.789999,17.234999,22.5,14.88,7.4,35.880001,27.029999,65.0,13.0,5.004
2021-01-25 05:45:00+01:00,16.629999,17.139999,22.5,14.78,7.4,35.639999,26.42,70.0,13.0,5.016
2021-01-25 07:15:00+01:00,16.199999,17.26,22.5,14.4,6.3,36.73,26.629999,60.0,12.0,5.052
2021-01-25 08:00:00+01:00,16.889999,18.584999,22.5,15.08,5.3,36.66,25.359999,75.0,13.0,5.004
2021-01-25 08:15:00+01:00,16.92,18.754999,22.5,15.08,6.3,36.630001,25.25,75.0,12.0,5.052
2021-01-25 08:30:00+01:00,16.984999,18.895,22.5,15.16,6.3,36.73,25.26,72.5,13.0,5.016
2021-01-25 08:45:00+01:00,16.969999,19.025,22.5,15.08,6.3,38.129997,25.459999,70.0,12.0,5.052
2021-01-25 09:15:00+01:00,16.879999,19.234999,22.5,15.099999,6.3,39.09,26.059999,70.0,12.0,5.052
2021-01-25 09:30:00+01:00,16.904999,19.24,22.5,15.08,6.3,39.09,26.379999,67.5,12.0,5.04
2021-01-25 09:45:00+01:00,17.055,19.254999,22.5,15.219999,7.3,39.059998,27.029999,65.0,14.0,5.016
2021-01-25 10:00:00+01:00,17.190001,19.475,22.5,15.4,7.3,38.82,26.869999,61.0,12.0,5.052
2021-01-25 10:15:00+01:00,17.315001,19.68,22.5,15.52,7.3,38.969997,26.809999,57.0,13.0,5.064
2021-01-25 10:30:00+01:00,17.334999,19.889999,22.5,15.54,7.3,38.459999,27.019999,59.0,12.0,5.028
2021-01-25 10:45:00+01:00,17.535,20.084999,22.5,15.74,8.3,37.639999,26.709999,61.0,13.0,5.076
2021-01-25 11:00:00+01:00,17.865,20.285,22.5,16.039999,8.3,36.93,26.23,53.5,13.0,5.088
2021-01-25 11:15:00+01:00,18.164999,20.494999,22.5,16.359999,9.3,36.43,25.73,46.0,12.0,5.028
2021-01-25 11:30:00+01:00,18.535,20.734999,22.5,16.639999,9.3,36.169998,25.43,44.5,13.0,5.124
2021-01-25 11:45:00+01:00,18.799999,20.924999,22.5,16.92,9.3,35.649998,25.289999,43.0,12.0,5.088
2021-01-25 12:00:00+01:00,19.055,21.094999,22.5,17.16,11.3,35.239998,24.629999,41.5,14.0,5.1
2021-01-25 12:15:00+01:00,19.314999,21.34,22.5,17.379999,12.3,34.790001,24.26,40.0,12.0,5.028
2021-01-25 12:30:00+01:00,19.574999,21.42,22.5,17.68,12.3,34.48,24.189999,37.0,13.0,5.076
2021-01-25 12:45:00+01:00,19.975,21.559999,22.5,18.0,12.3,33.869999,23.969999,34.0,12.0,5.1
2021-01-25 13:15:00+01:00,19.975,21.895,22.5,18.059999,14.3,33.739998,23.519999,25.0,12.0,5.064
2021-01-25 13:30:00+01:00,20.205,22.014999,22.5,18.199999,14.3,33.27,23.379999,21.0,13.0,5.088
2021-01-25 13:45:00+01:00,20.465,22.045,22.5,18.539999,14.3,33.110001,23.139999,17.0,12.0,5.1
2021-01-25 14:00:00+01:00,19.955,22.014999,22.5,17.98,15.3,34.130001,23.449999,17.0,13.0,5.016
2021-01-25 14:15:00+01:00,19.975,21.949999,22.5,17.619999,14.3,32.630001,23.4,17.0,12.0,5.064
2021-01-25 14:30:00+01:00,20.004999,21.924999,22.5,17.959999,14.3,31.559999,22.93,17.0,14.0,5.1
2021-01-25 14:45:00+01:00,19.555,21.895,22.5,18.0,14.3,31.08,22.379999,17.0,12.0,5.088
2021-01-25 15:00:00+01:00,19.975,21.875,22.5,17.6,13.3,26.01,21.029999,16.5,13.0,5.076
2021-01-25 15:15:00+01:00,19.68,21.924999,22.5,17.559999,12.3,25.99,19.99,16.0,13.0,5.1
2021-01-25 15:30:00+01:00,19.975,22.029999,22.5,18.02,12.3,25.379999,19.09,16.5,12.0,5.028
2021-01-25 15:45:00+01:00,19.955,22.135,22.5,18.119999,12.3,25.389999,18.58,17.0,13.0,5.1
2021-01-25 16:00:00+01:00,19.754999,22.15,22.5,18.119999,12.3,25.18,18.109999,18.0,13.0,5.124
2021-01-25 16:15:00+01:00,19.539999,22.195,22.5,18.02,12.3,25.019999,17.609999,19.0,12.0,5.124
2021-01-25 16:45:00+01:00,19.535,22.234999,22.5,17.699999,12.3,24.949999,17.09,17.0,13.0,5.124
2021-01-25 17:00:00+01:00,19.635,22.145,22.5,17.799999,11.3,24.949999,17.16,20.0,12.0,5.052
2021-01-25 17:15:00+01:00,19.414999,22.084999,22.5,18.0,11.3,24.85,16.959999,23.0,13.0,5.064
2021-01-25 17:30:00+01:00,19.975,22.074999,22.5,17.74,11.3,24.539999,16.92,22.0,12.0,5.064
2021-01-25 17:45:00+01:00,19.674999,22.1,22.5,17.82,10.3,24.84,16.799999,21.0,13.0,5.016
2021-01-25 18:00:00+01:00,19.965,22.07,22.5,17.699999,9.3,24.65,16.639999,24.0,12.0,5.04
2021-01-25 18:15:00+01:00,19.805,22.014999,22.5,17.92,9.3,25.16,16.639999,27.0,13.0,5.112
2021-01-25 18:30:00+01:00,19.805,21.949999,22.5,17.699999,9.3,25.139999,16.67,29.0,12.0,5.076
2021-01-25 18:45:00+01:00,19.494999,21.955,22.5,17.639999,9.3,25.689999,16.469999,31.0,14.0,5.028
2021-01-25 19:00:00+01:00,19.455,21.955,22.5,17.58,8.3,25.65,16.51,31.0,13.0,5.064
2021-01-25 19:15:00+01:00,19.605,21.83,22.5,17.74,8.3,25.43,16.67,31.0,12.0,5.028
2021-01-25 19:30:00+01:00,19.609999,21.76,22.5,17.66,8.3,25.459999,16.66,30.0,12.0,5.004
2021-01-25 19:45:00+01:00,19.564999,21.77,22.5,17.639999,8.3,25.539999,16.58,29.0,13.0,5.04
2021-01-25 20:15:00+01:00,19.555,21.779999,22.5,17.6,8.3,25.42,16.369999,41.0,13.0,5.004
2021-01-25 20:45:00+01:00,19.279999,21.484999,22.5,17.379999,8.3,25.469999,16.51,31.0,13.0,5.028
2021-01-25 21:15:00+01:00,19.08,21.17,22.5,17.16,8.3,25.539999,16.66,44.0,14.0,5.016
2021-01-25 21:30:00+01:00,18.99,20.975,22.5,17.1,8.3,25.209999,16.4,42.5,12.0,5.076
2021-01-25 22:00:00+01:00,18.904999,20.805,22.5,16.98,8.3,25.359999,16.15,39.5,12.0,5.016
2021-01-25 22:30:00+01:00,18.799999,20.414999,22.5,16.9,8.3,25.32,16.35,39.5,13.0,5.016
2021-01-25 23:15:00+01:00,18.635,20.064999,22.5,16.719999,8.3,25.549999,16.42,48.0,12.0,5.016
2021-01-25 23:30:00+01:00,18.59,19.975,22.5,16.68,7.3,25.699999,16.5,44.5,12.0,5.028
2021-01-26 01:30:00+01:00,17.565001,19.254999,22.5,15.759999,6.3,27.99,17.52,37.5,13.0,5.016
2021-01-26 02:15:00+01:00,17.625,19.17,22.5,15.799999,8.3,26.76,17.549999,38.0,12.0,5.028
2021-01-26 04:30:00+01:00,17.27,18.674999,22.5,15.42,7.3,27.299999,17.77,53.0,12.0,5.004
2021-01-26 05:30:00+01:00,16.834999,18.484999,22.5,15.02,6.3,29.59,18.139999,47.5,12.0,5.028
2021-01-26 07:15:00+01:00,18.125,18.424999,22.5,16.119999,6.3,29.48,19.369999,55.0,12.0,5.028
2021-01-26 09:00:00+01:00,16.289999,19.389999,22.5,14.559999,5.3,31.699999,19.01,53.0,12.0,5.004
2021-01-26 09:30:00+01:00,16.26,19.584999,22.5,14.559999,5.3,32.360001,19.049999,51.5,13.0,5.028
2021-01-26 11:30:00+01:00,17.83,20.674999,22.5,16.059999,9.3,28.66,18.08,30.0,14.0,5.004
2021-01-26 11:45:00+01:00,18.15,20.939999,22.5,16.379999,10.3,28.219999,17.85,29.0,12.0,5.016
2021-01-26 12:00:00+01:00,18.389999,21.109999,22.5,16.58,11.3,27.41,17.440001,28.0,12.0,5.016
2021-01-26 12:15:00+01:00,18.625,21.289999,22.5,16.779999,11.3,26.76,17.209999,27.0,13.0,5.016
2021-01-26 12:30:00+01:00,18.775,21.344999,22.5,16.98,12.3,26.389999,16.91,27.0,12.0,5.016
2021-01-26 12:45:00+01:00,18.98,21.369999,22.5,17.119999,12.3,26.83,16.75,27.0,13.0,5.064
2021-01-26 13:30:00+01:00,19.535,21.65,22.5,17.639999,13.3,25.459999,15.9,26.0,12.0,5.028
2021-01-26 14:00:00+01:00,19.975,21.76,22.5,18.08,13.3,25.459999,15.78,27.0,13.0,5.064
2021-01-26 14:15:00+01:00,20.225,21.82,22.5,18.299999,14.3,24.98,15.549999,25.0,12.0,5.088
2021-01-26 14:30:00+01:00,20.32,21.865,22.5,18.42,14.3,24.689999,15.53,26.0,14.0,5.016
2021-01-26 14:45:00+01:00,20.145,21.945,22.5,18.16,14.3,24.559999,15.36,27.0,13.0,5.028
2021-01-26 15:15:00+01:00,19.785,21.975,22.5,18.039999,14.3,24.449999,14.969999,27.0,13.0,5.04
2021-01-26 15:30:00+01:00,19.785,22.004999,22.5,18.119999,14.3,25.379999,15.13,26.0,12.0,5.028
2021-01-26 15:45:00+01:00,19.969999,22.014999,22.5,18.059999,14.3,24.1,15.17,25.0,13.0,5.016
2021-01-26 16:00:00+01:00,19.934999,22.014999,22.5,17.940001,14.3,23.58,14.9,25.0,12.0,5.04
2021-01-26 16:15:00+01:00,19.754999,22.014999,22.5,17.719999,13.3,24.92,14.94,25.0,13.0,5.064
2021-01-26 16:30:00+01:00,19.74,22.014999,22.5,17.539999,13.3,26.359999,15.219999,27.0,12.0,5.004
2021-01-26 16:45:00+01:00,19.955,22.014999,22.5,18.139999,13.3,26.529999,15.65,29.0,12.0,5.052
2021-01-26 17:00:00+01:00,19.73,21.945,22.5,18.0,13.3,25.969999,15.799999,30.0,14.0,5.028
2021-01-26 17:15:00+01:00,19.66,21.904999,22.5,17.52,12.3,26.65,16.039999,31.0,12.0,5.04
2021-01-26 17:30:00+01:00,19.66,21.834999,22.5,17.5,12.3,26.849998,16.219999,33.5,13.0,5.136
2021-01-26 17:45:00+01:00,19.574999,21.779999,22.5,17.440001,11.3,27.23,16.369999,36.0,13.0,5.064
2021-01-26 18:00:00+01:00,19.57,21.779999,22.5,17.699999,10.3,27.49,16.779999,36.0,12.0,5.016
2021-01-26 18:30:00+01:00,19.309999,21.629999,22.5,16.92,9.3,28.01,17.039999,38.5,12.0,5.004
2021-01-26 19:15:00+01:00,19.494999,21.744999,22.5,17.619999,8.3,28.439999,17.01,39.0,13.0,5.04
2021-01-26 20:15:00+01:00,19.139999,21.459999,22.5,17.26,8.3,29.08,17.27,45.0,12.0,5.028
2021-01-26 20:30:00+01:00,19.045,21.344999,22.5,17.18,7.3,29.199999,17.34,46.5,13.0,5.01
2021-01-27 00:45:00+01:00,17.455,19.549999,22.5,15.679999,4.3,29.629999,18.17,55.0,12.0,5.016
2021-01-27 05:45:00+01:00,17.535,18.654999,22.5,15.639999,5.3,32.279999,20.049999,60.0,13.0,5.004
2021-01-27 07:15:00+01:00,15.99,18.27,22.5,14.24,5.3,34.709999,21.25,64.0,13.0,5.004
2021-01-27 07:45:00+01:00,15.87,18.190001,22.5,14.139999,5.3,35.41,21.719999,60.0,14.0,5.208
2021-01-27 08:00:00+01:00,16.190001,18.139999,22.5,14.5,4.3,34.669998,21.809999,60.0,12.0,5.04
2021-01-27 08:15:00+01:00,17.605,18.445,22.5,16.379999,4.3,33.759998,21.799999,60.0,12.0,5.1
2021-01-27 08:30:00+01:00,20.154999,19.32,22.5,18.18,4.3,30.939999,20.99,60.0,13.0,5.064
2021-01-27 08:45:00+01:00,20.77,19.949999,22.5,18.699999,4.3,30.199999,20.359999,60.0,12.0,5.076
2021-01-27 09:00:00+01:00,21.07,20.264999,22.5,19.02,4.3,29.689999,20.02,58.0,13.0,5.1
2021-01-27 09:15:00+01:00,19.414999,20.355,22.5,17.779999,4.3,31.23,19.9,56.0,12.0,5.016
2021-01-27 09:30:00+01:00,19.539999,20.295,22.5,17.98,5.3,31.279999,20.029999,54.0,13.0,5.004
2021-01-27 09:45:00+01:00,19.26,20.305,22.5,17.6,5.3,31.549999,20.539999,52.0,13.0,5.016
2021-01-27 10:00:00+01:00,19.07,20.465,22.5,17.08,6.3,33.290001,20.779999,50.0,12.0,5.028
2021-01-27 11:15:00+01:00,17.555,20.93,22.5,15.78,8.3,34.779999,21.57,42.0,12.0,5.004
2021-01-27 11:30:00+01:00,17.764999,21.16,22.5,16.039999,9.3,33.860001,21.42,40.5,12.0,5.004
2021-01-27 12:00:00+01:00,18.355,21.34,22.5,16.52,11.3,33.029999,20.859999,39.0,12.0,5.004
2021-01-27 12:45:00+01:00,19.045,21.76,22.5,17.16,13.3,31.879999,20.369999,42.0,12.0,5.016
2021-01-27 13:00:00+01:00,19.26,21.785,22.5,17.359999,13.3,30.57,20.02,40.5,13.0,5.016
2021-01-27 13:15:00+01:00,19.504999,21.795,22.5,17.58,14.3,29.549999,19.689999,39.0,12.0,5.052
2021-01-27 13:30:00+01:00,19.58,21.805,22.5,17.699999,14.3,29.549999,19.27,36.5,14.0,5.028
2021-01-27 13:45:00+01:00,19.785,21.83,22.5,17.84,14.3,29.08,18.879999,34.0,12.0,5.04
2021-01-27 14:30:00+01:00,20.1,22.014999,22.5,18.18,14.3,28.73,17.91,38.0,13.0,5.028
2021-01-27 14:45:00+01:00,20.025,22.014999,22.5,18.139999,14.3,29.549999,18.029999,39.0,12.0,5.04
2021-01-27 15:15:00+01:00,19.785,21.994999,22.5,17.68,15.3,29.369999,18.49,42.0,12.0,5.076
2021-01-27 15:30:00+01:00,19.609999,22.125,22.5,17.66,13.3,29.65,18.35,42.0,12.0,5.028
2021-01-27 15:45:00+01:00,19.754999,22.1,22.5,17.539999,12.3,30.119999,18.619999,42.0,13.0,5.016
2021-01-27 16:00:00+01:00,19.969999,22.09,22.5,17.82,12.3,29.65,18.58,44.0,12.0,5.016
2021-01-27 16:15:00+01:00,19.764999,22.014999,22.5,17.859999,11.3,29.65,18.619999,46.0,14.0,5.136
2021-01-27 16:30:00+01:00,19.615,22.004999,22.5,17.359999,11.3,30.119999,18.67,45.5,13.0,5.076
2021-01-27 16:45:00+01:00,19.674999,21.994999,22.5,17.879999,11.3,30.5,18.690001,45.0,12.0,5.052
2021-01-27 17:00:00+01:00,19.615,21.975,22.5,17.299999,10.3,31.279999,18.889999,47.0,13.0,5.052
2021-01-27 17:30:00+01:00,19.225,21.865,22.5,17.74,10.3,33.380001,19.709999,49.0,13.0,5.04
2021-01-27 17:45:00+01:00,19.6,21.875,22.5,17.699999,9.3,32.68,20.119999,49.0,12.0,5.064
2021-01-27 18:00:00+01:00,19.635,21.934999,22.5,17.74,9.3,32.52,20.119999,50.5,13.0,5.016
2021-01-27 18:15:00+01:00,19.525,21.924999,22.5,17.6,8.3,32.119999,20.279999,52.0,12.0,5.04
2021-01-27 18:30:00+01:00,19.424999,21.795,22.5,17.559999,7.3,31.99,20.26,50.5,12.0,5.064
2021-01-27 18:45:00+01:00,19.25,21.709999,22.5,17.32,7.3,31.549999,20.059999,49.0,14.0,5.004
2021-01-27 19:00:00+01:00,19.189999,21.709999,22.5,17.299999,7.3,30.9,19.67,52.5,12.0,5.004
2021-01-27 19:15:00+01:00,18.949999,21.66,22.5,17.059999,7.3,31.01,19.469999,56.0,13.0,5.052
2021-01-27 20:30:00+01:00,18.59,21.344999,22.5,16.76,7.3,32.360001,19.4,56.0,13.0,5.004
2021-01-27 21:15:00+01:00,18.459999,20.975,22.5,16.6,6.3,33.389999,20.51,60.0,13.0,5.016
2021-01-27 21:45:00+01:00,18.26,20.895,22.5,16.48,7.3,33.799999,20.43,60.0,14.0,5.064
2021-01-27 22:00:00+01:00,18.23,20.74,22.5,16.4,6.3,33.829998,20.639999,60.0,12.0,5.028
2021-01-27 23:30:00+01:00,17.885,20.02,22.5,16.039999,6.3,34.049999,21.34,67.0,12.0,5.004
2021-01-28 01:15:00+01:00,17.440001,19.539999,22.5,15.62,6.3,34.27,21.799999,69.0,14.0,5.016
2021-01-28 02:00:00+01:00,17.275,19.33,22.5,15.48,6.3,34.389999,21.699999,69.0,13.0,5.004
2021-01-28 03:15:00+01:00,17.135,19.125,22.5,15.299999,6.3,35.139999,22.309999,75.0,12.0,5.064
2021-01-28 04:15:00+01:00,18.859999,18.959999,22.5,17.18,4.3,32.84,22.23,74.0,13.0,5.04
2021-01-28 04:30:00+01:00,19.5,19.1,22.5,17.5,4.3,32.23,22.07,71.5,12.0,5.004
2021-01-28 08:00:00+01:00,15.82,18.324999,22.5,14.12,5.3,37.75,23.879999,77.0,13.0,5.016
2021-01-28 08:45:00+01:00,16.219999,19.43,22.5,14.48,6.3,37.860001,23.17,75.0,12.0,5.028
2021-01-28 09:00:00+01:00,16.359999,19.6,22.5,14.7,6.3,37.489998,22.99,77.5,12.0,5.028
2021-01-28 09:15:00+01:00,16.539999,19.74,22.5,14.799999,5.3,36.869999,22.83,80.0,13.0,5.04
2021-01-28 09:30:00+01:00,16.76,19.82,22.5,15.059999,6.3,36.439999,22.879999,75.0,12.0,5.016
2021-01-28 09:45:00+01:00,16.904999,19.949999,22.5,15.16,5.3,36.27,22.769999,70.0,13.0,5.004
2021-01-28 10:00:00+01:00,17.07,20.074999,22.5,15.299999,6.3,36.25,22.689999,65.0,12.0,5.052
2021-01-28 10:30:00+01:00,17.344999,20.33,22.5,15.54,7.3,35.77,22.48,58.0,12.0,5.028
2021-01-28 10:45:00+01:00,17.465,20.49,22.5,15.679999,8.3,35.860001,22.529999,56.0,12.0,5.028
2021-01-28 11:00:00+01:00,17.645,20.625,22.5,15.88,9.3,35.84,22.379999,52.5,13.0,5.028
2021-01-28 11:15:00+01:00,17.744999,20.77,22.5,15.94,9.3,35.259998,22.269999,49.0,12.0,5.064
2021-01-28 12:15:00+01:00,18.889999,21.199999,22.5,17.139999,11.3,33.239998,21.25,39.0,10.0,5.052
2021-01-28 12:30:00+01:00,19.23,21.27,22.5,17.359999,11.3,32.790001,21.08,38.0,13.0,5.04
2021-01-28 12:45:00+01:00,19.445,21.314999,22.5,17.539999,11.3,30.849998,20.689999,37.0,13.0,5.016
2021-01-28 13:00:00+01:00,19.844999,21.324999,22.5,17.859999,12.3,31.429998,20.539999,39.25,12.0,5.028
2021-01-28 13:15:00+01:00,19.975,21.35,22.5,18.08,12.3,30.969999,20.23,41.5,14.0,5.088
2021-01-28 13:30:00+01:00,20.189999,21.395,22.5,18.219999,13.3,31.019999,20.15,43.75,12.0,5.064
2021-01-28 13:45:00+01:00,20.355,21.459999,22.5,18.34,12.3,30.469999,20.109999,46.0,13.0,5.064
2021-01-28 14:00:00+01:00,20.309999,21.49,22.5,17.859999,12.3,31.219999,20.189999,48.0,12.0,5.04
2021-01-28 14:15:00+01:00,19.674999,21.52,22.5,18.02,14.3,31.809999,20.109999,50.0,13.0,5.088
2021-01-28 14:30:00+01:00,19.434999,21.52,22.5,17.68,14.3,32.57,20.25,48.0,12.0,5.124
2021-01-28 14:45:00+01:00,19.639999,21.52,22.5,18.059999,15.3,32.799999,20.4,46.0,13.0,5.088
2021-01-28 15:00:00+01:00,19.645,21.549999,22.5,17.859999,15.3,33.969997,20.77,48.0,12.0,5.04
2021-01-28 15:15:00+01:00,19.625,21.57,22.5,17.559999,15.3,34.169998,21.039999,50.0,13.0,5.028
2021-01-28 15:30:00+01:00,19.594999,21.594999,22.5,17.66,14.2,34.48,21.48,50.0,12.0,5.1
2021-01-28 15:45:00+01:00,19.844999,21.6,22.5,17.92,14.2,34.52,21.709999,50.0,14.0,5.052
2021-01-28 16:00:00+01:00,19.654999,21.59,22.5,17.440001,14.2,34.27,21.859999,50.0,12.0,5.124
2021-01-28 16:15:00+01:00,19.889999,21.76,22.5,18.1,14.2,35.049999,21.969999,50.0,13.0,5.112
2021-01-28 16:30:00+01:00,19.965,21.895,22.5,17.959999,15.2,35.540001,22.139999,53.5,13.0,5.064
2021-01-28 16:45:00+01:00,19.945,21.975,22.5,17.84,15.2,35.869999,22.379999,57.0,12.0,5.052
2021-01-28 17:00:00+01:00,19.955,22.004999,22.5,17.66,14.2,36.200001,22.689999,59.0,13.0,5.004
2021-01-28 17:15:00+01:00,19.975,21.975,22.5,17.58,14.2,36.489998,23.039999,61.0,12.0,5.076
2021-01-28 17:30:00+01:00,19.82,21.934999,22.5,17.92,13.2,36.59,23.32,61.0,13.0,5.064
2021-01-28 17:45:00+01:00,19.795,21.904999,22.5,17.84,12.2,36.77,23.609999,61.0,12.0,5.124
2021-01-28 18:00:00+01:00,19.375,21.869999,22.5,17.559999,11.2,37.399998,23.799999,63.0,14.0,5.064
2021-01-28 18:15:00+01:00,19.635,21.865,22.5,17.74,11.2,37.399998,23.99,65.0,13.0,5.1
2021-01-28 18:30:00+01:00,19.73,21.91,22.5,17.84,11.2,37.469997,24.08,65.0,12.0,5.088
2021-01-28 18:45:00+01:00,19.66,21.91,22.5,17.779999,11.2,37.610001,24.189999,65.0,13.0,5.124
2021-01-28 19:15:00+01:00,19.504999,21.74,22.5,17.619999,10.2,37.709999,24.49,65.0,12.33333333,5.076
2021-01-28 19:30:00+01:00,19.445,21.66,22.5,17.539999,9.2,37.869999,24.609999,67.5,12.0,5.064
2021-01-28 19:45:00+01:00,19.375,21.66,22.5,17.48,9.2,38.059998,24.609999,70.0,13.0,5.016
2021-01-28 20:00:00+01:00,19.285,21.6,22.5,17.4,9.2,38.200001,24.719999,70.0,12.0,5.028
2021-01-28 20:15:00+01:00,19.23,21.525,22.5,17.32,9.2,38.07,24.809999,70.0,14.0,5.076
2021-01-28 20:30:00+01:00,19.15,21.449999,22.5,17.26,9.2,38.049999,25.029999,75.5,12.0,5.016
2021-01-28 21:00:00+01:00,19.059999,21.4,22.5,17.199999,8.2,38.149998,25.529999,81.0,12.0,5.088
2021-01-28 21:15:00+01:00,18.99,21.23,22.5,17.08,8.2,38.029999,25.4,81.0,12.0,5.028
2021-01-28 21:30:00+01:00,18.859999,21.1,22.5,16.959999,8.2,38.239998,25.379999,78.0,13.0,5.016
2021-01-28 21:45:00+01:00,18.805,21.049999,22.5,16.92,9.2,38.27,25.449999,75.0,12.0,5.052
2021-01-28 22:00:00+01:00,18.674999,20.975,22.5,16.859999,8.2,38.360001,25.379999,78.0,13.0,5.016
2021-01-28 22:30:00+01:00,18.68,20.635,22.5,16.799999,9.2,38.27,25.58,84.0,12.0,5.064
2021-01-28 22:45:00+01:00,18.59,20.514999,22.5,16.74,9.2,38.349998,25.66,87.0,12.0,5.04
2021-01-28 23:00:00+01:00,18.49,20.404999,22.5,16.619999,9.2,38.279999,25.67,83.5,14.0,5.004
2021-01-28 23:15:00+01:00,18.42,20.314999,22.5,16.539999,9.2,38.450001,25.709999,80.0,12.0,5.028
2021-01-28 23:30:00+01:00,18.359999,20.234999,22.5,16.48,8.2,38.399998,25.699999,80.5,12.0,5.016
2021-01-29 00:00:00+01:00,18.27,20.08,22.5,16.4,7.1,39.02,25.849998,81.0,13.0,5.004
2021-01-29 00:15:00+01:00,18.105,20.02,22.5,16.24,7.1,39.889999,26.199999,81.0,12.0,5.04
2021-01-29 01:00:00+01:00,18.025,19.84,22.5,16.16,6.1,39.439999,26.74,83.5,13.0,5.04
2021-01-29 01:30:00+01:00,17.764999,19.705,22.5,15.94,5.1,39.719997,26.74,86.5,13.0,5.04
2021-01-29 01:45:00+01:00,17.824999,19.639999,22.5,16.0,5.1,39.759998,26.809999,86.0,14.0,5.04
2021-01-29 02:00:00+01:00,17.795,19.6,22.5,15.94,5.1,39.790001,26.93,86.5,12.0,5.064
2021-01-29 02:15:00+01:00,17.725,19.559999,22.5,15.86,5.1,40.149998,27.0,87.0,12.0,5.028
2021-01-29 03:00:00+01:00,17.654999,19.42,22.5,15.82,6.1,39.93,27.23,87.0,13.0,5.016
2021-01-29 03:45:00+01:00,17.52,19.27,22.5,15.679999,6.1,39.919998,27.379999,93.0,12.0,5.028
2021-01-29 04:15:00+01:00,17.445,19.234999,22.5,15.58,5.1,40.209999,27.4,87.0,12.0,5.028
2021-01-29 04:30:00+01:00,17.385,19.234999,22.5,15.54,6.1,40.25,27.469999,90.0,13.0,5.04
2021-01-29 04:45:00+01:00,17.365,19.145,22.5,15.58,6.1,40.309998,27.51,93.0,14.0,5.028
2021-01-29 05:00:00+01:00,17.324999,19.125,22.5,15.48,6.1,40.290001,27.629999,93.0,12.0,5.028
2021-01-29 05:15:00+01:00,17.365,19.09,22.5,15.5,6.1,40.369999,27.709999,93.0,13.0,5.004
2021-01-29 05:30:00+01:00,17.324999,19.035,22.5,15.52,6.1,40.549999,27.719999,93.0,12.0,5.004
2021-01-29 05:45:00+01:00,17.365,19.0,22.5,15.54,7.1,40.32,27.779999,93.0,12.0,5.028
2021-01-29 06:15:00+01:00,17.27,18.949999,22.5,15.44,7.1,40.77,27.939999,93.0,12.0,5.028
2021-01-29 07:00:00+01:00,17.049999,18.824999,22.5,15.219999,7.1,40.91,28.24,87.0,13.0,5.052
2021-01-29 07:15:00+01:00,16.904999,18.795,22.5,15.08,6.1,41.079998,28.24,87.0,12.0,5.088
2021-01-29 07:30:00+01:00,16.949999,18.75,22.5,15.12,6.1,41.309998,28.359999,87.0,12.0,5.04
2021-01-29 07:45:00+01:00,17.025,18.734999,22.5,15.179999,6.1,41.239998,28.43,87.0,14.0,5.04
2021-01-29 08:00:00+01:00,17.109999,18.725,22.5,15.28,6.1,41.099998,28.51,90.0,12.0,5.028
2021-01-29 08:15:00+01:00,17.07,19.145,22.5,15.259999,7.1,41.299999,28.349998,93.0,13.0,5.004
2021-01-29 08:30:00+01:00,17.344999,19.629999,22.5,15.48,7.1,41.309998,27.599998,90.0,12.0,5.052
2021-01-29 08:45:00+01:00,17.565001,19.955,22.5,15.759999,6.1,41.02,27.309999,87.0,13.0,5.064
2021-01-29 09:00:00+01:00,17.664999,20.115,22.5,15.82,7.1,40.719997,27.15,90.0,12.0,5.064
2021-01-29 09:15:00+01:00,17.744999,20.215,22.5,15.88,6.1,40.84,27.08,93.0,13.0,5.112
2021-01-29 09:45:00+01:00,18.125,20.475,22.5,16.24,7.1,40.68,27.269999,87.0,13.0,5.028
2021-01-29 10:00:00+01:00,18.1,20.705,22.5,16.24,8.1,40.509998,27.439999,87.0,14.0,5.076
2021-01-29 10:15:00+01:00,18.195,20.885,22.5,16.34,8.1,40.239998,27.379999,87.0,12.0,5.088
2021-01-29 10:30:00+01:00,18.389999,21.02,22.5,16.5,9.1,40.27,27.539999,78.5,13.0,5.064
2021-01-29 10:45:00+01:00,18.68,21.105,22.5,16.799999,11.1,40.059998,27.469999,70.0,12.0,5.076
2021-01-29 11:00:00+01:00,19.125,21.324999,22.5,17.219999,13.1,39.669998,27.309999,68.0,13.0,5.088
2021-01-29 11:15:00+01:00,19.645,21.549999,22.5,17.76,11.1,38.790001,26.939999,66.0,12.0,5.124
2021-01-29 11:30:00+01:00,19.855,21.699999,22.5,17.84,12.1,38.73,26.91,66.0,13.0,5.124
2021-01-29 12:15:00+01:00,20.18,21.934999,22.5,18.18,16.1,38.959999,27.0,81.0,14.0,5.148
2021-01-29 12:30:00+01:00,20.244999,22.014999,22.5,18.219999,14.9,39.349998,27.099998,73.5,13.0,5.136
2021-01-29 12:45:00+01:00,19.615,22.035,22.5,17.699999,14.9,39.82,27.139999,66.0,12.0,5.088
2021-01-29 13:00:00+01:00,19.975,22.08,22.5,17.619999,14.9,39.689999,27.26,66.0,13.0,5.088
2021-01-29 13:15:00+01:00,19.895,22.109999,22.5,17.52,11.9,40.379997,27.379999,66.0,13.0,5.076
2021-01-29 13:30:00+01:00,19.814999,22.154999,22.5,17.459999,10.9,41.48,27.609999,66.0,12.0,5.064
2021-01-29 13:45:00+01:00,19.82,22.514999,22.5,17.66,12.9,41.709999,27.65,66.0,13.0,5.16
2021-01-29 14:00:00+01:00,19.844999,22.734999,22.5,17.699999,14.9,41.5,27.559999,60.0,14.0,5.136
2021-01-29 14:15:00+01:00,19.805,22.865,22.5,17.779999,15.9,41.98,27.799999,54.0,12.0,5.088
2021-01-29 14:30:00+01:00,19.705,22.934999,22.5,17.92,15.9,41.93,27.74,58.0,13.0,5.064
2021-01-29 14:45:00+01:00,19.115,23.1,22.5,17.359999,14.9,43.209999,27.779999,62.0,11.0,5.16
2021-01-29 15:00:00+01:00,18.445,23.004999,22.5,16.859999,15.9,44.279999,28.01,62.0,13.0,5.088
2021-01-29 15:15:00+01:00,18.639999,22.924999,22.5,17.6,16.9,44.169998,28.449999,62.0,13.0,5.124
2021-01-29 15:30:00+01:00,18.844999,22.85,22.5,17.48,17.9,44.059998,28.549999,64.5,12.0,5.172
2021-01-29 15:45:00+01:00,19.0,23.039999,22.5,17.279999,17.9,43.759998,28.48,67.0,13.0,5.16
2021-01-29 16:00:00+01:00,19.664999,23.1,22.5,17.52,17.9,42.610001,28.519999,59.0,13.0,5.088
2021-01-29 16:15:00+01:00,19.584999,23.08,22.5,17.0,17.9,42.489998,28.74,51.0,12.0,5.172
2021-01-29 16:30:00+01:00,19.965,22.994999,22.5,17.559999,16.9,42.0,28.879999,47.5,14.0,5.184
2021-01-29 16:45:00+01:00,19.84,22.969999,22.5,18.08,17.9,42.540001,28.879999,44.0,13.0,5.172
2021-01-29 17:00:00+01:00,19.514999,22.934999,22.5,18.059999,17.9,43.119999,29.039999,47.0,13.0,5.184
2021-01-29 17:15:00+01:00,20.299999,22.865,22.5,18.779999,16.9,37.860001,28.709999,50.0,12.0,5.268
2021-01-29 17:30:00+01:00,22.705,22.945,22.5,20.68,16.9,34.829998,27.5,47.0,13.0,5.196
2021-01-29 17:45:00+01:00,22.809999,23.055,22.5,20.619999,15.8,34.32,26.67,44.0,13.0,5.076
2021-01-29 18:00:00+01:00,22.764999,23.135,22.5,20.6,14.8,33.969997,25.9,47.0,14.0,5.16
2021-01-29 18:15:00+01:00,22.699999,23.135,22.5,20.48,14.8,33.91,25.41,50.0,12.0,5.208
2021-01-29 18:30:00+01:00,22.455,23.144999,22.5,20.26,14.8,35.18,25.17,48.5,13.0,5.112
2021-01-29 18:45:00+01:00,22.234999,23.135,22.5,20.059999,13.8,36.52,25.49,47.0,13.0,5.124
2021-01-29 19:00:00+01:00,22.064999,23.1,22.5,19.939999,13.8,36.899998,25.73,44.0,13.0,5.16
2021-01-29 19:15:00+01:00,21.955,23.014999,22.5,19.9,12.8,36.75,25.949999,41.0,13.0,5.112
2021-01-29 19:30:00+01:00,21.93,22.9,22.5,19.84,12.8,36.48,25.91,44.0,12.0,5.136
2021-01-29 19:45:00+01:00,21.895,22.779999,22.5,19.799999,12.8,36.43,25.809999,47.0,14.0,5.112
2021-01-30 06:15:00+01:00,19.045,20.219999,22.5,17.26,8.8,39.579998,28.08,81.0,10.0,5.028
2021-01-30 06:30:00+01:00,19.15,20.07,22.5,17.279999,9.8,39.16,28.209999,78.0,12.0,5.04
2021-01-30 06:45:00+01:00,18.98,20.01,22.5,17.1,9.8,39.309998,28.289999,75.0,14.0,5.028
2021-01-30 07:00:00+01:00,18.889999,19.959999,22.5,16.940001,9.8,39.759998,28.33,75.0,12.0,5.016
2021-01-30 07:15:00+01:00,18.690001,19.91,22.5,16.779999,7.8,40.0,28.439999,75.0,13.0,5.1
2021-01-30 07:30:00+01:00,18.59,19.859999,22.5,16.68,7.8,40.059998,28.549999,78.0,12.0,5.1
2021-01-30 07:45:00+01:00,18.449999,19.789999,22.5,16.52,8.8,40.360001,28.689999,81.0,13.0,5.1
2021-01-30 08:00:00+01:00,18.369999,19.74,22.5,16.440001,8.8,40.959999,28.769999,84.0,12.0,5.148
2021-01-30 08:15:00+01:00,18.469999,20.064999,22.5,16.58,7.8,40.73,28.57,87.0,13.0,5.088
2021-01-30 08:30:00+01:00,18.639999,20.475,22.5,16.799999,7.8,40.469997,28.059999,81.0,13.0,5.112
2021-01-30 08:45:00+01:00,18.805,20.584999,22.5,16.859999,7.8,40.189999,27.939999,75.0,12.0,5.088
2021-01-30 09:00:00+01:00,18.699999,20.594999,22.5,16.779999,8.8,40.689999,27.98,75.5,14.0,5.148
2021-01-30 09:15:00+01:00,18.695,20.584999,22.5,16.799999,8.8,40.540001,27.98,76.0,12.0,5.076
2021-01-30 09:30:00+01:00,18.77,20.605,22.5,16.859999,8.8,40.189999,27.98,73.5,13.0,5.064
2021-01-30 09:45:00+01:00,18.779999,20.645,22.5,16.879999,8.8,40.049999,27.91,71.0,13.0,5.124
2021-01-30 10:00:00+01:00,18.914999,20.645,22.5,16.98,8.8,40.189999,27.869999,66.5,12.0,5.016
2021-01-30 10:15:00+01:00,18.789999,20.605,22.5,16.859999,8.8,40.25,27.939999,62.0,13.0,5.076
2021-01-30 10:30:00+01:00,18.844999,20.555,22.5,16.98,8.8,40.389999,28.059999,62.0,12.0,5.112
2021-01-30 10:45:00+01:00,18.939999,20.535,22.5,17.0,10.8,40.599998,28.26,62.0,13.0,5.1
2021-01-30 11:00:00+01:00,19.094999,20.494999,22.5,17.139999,11.8,40.169998,28.42,59.5,14.0,5.052
2021-01-30 11:15:00+01:00,19.154999,20.424999,22.5,17.24,11.8,40.09,28.48,57.0,12.0,5.1
2021-01-30 11:30:00+01:00,19.109999,20.375,22.5,17.139999,12.8,38.93,28.24,57.0,13.0,5.148
2021-01-30 11:45:00+01:00,19.115,20.385,22.5,17.139999,12.8,38.899998,28.0,57.0,12.0,5.112
2021-01-30 12:00:00+01:00,19.08,20.355,22.5,17.139999,12.8,39.040001,27.93,55.5,13.0,5.064
2021-01-30 12:15:00+01:00,19.184999,20.324999,22.5,17.24,13.8,38.869999,27.879999,54.0,13.0,5.028
2021-01-30 12:30:00+01:00,19.279999,20.33,22.5,17.34,13.8,38.689999,27.84,55.5,12.0,5.1
2021-01-30 12:45:00+01:00,19.334999,20.42,22.5,17.379999,13.8,38.889999,27.68,57.0,13.0,5.1
2021-01-30 13:00:00+01:00,19.459999,20.375,22.5,17.5,14.8,38.77,27.769999,55.5,14.0,5.064
2021-01-30 13:15:00+01:00,19.559999,20.34,22.5,17.639999,14.8,38.709999,27.879999,54.0,12.0,5.064
2021-01-30 13:30:00+01:00,19.674999,20.34,22.5,17.68,14.8,38.689999,27.969999,56.0,13.0,5.088
2021-01-30 14:00:00+01:00,19.965,20.574999,22.5,17.98,14.7,38.66,27.859999,58.0,13.0,5.064
2021-01-30 14:15:00+01:00,20.314999,20.555,22.5,18.32,14.7,38.099998,27.91,58.0,12.0,5.04
2021-01-30 14:30:00+01:00,20.305,20.494999,22.5,18.32,15.7,38.189999,27.939999,58.0,13.0,5.076
2021-01-30 14:45:00+01:00,20.225,20.459999,22.5,17.779999,15.7,38.27,27.99,58.0,13.0,5.052
2021-02-01 04:30:00+01:00,18.375,18.424999,22.5,16.5,9.6,49.189999,38.029999,93.0,12.0,5.076
2021-02-01 04:45:00+01:00,18.42,18.404999,22.5,16.48,8.6,49.099998,38.450001,93.0,13.0,5.064
2021-02-01 05:00:00+01:00,18.389999,18.395,22.5,16.440001,8.6,49.299999,38.75,93.0,12.0,5.1
2021-02-01 05:15:00+01:00,18.35,18.379999,22.5,16.42,9.6,49.93,38.969997,93.0,14.0,5.028
2021-02-01 05:30:00+01:00,18.309999,18.369999,22.5,16.379999,8.6,49.860001,39.23,93.0,12.0,5.112
2021-02-01 05:45:00+01:00,18.33,18.35,22.5,16.379999,8.6,49.629997,39.43,93.0,12.0,5.1
2021-02-01 06:00:00+01:00,18.26,18.35,22.5,16.34,8.6,50.18,39.559998,93.0,13.0,5.016
2021-02-01 06:30:00+01:00,18.164999,18.32,22.5,16.26,9.6,50.289997,39.82,90.0,12.0,5.076
2021-02-01 06:45:00+01:00,18.174999,18.32,22.5,16.26,9.6,50.23,39.950001,87.0,13.0,5.112
2021-02-01 07:00:00+01:00,18.190001,18.324999,22.5,16.26,9.6,50.619999,40.079998,87.0,12.0,5.076
2021-02-01 07:15:00+01:00,18.244999,18.764999,22.5,16.359999,9.6,50.489998,39.649998,87.0,13.0,5.04
2021-02-01 07:30:00+01:00,18.525,19.4,22.5,16.619999,9.6,49.91,38.509998,87.0,12.0,5.124
2021-02-01 07:45:00+01:00,18.645,19.74,22.5,16.74,9.6,49.739998,38.009998,87.0,14.0,5.028
2021-02-01 08:00:00+01:00,18.76,19.93,22.5,16.84,9.6,49.719997,37.799999,87.0,13.0,5.16
2021-02-01 08:15:00+01:00,18.844999,20.08,22.5,16.9,9.6,49.5,37.439999,87.0,12.0,5.076
2021-02-01 08:30:00+01:00,18.869999,20.219999,22.5,16.959999,9.6,48.739998,37.139999,87.0,13.0,5.076
2021-02-01 08:45:00+01:00,18.914999,20.344999,22.5,16.959999,9.6,48.369999,36.880001,87.0,12.0,5.124
2021-02-01 09:00:00+01:00,18.859999,20.355,22.5,16.92,10.6,48.799999,36.779999,87.0,13.0,5.148
2021-02-01 09:15:00+01:00,19.01,20.42,22.5,17.1,9.6,48.41,36.649998,87.0,13.0,5.148
2021-02-01 09:30:00+01:00,19.115,20.434999,22.5,17.16,9.6,48.419998,36.98,84.0,12.0,5.064
2021-02-01 09:45:00+01:00,19.125,20.555,22.5,17.199999,9.6,48.349998,37.209999,81.0,14.0,5.112
2021-02-01 10:00:00+01:00,19.195,20.715,22.5,17.279999,9.6,48.48,37.079998,81.0,12.0,5.124
2021-02-01 10:15:00+01:00,19.23,20.865,22.5,17.299999,9.6,47.700001,36.849998,81.0,13.0,5.112
2021-02-01 10:30:00+01:00,19.26,20.984999,22.5,17.359999,10.6,47.809998,36.73,81.0,12.0,5.124
2021-02-01 10:45:00+01:00,19.34,21.105,22.5,17.4,9.6,47.169998,36.399998,81.0,13.0,5.124
2021-02-01 11:15:00+01:00,19.559999,21.445,22.5,17.6,10.6,46.09,35.639999,81.0,12.0,5.124
2021-02-01 11:30:00+01:00,19.744999,21.539999,22.5,17.779999,10.6,45.48,35.369999,78.5,13.0,5.1
2021-02-01 11:45:00+01:00,19.889999,21.629999,22.5,17.9,10.6,45.709999,35.299999,76.0,12.0,5.088
2021-02-01 12:00:00+01:00,19.975,21.719999,22.5,18.039999,11.6,45.75,35.119999,76.0,14.0,5.1
2021-02-01 12:15:00+01:00,20.025,21.699999,22.5,18.119999,12.6,45.649998,35.18,76.0,12.0,5.112
2021-02-01 12:30:00+01:00,20.115,21.689999,22.5,18.18,12.6,44.379997,34.98,76.0,13.0,5.1
2021-02-01 12:45:00+01:00,20.195,21.699999,22.5,18.219999,12.6,44.809998,34.68,76.0,13.0,5.124
2021-02-01 13:00:00+01:00,19.664999,21.709999,22.5,17.42,12.6,45.709999,34.619999,73.5,12.0,5.1
2021-02-01 13:15:00+01:00,19.645,21.74,22.5,17.76,14.6,44.950001,34.459999,71.0,13.0,5.124
2021-02-01 13:30:00+01:00,19.68,21.77,22.5,17.440001,13.6,45.279999,34.32,71.0,13.0,5.136
2021-02-01 13:45:00+01:00,19.68,21.809999,22.5,17.879999,13.5,45.18,34.16,71.0,14.0,5.112
2021-02-01 14:00:00+01:00,19.965,21.844999,22.5,17.84,13.5,45.23,34.309998,71.0,12.0,5.112
2021-02-01 14:15:00+01:00,19.789999,21.84,22.5,18.0,12.5,45.149998,34.079998,71.0,13.0,5.124
2021-02-01 14:30:00+01:00,19.674999,21.91,22.5,17.639999,14.5,45.439999,34.110001,71.0,13.0,5.136
2021-02-01 14:45:00+01:00,19.975,21.93,22.5,17.9,13.4,44.789997,33.969997,71.0,12.0,5.064
2021-02-01 15:00:00+01:00,19.955,21.91,22.5,18.0,13.4,44.860001,33.880001,68.5,13.0,5.052
2021-02-01 15:15:00+01:00,19.895,21.91,22.5,17.68,12.4,44.939999,33.84,66.0,12.0,5.148
2021-02-01 15:30:00+01:00,19.77,21.934999,22.5,17.48,13.4,44.549999,33.84,68.5,13.0,5.052
2021-02-01 15:45:00+01:00,19.975,21.949999,22.5,18.139999,12.4,43.989998,33.579998,71.0,12.0,5.124
2021-02-01 16:00:00+01:00,19.965,21.945,22.5,18.0,12.4,44.239998,33.419998,71.0,14.0,5.112
2021-02-01 16:15:00+01:00,19.965,21.975,22.5,17.699999,12.4,44.469997,33.380001,71.0,13.0,5.112
2021-02-01 16:30:00+01:00,19.744999,22.014999,22.5,17.5,12.4,44.639999,33.32,71.0,12.0,5.112
2021-02-01 16:45:00+01:00,19.504999,22.064999,22.5,18.039999,13.4,45.25,33.380001,71.0,13.0,5.1
2021-02-01 17:00:00+01:00,19.844999,22.09,22.5,17.68,12.4,45.329998,33.43,73.5,13.0,5.112
2021-02-01 17:15:00+01:00,19.82,22.1,22.5,17.440001,12.4,45.579998,33.48,76.0,12.0,5.136
2021-02-01 17:30:00+01:00,19.965,22.09,22.5,18.1,11.4,45.34,33.57,76.0,13.0,5.148
2021-02-01 17:45:00+01:00,19.879999,22.145,22.5,17.92,11.4,45.099998,33.48,76.0,12.0,5.064
2021-02-01 18:00:00+01:00,19.824999,22.16,22.5,17.799999,11.4,45.43,33.43,78.5,14.0,5.136
2021-02-01 18:15:00+01:00,19.764999,22.15,22.5,17.379999,10.4,45.539997,33.48,81.0,13.0,5.1
2021-02-01 18:30:00+01:00,19.48,22.135,22.5,17.879999,10.4,46.48,33.559998,84.0,12.0,5.088
2021-02-01 18:45:00+01:00,19.635,22.09,22.5,17.98,10.4,45.84,33.559998,87.0,13.0,5.112
2021-02-01 19:00:00+01:00,19.504999,22.014999,22.5,17.799999,10.4,46.219997,33.669998,84.0,13.0,5.088
2021-02-01 19:15:00+01:00,19.58,22.014999,22.5,17.92,10.4,46.379997,33.669998,81.0,12.0,5.064
2021-02-01 19:30:00+01:00,19.295,22.004999,22.5,17.4,10.4,46.66,33.719997,84.0,13.0,5.064
2021-02-01 19:45:00+01:00,19.344999,21.85,22.5,17.02,9.4,46.809998,33.880001,87.0,12.0,5.076
2021-02-02 07:00:00+01:00,17.635,19.234999,22.5,15.88,6.4,46.849998,35.389999,96.5,12.0,5.004
2021-02-02 07:15:00+01:00,17.465,19.215,22.5,15.639999,6.4,47.639999,35.43,93.0,14.0,5.1
2021-02-02 07:30:00+01:00,17.334999,19.115,22.5,15.52,6.4,47.59,35.48,93.0,12.0,5.04
2021-02-02 07:45:00+01:00,17.264999,19.064999,22.5,15.48,6.4,47.610001,35.57,93.0,13.0,5.04
2021-02-02 08:00:00+01:00,17.195,19.035,22.5,15.44,6.4,47.349998,35.610001,96.5,13.0,5.028
2021-02-02 08:15:00+01:00,17.324999,19.305,22.5,15.52,6.4,47.669998,35.399998,100.0,12.0,5.016
2021-02-02 09:00:00+01:00,17.605,20.145,22.5,15.82,7.3,47.389999,34.360001,96.5,12.0,5.04
2021-02-02 09:15:00+01:00,17.654999,20.189999,22.5,15.839999,6.3,47.329998,34.360001,100.0,13.0,5.052
2021-02-02 09:30:00+01:00,17.645,20.205,22.5,15.82,7.3,48.16,34.52,100.0,12.0,5.016
2021-02-02 10:00:00+01:00,17.83,20.564999,22.5,16.08,8.3,47.77,34.549999,100.0,14.0,5.052
2021-02-02 10:15:00+01:00,18.059999,20.74,22.5,16.24,7.3,47.5,34.41,100.0,13.0,5.004
2021-02-02 10:45:00+01:00,18.195,20.965,22.5,16.379999,8.3,47.200001,34.23,100.0,13.0,5.232
2021-02-02 11:00:00+01:00,18.5,21.02,22.5,16.639999,8.3,46.75,34.349998,100.0,12.0,5.016
2021-02-02 11:45:00+01:00,19.27,21.219999,22.5,17.4,10.3,46.84,34.619999,87.0,12.0,5.112
2021-02-02 12:00:00+01:00,19.564999,21.215,22.5,17.699999,11.3,46.439999,34.829998,84.0,13.0,5.04
2021-02-02 12:15:00+01:00,19.814999,21.24,22.5,17.9,11.3,45.989998,35.0,81.0,12.0,5.052
2021-02-02 12:30:00+01:00,19.965,21.299999,22.5,18.059999,12.3,46.32,34.93,81.0,14.0,5.076
2021-02-02 12:45:00+01:00,19.975,21.34,22.5,18.08,13.3,46.079998,35.110001,81.0,12.0,5.04
2021-02-02 13:00:00+01:00,20.244999,21.434999,22.5,18.279999,14.3,45.559998,34.939999,78.5,13.0,5.04
2021-02-02 13:30:00+01:00,19.965,21.625,22.5,18.039999,16.299999,46.059998,35.099998,76.0,13.0,5.136
2021-02-02 13:45:00+01:00,19.834999,21.619999,22.5,17.92,16.299999,46.149998,35.16,76.0,13.0,5.052
2021-02-02 14:00:00+01:00,19.68,21.639999,22.5,17.32,16.299999,46.43,35.040001,73.5,12.0,5.016
2021-02-02 14:15:00+01:00,19.645,21.609999,22.5,17.74,16.299999,46.619999,35.040001,71.0,12.0,5.016
2021-02-02 14:30:00+01:00,19.48,21.619999,22.5,17.5,16.299999,46.34,34.93,71.0,13.0,5.052
2021-02-02 14:45:00+01:00,19.594999,21.609999,22.5,17.74,16.299999,46.079998,34.93,71.0,12.0,5.076
2021-02-02 15:00:00+01:00,19.705,21.65,22.5,17.92,15.3,45.98,34.959999,71.0,14.0,5.112
2021-02-02 15:15:00+01:00,19.955,21.68,22.5,17.92,15.3,45.43,34.779999,71.0,12.0,5.028
2021-02-02 15:30:00+01:00,19.955,21.699999,22.5,18.1,15.3,45.329998,34.619999,73.5,13.0,5.064
2021-02-02 15:45:00+01:00,19.445,21.699999,22.5,17.859999,15.3,46.279999,34.549999,76.0,12.0,5.016
2021-02-02 16:00:00+01:00,19.57,21.709999,22.5,17.48,15.3,46.309998,34.52,78.5,13.0,5.064
2021-02-02 16:15:00+01:00,19.965,21.709999,22.5,18.1,15.3,45.189999,34.489998,81.0,12.0,5.04
2021-02-02 16:30:00+01:00,19.705,21.645,22.5,18.0,15.3,46.099998,34.529999,81.0,13.0,5.1
2021-02-02 16:45:00+01:00,19.629999,21.6,22.5,18.1,15.3,45.799999,34.599998,81.0,12.0,5.064
2021-02-02 17:00:00+01:00,19.57,21.494999,22.5,17.879999,15.3,45.98,34.579998,87.0,13.0,5.064
2021-02-02 17:30:00+01:00,19.525,21.459999,22.5,17.82,14.3,46.5,34.579998,93.0,14.0,5.076
2021-02-02 17:45:00+01:00,19.664999,21.459999,22.5,17.4,14.3,46.59,34.649998,93.0,13.0,5.136
2021-02-02 18:15:00+01:00,19.795,21.379999,22.5,17.619999,11.3,45.959999,34.709999,93.0,13.0,5.052
2021-02-02 18:45:00+01:00,19.57,21.27,22.5,17.299999,10.3,48.82,35.189999,93.0,13.0,5.076
2021-02-02 19:00:00+01:00,19.445,21.289999,22.5,17.779999,10.3,49.539997,35.689999,93.0,12.0,5.004
2021-02-02 19:30:00+01:00,19.609999,21.164999,22.5,17.779999,9.3,48.539997,36.419998,96.5,14.0,5.016
2021-02-02 19:45:00+01:00,19.43,21.189999,22.5,17.619999,10.3,48.27,36.549999,100.0,12.0,5.004
2021-02-03 06:45:00+01:00,18.404999,19.385,22.5,16.58,11.3,48.709999,37.509998,100.0,12.0,5.004
2021-02-03 07:15:00+01:00,18.219999,19.33,22.5,16.34,11.3,48.759998,37.610001,100.0,12.0,5.1
2021-02-03 07:30:00+01:00,18.164999,19.27,22.5,16.299999,11.3,49.25,37.719997,100.0,13.0,5.016
2021-02-03 07:45:00+01:00,18.164999,19.25,22.5,16.32,10.3,49.09,37.790001,100.0,12.0,5.052
2021-02-03 08:15:00+01:00,18.234999,19.629999,22.5,16.379999,10.3,49.389999,37.509998,100.0,12.0,5.016
2021-02-03 08:30:00+01:00,18.440001,20.154999,22.5,16.58,10.3,49.289997,36.77,100.0,12.0,5.016
2021-02-03 09:00:00+01:00,18.719999,20.41,22.5,16.859999,10.3,48.450001,36.459999,96.5,12.0,5.016
2021-02-03 09:15:00+01:00,18.809999,20.424999,22.5,16.9,10.3,48.759998,36.52,93.0,13.0,5.016
2021-02-03 09:30:00+01:00,18.869999,20.424999,22.5,17.02,10.3,48.739998,36.779999,96.5,12.0,5.076
2021-02-03 09:45:00+01:00,18.939999,20.654999,22.5,17.059999,9.3,48.849998,37.079998,100.0,14.0,5.016
2021-02-03 10:30:00+01:00,19.27,21.209999,22.5,17.4,10.3,49.32,37.139999,93.0,12.0,5.04
2021-02-03 10:45:00+01:00,19.359999,21.244999,22.5,17.52,10.3,49.27,37.239998,93.0,12.0,5.052
2021-02-03 11:15:00+01:00,19.35,21.16,22.5,17.459999,9.3,49.939999,37.719997,93.0,12.0,5.004
2021-02-03 11:30:00+01:00,19.25,21.084999,22.5,17.4,10.3,49.73,37.91,90.0,13.0,5.016
2021-02-03 11:45:00+01:00,19.359999,21.025,22.5,17.440001,10.3,49.029999,38.009998,87.0,12.0,5.04
2021-02-03 12:00:00+01:00,19.359999,21.029999,22.5,17.440001,10.3,48.959999,38.049999,87.0,13.0,5.052
2021-02-03 12:30:00+01:00,19.52,21.039999,22.5,17.66,11.3,48.41,37.790001,87.0,14.0,5.004
2021-02-03 13:45:00+01:00,19.844999,21.189999,22.5,17.9,12.3,48.5,37.739998,100.0,13.0,5.016
2021-02-03 14:00:00+01:00,19.859999,21.15,22.5,17.9,12.3,49.059998,37.879997,96.5,13.0,5.052
2021-02-03 14:15:00+01:00,19.955,21.094999,22.5,18.0,11.3,48.719997,37.919998,93.0,12.0,5.052
2021-02-03 14:30:00+01:00,19.955,21.094999,22.5,18.0,12.3,48.719997,38.009998,93.0,13.0,5.04
2021-02-03 15:00:00+01:00,19.645,21.035,22.5,17.779999,12.3,49.75,38.41,93.0,12.0,5.04
2021-02-03 15:15:00+01:00,19.52,20.975,22.5,17.92,12.3,49.860001,38.549999,93.0,14.0,5.04
2021-02-03 15:30:00+01:00,19.715,20.945,22.5,17.82,12.3,49.950001,38.709999,90.0,12.0,5.028
2021-02-03 15:45:00+01:00,19.23,21.035,22.5,17.619999,13.3,50.439999,38.75,87.0,13.0,5.028
2021-02-03 16:00:00+01:00,19.225,21.045,22.5,17.219999,13.3,50.399998,38.75,90.0,12.0,5.076
2021-02-03 16:15:00+01:00,19.295,21.045,22.5,17.799999,12.3,50.82,38.75,93.0,13.0,5.016
2021-02-03 16:30:00+01:00,19.619999,21.045,22.5,17.779999,12.3,49.950001,38.75,93.0,12.0,5.076
2021-02-03 16:45:00+01:00,19.404999,21.055,22.5,17.48,12.3,50.48,38.68,93.0,13.0,5.064
2021-02-03 17:00:00+01:00,19.26,21.125,22.5,17.42,12.3,50.799999,38.549999,93.0,12.0,5.04
2021-02-03 17:15:00+01:00,19.48,21.15,22.5,17.68,11.3,50.23,38.549999,93.0,13.0,5.04
2021-02-03 17:30:00+01:00,19.244999,21.324999,22.5,17.639999,11.3,51.099998,38.379997,96.5,12.0,5.028
2021-02-03 17:45:00+01:00,19.564999,21.445,22.5,17.76,11.3,50.0,38.200001,100.0,12.0,5.076
2021-02-03 18:15:00+01:00,19.5,21.525,22.5,17.48,11.3,50.279999,38.27,100.0,12.0,5.064
2021-02-03 18:45:00+01:00,19.74,21.52,22.5,17.66,11.3,49.950001,38.200001,100.0,13.0,5.028
2021-02-03 19:00:00+01:00,19.65,21.555,22.5,17.84,10.3,50.639999,38.149998,100.0,12.0,5.076
2021-02-03 19:15:00+01:00,19.48,21.539999,22.5,17.719999,10.3,51.41,38.239998,100.0,12.0,5.004
2021-02-04 06:30:00+01:00,19.01,19.609999,22.5,17.139999,11.3,50.919998,39.849998,87.0,12.0,5.016
2021-02-04 07:30:00+01:00,18.744999,19.52,22.5,16.859999,10.3,51.289997,40.360001,93.0,13.0,5.004
2021-02-04 08:15:00+01:00,18.799999,19.84,22.5,16.959999,10.3,50.259998,39.799999,93.0,12.0,5.016
2021-02-04 08:30:00+01:00,19.045,20.365,22.5,17.18,10.3,50.299999,38.759998,90.0,12.0,5.016
2021-02-04 09:00:00+01:00,19.209999,20.695,22.5,17.359999,10.3,49.32,38.07,87.0,12.0,5.028
2021-02-04 09:15:00+01:00,19.189999,20.654999,22.5,17.299999,10.3,49.23,38.07,87.0,13.0,5.016
2021-02-04 09:30:00+01:00,19.225,20.635,22.5,17.32,11.3,50.09,38.360001,84.0,12.0,5.064
2021-02-04 10:00:00+01:00,19.395,21.035,22.5,17.5,11.3,49.189999,38.149998,84.0,12.0,5.016
2021-02-04 10:15:00+01:00,19.41,21.105,22.5,17.52,12.3,49.639999,38.040001,87.0,12.0,5.052
2021-02-04 10:45:00+01:00,19.57,21.105,22.5,17.68,12.3,49.379997,38.34,87.0,12.0,5.004
2021-02-04 11:30:00+01:00,19.795,21.035,22.5,17.84,14.3,50.239998,39.079998,79.0,12.0,5.028
2021-02-04 12:00:00+01:00,19.965,21.094999,22.5,18.08,15.3,49.889999,39.139999,79.0,12.0,5.16
2021-02-04 12:15:00+01:00,19.975,21.16,22.5,18.08,14.3,50.0,39.009998,82.0,12.0,5.064
2021-02-04 12:30:00+01:00,19.975,21.205,22.5,18.08,14.3,49.329998,38.969997,82.0,13.0,5.004
2021-02-04 12:45:00+01:00,19.65,21.184999,22.5,17.379999,15.3,50.27,38.969997,82.0,12.0,5.004
2021-02-04 13:00:00+01:00,19.529999,21.174999,22.5,17.859999,15.3,50.629997,39.029999,79.0,13.0,5.004
2021-02-04 13:15:00+01:00,19.74,21.164999,22.5,17.559999,15.3,49.889999,39.119999,76.0,12.0,5.028
2021-02-04 13:45:00+01:00,19.424999,21.154999,22.5,17.859999,14.3,50.759998,39.099998,76.0,12.0,5.004
2021-02-04 14:15:00+01:00,19.359999,21.145,22.5,17.539999,15.3,51.029999,39.209999,76.0,14.0,5.016
2021-02-04 14:30:00+01:00,19.57,21.145,22.5,17.940001,15.3,50.779999,39.25,76.0,12.0,5.016
2021-02-04 15:30:00+01:00,19.895,21.184999,22.5,17.799999,14.3,50.0,39.360001,76.0,13.0,5.052
2021-02-04 15:45:00+01:00,19.795,21.215,22.5,17.940001,14.3,49.789997,39.369999,76.0,12.0,5.004
2021-02-04 16:00:00+01:00,19.68,21.24,22.5,17.42,14.3,50.099998,39.200001,76.0,13.0,5.028
2021-02-04 16:15:00+01:00,19.855,21.254999,22.5,18.0,14.3,49.869999,39.16,76.0,12.0,5.004
2021-02-04 17:00:00+01:00,19.85,21.234999,22.5,17.98,14.3,50.469997,39.529999,82.0,12.0,5.076
2021-02-04 17:30:00+01:00,19.955,21.234999,22.5,18.1,13.3,50.989998,39.82,84.5,12.0,5.004
2021-02-04 17:45:00+01:00,19.52,21.205,22.5,17.84,13.3,51.869999,39.919998,87.0,13.0,5.016
2021-02-04 18:00:00+01:00,19.674999,21.215,22.5,17.82,13.3,52.0,40.09,87.0,12.0,5.016
2021-02-04 18:15:00+01:00,19.58,21.215,22.5,17.26,12.3,52.009998,40.25,87.0,13.0,5.004
2021-02-04 18:30:00+01:00,19.27,21.215,22.5,17.379999,12.3,52.75,40.299999,90.0,12.0,5.004
2021-02-05 06:15:00+01:00,19.199999,19.91,22.5,17.48,10.3,54.399998,42.139999,100.0,10.0,5.016
2021-02-05 08:00:00+01:00,19.26,19.699999,22.5,17.379999,9.3,55.079998,44.439999,100.0,12.0,5.016
2021-02-05 09:45:00+01:00,19.609999,20.814999,22.5,17.74,10.3,54.849998,43.509998,100.0,13.0,5.016
2021-02-05 10:00:00+01:00,19.27,21.084999,22.5,17.42,10.3,55.469997,43.079998,100.0,12.0,5.016
2021-02-05 10:15:00+01:00,19.279999,21.164999,22.5,16.959999,10.3,55.149998,43.079998,100.0,12.0,5.028
2021-02-05 11:00:00+01:00,19.654999,21.164999,22.5,17.779999,10.3,55.689999,43.579998,96.5,12.0,5.016
2021-02-05 11:15:00+01:00,19.609999,21.189999,22.5,17.58,11.3,54.959999,43.689999,93.0,14.0,5.004
2021-02-05 11:30:00+01:00,19.885,21.254999,22.5,17.98,11.3,54.32,43.66,93.0,12.0,5.016
2021-02-05 12:00:00+01:00,19.785,21.5,22.5,17.98,11.3,55.43,43.529999,93.0,12.0,5.004
2021-02-05 12:15:00+01:00,19.734999,21.57,22.5,17.66,11.3,55.719997,43.43,93.0,12.0,5.016
2021-02-05 12:30:00+01:00,19.955,21.615,22.5,18.08,11.3,55.709999,43.469997,93.0,13.0,5.04
2021-02-05 13:00:00+01:00,19.965,21.66,22.5,18.119999,12.3,54.610001,43.299999,93.0,12.0,5.016
2021-02-05 14:30:00+01:00,19.1,21.76,22.5,17.66,13.3,56.719997,43.07,87.0,14.0,5.016
2021-02-05 15:15:00+01:00,19.064999,21.66,22.5,17.82,14.3,56.789997,43.23,87.0,12.0,5.016
2021-02-05 16:00:00+01:00,18.77,21.764999,22.5,17.699999,13.3,58.139999,43.459999,84.5,12.0,5.028
2021-02-05 17:00:00+01:00,19.34,21.949999,22.5,18.0,14.3,57.07,43.349998,84.5,13.0,5.04
2021-02-05 17:15:00+01:00,19.205,21.9,22.5,17.82,14.3,57.029999,43.559998,87.0,12.0,5.004
2021-02-05 18:15:00+01:00,19.34,21.84,22.5,17.9,13.3,57.039997,43.689999,93.0,12.0,5.004
2021-02-05 18:30:00+01:00,19.764999,21.83,22.5,17.699999,13.3,55.799999,43.59,93.0,13.0,5.04
2021-02-06 07:00:00+01:00,19.41,19.959999,22.5,17.539999,10.3,54.189999,44.439999,100.0,12.0,5.004
2021-02-06 09:15:00+01:00,19.539999,20.67,22.5,17.639999,11.3,54.869999,43.259998,100.0,12.0,5.016
2021-02-06 10:00:00+01:00,19.449999,20.529999,22.5,17.6,11.3,55.169998,43.799999,100.0,13.0,5.04
2021-02-06 10:15:00+01:00,19.365,20.504999,22.5,17.559999,11.3,54.889999,43.93,100.0,12.0,5.004
2021-02-06 11:30:00+01:00,19.635,20.289999,22.5,17.74,11.3,54.809998,44.539997,100.0,12.0,5.016
2021-02-06 12:00:00+01:00,19.02,20.734999,22.5,17.279999,12.3,55.73,44.219997,100.0,12.0,5.004
2021-02-08 04:15:00+01:00,17.844999,18.4,22.5,16.08,9.3,52.039997,43.559998,100.0,10.0,5.004
2021-02-08 05:45:00+01:00,17.455,18.039999,22.5,15.62,9.3,51.27,43.049999,100.0,12.0,5.016
2021-02-08 06:15:00+01:00,17.17,17.99,22.5,15.299999,9.3,51.889999,42.77,100.0,12.0,5.004
2021-02-08 06:45:00+01:00,16.959999,17.93,22.5,15.16,9.3,51.059998,42.540001,100.0,12.0,5.004
2021-02-08 07:30:00+01:00,17.375,19.025,22.5,15.559999,9.3,50.709999,40.34,100.0,12.0,5.052
2021-02-08 07:45:00+01:00,17.555,19.324999,22.5,15.74,9.3,49.549999,39.489998,100.0,13.0,5.052
2021-02-08 08:00:00+01:00,17.605,19.545,22.5,15.78,9.3,49.189999,38.82,100.0,12.0,5.016
2021-02-08 08:15:00+01:00,17.615,19.674999,22.5,15.78,9.3,49.649998,38.34,100.0,13.0,5.016
2021-02-08 08:30:00+01:00,17.625,19.795,22.5,15.799999,9.3,48.579998,38.029999,100.0,12.0,5.04
2021-02-08 08:45:00+01:00,17.605,19.889999,22.5,15.78,9.3,48.27,37.649998,100.0,12.0,5.016
2021-02-08 09:00:00+01:00,17.654999,19.98,22.5,15.86,9.3,48.329998,37.439999,100.0,14.0,5.052
2021-02-08 09:15:00+01:00,17.744999,20.059999,22.5,15.92,8.3,49.209999,37.279999,100.0,12.0,5.004
2021-02-08 09:30:00+01:00,17.795,20.119999,22.5,15.98,9.3,48.619999,37.329998,100.0,13.0,5.016
2021-02-08 09:45:00+01:00,17.805,20.17,22.5,16.0,9.3,47.700001,37.329998,100.0,12.0,5.016
2021-02-08 10:30:00+01:00,18.184999,20.645,22.5,16.379999,9.3,47.73,36.689999,96.5,13.0,5.04
2021-02-08 10:45:00+01:00,18.66,20.795,22.5,16.859999,9.3,47.139999,36.559998,93.0,12.0,5.016
2021-02-08 11:00:00+01:00,18.66,20.934999,22.5,16.82,10.3,46.439999,36.380001,90.0,12.0,5.016
2021-02-08 11:15:00+01:00,18.885,21.084999,22.5,17.039999,11.3,47.509998,36.09,87.0,13.0,5.028
2021-02-08 11:30:00+01:00,19.02,21.215,22.5,17.119999,12.3,47.200001,36.059998,87.0,12.0,5.004
2021-02-08 11:45:00+01:00,19.0,21.334999,22.5,17.18,13.3,46.68,36.02,87.0,14.0,5.028
2021-02-08 12:00:00+01:00,19.48,21.439999,22.5,17.619999,13.3,46.719997,35.869999,84.0,12.0,5.112
2021-02-08 12:15:00+01:00,19.6,21.535,22.5,17.74,13.3,46.82,35.829998,81.0,13.0,5.052
2021-02-08 12:45:00+01:00,20.445,21.689999,22.5,18.440001,14.3,45.009998,35.91,66.0,13.0,5.016
2021-02-08 13:00:00+01:00,20.465,21.705,22.5,18.539999,16.299999,45.639999,35.91,64.0,12.0,5.088
2021-02-08 13:15:00+01:00,19.965,21.719999,22.5,17.84,16.299999,46.25,35.91,62.0,13.0,5.076
2021-02-08 13:30:00+01:00,19.824999,21.74,22.5,18.0,16.299999,46.379997,35.91,62.0,12.0,5.076
2021-02-08 13:45:00+01:00,19.809999,21.744999,22.5,18.0,16.299999,44.579998,35.619999,62.0,13.0,5.028
2021-02-08 14:00:00+01:00,19.764999,21.799999,22.5,18.1,17.299999,44.41,35.079998,56.0,12.0,5.076
2021-02-08 14:15:00+01:00,19.295,21.859999,22.5,17.799999,17.299999,45.57,34.709999,50.0,14.0,5.088
2021-02-08 14:30:00+01:00,20.004999,21.924999,22.5,18.119999,16.299999,44.849998,34.709999,52.0,12.0,5.076
2021-02-08 14:45:00+01:00,20.154999,22.039999,22.5,18.24,17.299999,44.399998,34.549999,54.0,13.0,5.076
2021-02-08 15:00:00+01:00,19.41,22.244999,22.5,17.219999,16.299999,45.389999,34.169998,54.0,13.0,5.076
2021-02-08 15:15:00+01:00,19.58,22.309999,22.5,17.08,17.299999,43.540001,33.98,54.0,12.0,5.076
2021-02-08 15:30:00+01:00,19.369999,22.279999,22.5,16.92,17.299999,44.93,34.009998,54.0,13.0,5.124
2021-02-08 15:45:00+01:00,19.369999,22.43,22.5,17.42,17.299999,45.599998,33.709999,54.0,12.0,5.076
2021-02-08 16:00:00+01:00,19.51,22.48,22.5,17.299999,17.299999,44.329998,33.43,56.0,13.0,5.028
2021-02-08 16:15:00+01:00,19.564999,22.644999,22.5,16.959999,16.299999,44.09,33.130001,58.0,14.0,5.04
2021-02-08 16:30:00+01:00,19.73,22.74,22.5,17.779999,17.299999,44.059998,32.989998,60.0,12.0,5.088
2021-02-08 16:45:00+01:00,19.705,22.74,22.5,17.9,15.3,40.719997,32.0,62.0,13.0,5.076
2021-02-08 17:00:00+01:00,18.75,22.754999,22.5,17.359999,15.3,40.439999,30.929998,66.5,13.0,5.028
2021-02-08 17:15:00+01:00,18.99,22.754999,22.5,17.719999,15.3,41.029999,30.41,71.0,12.0,5.172
2021-02-08 17:30:00+01:00,18.754999,22.65,22.5,17.4,14.3,45.25,30.799999,71.0,13.0,5.088
2021-02-08 17:45:00+01:00,19.355,22.664999,22.5,17.119999,13.3,44.739998,31.51,71.0,13.0,5.076
2021-02-08 18:00:00+01:00,19.43,22.674999,22.5,17.34,12.3,45.099998,32.139999,71.0,12.0,5.016
2021-02-08 18:15:00+01:00,18.639999,22.559999,22.5,17.199999,12.3,47.559998,32.849998,71.0,14.0,5.064
2021-02-08 18:30:00+01:00,18.324999,22.504999,22.5,17.4,11.3,47.68,33.419998,73.5,12.0,5.076
2021-02-08 18:45:00+01:00,18.324999,22.504999,22.5,17.379999,11.3,47.419998,33.43,76.0,13.0,5.052
2021-02-08 19:00:00+01:00,18.244999,22.445,22.5,17.0,11.3,46.18,33.459999,78.5,13.0,5.1
2021-02-08 19:15:00+01:00,18.93,22.41,22.5,17.18,11.3,44.539997,33.110001,81.0,12.0,5.064
2021-02-08 19:30:00+01:00,19.475,22.355,22.5,17.859999,10.3,43.509998,32.84,81.0,13.0,5.004
2021-02-09 07:00:00+01:00,18.105,19.41,22.5,16.26,8.3,45.599998,36.07,81.0,12.0,5.004
2021-02-09 07:15:00+01:00,17.904999,19.355,22.5,16.08,8.3,45.879997,35.860001,81.0,12.0,5.052
2021-02-09 07:45:00+01:00,17.67,19.244999,22.5,15.86,8.3,45.289997,35.52,81.0,13.0,5.076
2021-02-09 08:30:00+01:00,17.934999,20.035,22.5,16.1,8.3,44.959999,33.869999,84.0,12.0,5.028
2021-02-09 08:45:00+01:00,18.09,20.279999,22.5,16.279999,8.3,44.379997,33.369999,87.0,13.0,5.04
2021-02-09 09:00:00+01:00,18.174999,20.334999,22.5,16.34,8.3,43.84,33.169998,87.0,12.0,5.004
2021-02-09 09:45:00+01:00,18.6,20.504999,22.5,16.74,8.3,44.829998,33.559998,70.0,12.0,5.028
2021-02-09 10:00:00+01:00,18.59,20.775,22.5,16.779999,8.3,44.41,33.239998,70.0,13.0,5.016
2021-02-09 10:15:00+01:00,18.695,20.924999,22.5,16.859999,8.3,43.52,32.98,70.0,13.0,5.028
2021-02-09 10:30:00+01:00,18.93,21.014999,22.5,17.059999,8.3,42.889999,32.709999,68.0,12.0,5.004
2021-02-09 10:45:00+01:00,19.119999,21.094999,22.5,17.32,9.3,42.379997,32.450001,66.0,12.0,5.016
2021-02-09 11:00:00+01:00,19.465,21.105,22.5,17.58,10.3,41.91,32.209999,66.0,14.0,5.028
2021-02-09 11:15:00+01:00,19.705,21.244999,22.5,17.799999,11.3,41.450001,32.0,66.0,12.0,5.052
2021-02-09 11:30:00+01:00,19.965,21.285,22.5,18.02,11.3,41.099998,31.679998,64.0,12.0,5.016
2021-02-09 12:00:00+01:00,20.33,21.395,22.5,18.440001,14.3,40.5,31.299999,58.0,13.0,5.088
2021-02-09 12:30:00+01:00,19.834999,21.455,22.5,18.039999,15.3,41.759998,31.379999,56.0,13.0,5.148
2021-02-09 12:45:00+01:00,19.73,21.459999,22.5,17.82,15.3,41.639999,31.439999,58.0,12.0,5.028
2021-02-09 13:00:00+01:00,19.824999,21.469999,22.5,17.6,15.3,42.139999,31.439999,56.0,13.0,5.064
2021-02-09 13:15:00+01:00,19.955,21.525,22.5,17.84,17.299999,41.889999,31.4,54.0,12.0,5.028
2021-02-09 13:30:00+01:00,19.965,21.549999,22.5,17.66,17.299999,42.049999,31.439999,52.0,14.0,5.028
2021-02-09 13:45:00+01:00,19.459999,21.545,22.5,18.0,17.299999,43.079998,31.639999,50.0,12.0,5.076
2021-02-09 14:00:00+01:00,19.615,21.5,22.5,17.5,18.299999,43.41,31.969999,52.0,13.0,5.016
2021-02-09 14:15:00+01:00,19.139999,21.494999,22.5,17.1,17.299999,44.32,32.209999,54.0,12.0,5.016
2021-02-09 14:30:00+01:00,19.279999,21.564999,22.5,17.059999,17.299999,44.829998,32.399998,54.0,13.0,5.076
2021-02-09 14:45:00+01:00,19.559999,21.645,22.5,17.639999,19.299999,43.91,32.309998,54.0,12.0,5.088
2021-02-09 15:00:00+01:00,19.564999,21.664999,22.5,17.32,18.299999,43.899998,32.360001,54.0,13.0,5.052
2021-02-09 15:15:00+01:00,19.189999,21.689999,22.5,17.359999,18.299999,44.52,32.439999,54.0,12.0,5.016
2021-02-09 15:30:00+01:00,18.84,21.699999,22.5,17.34,19.299999,45.110001,32.599998,52.0,13.0,5.016
2021-02-09 15:45:00+01:00,18.77,21.629999,22.5,17.5,19.299999,45.189999,32.709999,50.0,12.0,5.1
2021-02-09 16:00:00+01:00,18.639999,21.52,22.5,17.119999,19.299999,44.709999,32.869999,52.0,14.0,5.1
2021-02-09 16:15:00+01:00,19.58,21.434999,22.5,17.859999,20.299999,43.369999,32.84,54.0,12.0,5.136
2021-02-09 16:30:00+01:00,18.684999,21.49,22.5,17.279999,19.299999,44.669998,32.649998,58.0,13.0,5.064
2021-02-09 16:45:00+01:00,18.84,21.504999,22.5,17.42,17.299999,44.32,32.630001,62.0,13.0,5.1
2021-02-09 17:00:00+01:00,18.664999,21.504999,22.5,17.16,16.299999,44.209999,32.469997,66.5,12.0,5.04
2021-02-09 17:15:00+01:00,18.719999,21.484999,22.5,17.34,16.299999,44.399998,32.360001,71.0,13.0,5.016
2021-02-09 17:30:00+01:00,18.609999,21.455,22.5,17.119999,16.299999,45.129997,32.399998,73.5,12.0,5.052
2021-02-09 17:45:00+01:00,18.459999,21.404999,22.5,16.879999,15.3,45.959999,32.759998,76.0,13.0,5.064
2021-02-09 18:00:00+01:00,18.59,21.434999,22.5,17.219999,15.3,45.849998,32.959999,73.5,12.0,5.028
2021-02-09 18:15:00+01:00,18.4,21.434999,22.5,17.359999,15.3,46.02,33.079998,71.0,14.0,5.1
2021-02-09 18:30:00+01:00,18.504999,21.375,22.5,17.379999,14.3,46.189999,33.16,73.5,13.0,5.1
2021-02-09 18:45:00+01:00,18.4,21.314999,22.5,17.299999,14.3,46.139999,33.290001,76.0,12.0,5.088
2021-02-09 19:00:00+01:00,18.859999,21.225,22.5,17.48,13.3,46.07,33.450001,73.5,13.0,5.052
2021-02-09 19:15:00+01:00,18.975,21.195,22.5,17.42,13.3,47.469997,33.969997,71.0,12.0,5.064
2021-02-09 19:30:00+01:00,19.24,21.215,22.5,17.5,13.3,47.029999,34.200001,73.5,12.0,5.016
2021-02-09 19:45:00+01:00,19.445,21.164999,22.5,17.32,12.3,46.539997,34.489998,76.0,13.0,5.028
2021-02-10 06:45:00+01:00,18.949999,19.664999,22.5,17.059999,8.3,50.75,38.829998,100.0,12.0,5.016
2021-02-10 07:15:00+01:00,18.77,19.625,22.5,16.9,8.3,50.119999,39.16,100.0,12.0,5.04
2021-02-10 07:30:00+01:00,18.719999,19.6,22.5,16.859999,8.3,50.34,39.279999,100.0,13.0,5.028
2021-02-10 07:45:00+01:00,18.775,19.574999,22.5,16.9,8.3,50.599998,39.459999,100.0,14.0,5.088
2021-02-10 08:00:00+01:00,18.74,19.564999,22.5,16.84,8.3,50.149998,39.469997,96.5,12.0,5.064
2021-02-10 08:15:00+01:00,18.799999,19.9,22.5,16.940001,8.3,50.02,39.099998,93.0,12.0,5.064
2021-02-10 08:30:00+01:00,18.949999,20.33,22.5,17.059999,9.3,50.360001,38.389999,96.5,13.0,5.064
2021-02-10 08:45:00+01:00,19.059999,20.504999,22.5,17.16,8.3,50.279999,38.079998,100.0,12.0,5.088
2021-02-10 09:00:00+01:00,19.1,20.549999,22.5,17.219999,8.3,49.450001,38.029999,100.0,13.0,5.076
2021-02-10 09:15:00+01:00,19.18,20.67,22.5,17.299999,9.3,49.129997,38.169998,100.0,12.0,5.088
2021-02-10 09:30:00+01:00,19.24,21.059999,22.5,17.34,9.3,49.75,37.799999,96.5,13.0,5.052
2021-02-10 09:45:00+01:00,19.26,21.244999,22.5,17.4,9.3,49.389999,37.599998,93.0,12.0,5.028
2021-02-10 10:15:00+01:00,19.41,21.59,22.5,17.559999,9.3,48.73,37.18,87.0,12.0,5.004
2021-02-10 10:30:00+01:00,19.529999,21.615,22.5,17.66,10.3,49.789997,37.349998,84.0,14.0,5.016
2021-02-10 11:00:00+01:00,19.559999,21.5,22.5,17.699999,10.3,48.779999,37.649998,81.0,12.0,5.04
2021-02-10 11:15:00+01:00,19.715,21.504999,22.5,17.799999,10.3,48.559998,37.579998,81.0,13.0,5.1
2021-02-10 11:30:00+01:00,19.805,21.615,22.5,17.859999,10.3,48.16,37.32,78.5,12.0,5.04
2021-02-10 11:45:00+01:00,19.984999,21.809999,22.5,18.139999,10.3,47.459999,37.07,76.0,13.0,5.028
2021-02-10 12:00:00+01:00,20.17,21.939999,22.5,18.24,10.3,45.73,36.829998,76.0,12.0,5.004
2021-02-10 12:15:00+01:00,20.324999,22.004999,22.5,18.379999,10.3,46.360001,36.669998,76.0,13.0,5.04
2021-02-10 12:30:00+01:00,19.674999,22.01,22.5,18.0,12.3,47.419998,36.75,76.0,12.0,5.076
2021-02-10 12:45:00+01:00,19.529999,21.965,22.5,18.1,17.4,48.25,36.559998,76.0,13.0,5.112
2021-02-10 13:00:00+01:00,19.389999,21.92,22.5,18.039999,15.4,47.709999,36.369999,76.0,12.0,5.04
2021-02-10 13:15:00+01:00,19.555,21.959999,22.5,17.940001,15.4,47.0,36.169998,76.0,14.0,5.124
2021-02-10 13:30:00+01:00,19.705,22.01,22.5,17.799999,14.4,47.219997,35.84,76.0,12.0,5.052
2021-02-10 13:45:00+01:00,19.314999,22.23,22.5,17.219999,18.4,47.329998,35.549999,76.0,13.0,5.064
2021-02-10 14:00:00+01:00,18.74,22.289999,22.5,17.619999,17.299999,48.57,35.169998,73.5,12.0,5.028
2021-02-10 14:15:00+01:00,19.529999,22.299999,22.5,17.0,18.299999,47.509998,34.939999,71.0,13.0,5.052
2021-02-10 14:30:00+01:00,19.295,22.119999,22.5,17.379999,16.299999,46.739998,35.149998,71.0,12.0,5.016
2021-02-10 14:45:00+01:00,19.529999,22.01,22.5,17.6,19.299999,47.52,35.149998,71.0,13.0,5.052
2021-02-10 15:00:00+01:00,19.449999,22.01,22.5,17.539999,18.299999,47.559998,35.189999,69.0,12.0,5.1
2021-02-10 15:15:00+01:00,19.379999,22.01,22.5,16.84,19.299999,48.099998,35.290001,67.0,13.0,5.028
2021-02-10 15:30:00+01:00,19.439999,22.379999,22.5,16.959999,19.299999,48.029999,35.130001,67.0,12.0,5.088
2021-02-10 15:45:00+01:00,19.389999,22.549999,22.5,17.42,18.299999,48.059998,35.040001,67.0,14.0,5.04
2021-02-10 16:00:00+01:00,18.754999,22.539999,22.5,17.58,18.299999,50.219997,35.059998,67.0,12.0,5.052
2021-02-10 16:15:00+01:00,19.205,22.51,22.5,17.5,17.299999,49.360001,35.450001,67.0,13.0,5.052
2021-02-10 16:30:00+01:00,19.299999,22.744999,22.5,17.279999,17.299999,49.219997,35.459999,69.0,12.0,5.028
2021-02-10 16:45:00+01:00,19.41,22.959999,22.5,16.859999,16.299999,48.919998,35.18,71.0,13.0,5.04
2021-02-10 17:00:00+01:00,19.33,23.004999,22.5,16.76,16.299999,49.52,35.18,73.5,12.0,5.04
2021-02-10 17:15:00+01:00,18.690001,22.859999,22.5,17.279999,15.3,49.829998,35.259998,76.0,13.0,5.04
2021-02-10 17:30:00+01:00,18.52,22.754999,22.5,17.48,14.3,50.529999,35.360001,78.5,12.0,5.052
2021-02-10 17:45:00+01:00,18.494999,22.855,22.5,17.119999,14.3,50.879997,35.200001,81.0,13.0,5.124
2021-02-10 18:00:00+01:00,18.459999,22.709999,22.5,17.199999,13.3,51.459999,35.52,81.0,12.0,5.04
2021-02-10 18:15:00+01:00,18.6,22.664999,22.5,17.359999,13.3,51.299999,35.639999,81.0,14.0,5.1
2021-02-10 18:30:00+01:00,18.709999,22.639999,22.5,17.059999,13.3,51.349998,35.809998,81.0,12.0,5.028
2021-02-10 18:45:00+01:00,19.449999,22.629999,22.5,17.440001,12.3,49.700001,35.869999,81.0,13.0,5.112
2021-02-10 19:00:00+01:00,19.594999,22.609999,22.5,17.799999,12.3,49.450001,35.869999,81.0,12.0,5.028
2021-02-10 19:15:00+01:00,19.885,22.609999,22.5,18.139999,11.3,48.52,35.809998,81.0,13.0,5.016
2021-02-10 19:30:00+01:00,19.84,22.615,22.5,17.940001,11.3,47.889999,35.579998,87.0,12.0,5.052
2021-02-11 08:00:00+01:00,17.875,19.664999,22.5,16.08,5.3,46.169998,36.09,87.0,12.0,5.052
2021-02-11 08:30:00+01:00,17.959999,20.309999,22.5,16.24,6.3,46.860001,34.829998,81.0,14.0,5.028
2021-02-11 09:15:00+01:00,18.41,20.32,22.5,16.6,6.3,45.399998,34.329998,76.0,13.0,5.004
2021-02-11 10:15:00+01:00,19.154999,21.215,22.5,17.299999,8.3,45.049999,33.77,54.0,12.0,5.052
2021-02-11 11:15:00+01:00,20.145,21.625,22.5,18.24,12.3,44.399998,33.779999,71.0,12.0,5.016
2021-02-11 11:30:00+01:00,20.375,21.625,22.5,18.5,12.3,43.43,33.84,66.5,12.0,5.1
2021-02-11 11:45:00+01:00,20.584999,21.615,22.5,18.459999,13.3,42.469997,33.739998,62.0,12.0,5.004
2021-02-11 12:00:00+01:00,19.559999,21.615,22.5,17.779999,13.3,43.009998,33.540001,60.0,14.0,5.004
2021-02-11 12:30:00+01:00,19.76,21.699999,22.5,18.199999,14.3,43.389999,32.799999,56.0,13.0,5.028
2021-02-11 12:45:00+01:00,19.969999,21.91,22.5,18.1,14.3,42.75,32.389999,54.0,13.0,5.1
2021-02-11 13:00:00+01:00,19.564999,21.969999,22.5,17.32,15.3,43.599998,32.349998,50.5,12.0,5.016
2021-02-11 13:15:00+01:00,19.27,22.01,22.5,17.379999,15.3,43.950001,32.189999,47.0,12.0,5.088
2021-02-11 13:30:00+01:00,19.449999,22.08,22.5,17.02,15.3,44.16,32.130001,45.5,13.0,5.04
2021-02-11 13:45:00+01:00,19.564999,22.129999,22.5,17.1,15.3,41.809998,31.969999,44.0,12.0,5.076
2021-02-11 14:00:00+01:00,19.4,22.219999,22.5,17.199999,15.3,41.989998,31.469999,39.5,13.0,5.04
2021-02-11 14:15:00+01:00,19.389999,22.385,22.5,17.92,15.3,40.09,30.66,35.0,12.0,5.064
2021-02-11 14:30:00+01:00,19.529999,22.389999,22.5,18.18,15.3,40.349998,29.859999,36.5,14.0,5.064
2021-02-11 14:45:00+01:00,19.639999,22.199999,22.5,18.299999,16.299999,39.279999,29.289999,38.0,13.0,5.088
2021-02-11 15:00:00+01:00,19.924999,22.049999,22.5,18.32,16.299999,38.139999,28.879999,36.5,12.0,5.052
2021-02-11 15:15:00+01:00,19.93,21.949999,22.5,17.76,16.299999,37.91,28.469999,35.0,12.0,5.016
2021-02-11 15:30:00+01:00,20.15,21.91,22.5,17.940001,16.299999,37.41,28.34,38.0,13.0,5.004
2021-02-11 15:45:00+01:00,20.105,21.9,22.5,17.82,16.299999,36.009998,27.799999,41.0,13.0,5.1
2021-02-11 16:00:00+01:00,20.439999,21.869999,22.5,18.1,15.3,33.880001,26.99,39.5,12.0,5.1
2021-02-11 16:15:00+01:00,20.289999,21.844999,22.5,18.699999,15.3,32.709999,25.969999,38.0,13.0,5.076
2021-02-11 16:30:00+01:00,19.975,21.799999,22.5,18.539999,15.3,32.630001,25.279999,41.0,12.0,5.076
2021-02-11 16:45:00+01:00,20.16,21.719999,22.5,18.699999,15.3,33.52,24.879999,44.0,14.0,5.1
2021-02-11 17:00:00+01:00,20.254999,21.664999,22.5,18.74,16.299999,33.579998,24.959999,49.0,12.0,5.1
2021-02-11 17:15:00+01:00,20.145,21.654999,22.5,17.779999,15.3,33.57,24.769999,54.0,13.0,5.016
2021-02-11 17:30:00+01:00,19.73,21.59,22.5,17.58,15.3,34.169998,24.83,50.5,13.0,5.076
2021-02-11 17:45:00+01:00,19.965,21.525,22.5,17.699999,14.3,34.579998,25.1,47.0,12.0,5.112
2021-02-11 18:15:00+01:00,18.799999,21.434999,22.5,17.4,13.3,35.599998,25.25,54.0,12.0,5.052
2021-02-11 18:30:00+01:00,18.59,21.365,22.5,17.34,13.3,35.759998,25.359999,53.5,12.0,5.052
2021-02-11 18:45:00+01:00,18.594999,21.305,22.5,17.059999,12.3,35.689999,25.32,53.0,13.0,5.028
2021-02-11 19:00:00+01:00,19.15,21.35,22.5,17.76,12.3,35.540001,25.16,57.0,12.0,5.016
2021-02-11 19:45:00+01:00,18.395,21.094999,22.5,16.859999,11.3,37.239998,25.529999,57.0,13.0,5.004
2021-02-11 20:00:00+01:00,18.484999,21.014999,22.5,17.42,11.3,37.779999,25.889999,59.0,12.0,5.016
2021-02-12 09:30:00+01:00,18.264999,20.504999,22.5,16.5,7.9,43.029999,31.49,87.0,12.0,5.016
2021-02-16 07:30:00+01:00,19.855,18.684999,22.5,17.84,6.1,31.549999,22.17,74.0,12.0,5.052
2021-02-16 10:15:00+01:00,17.305,20.385,22.5,15.559999,7.1,35.599998,23.029999,61.0,12.0,5.016
2021-02-16 10:45:00+01:00,17.619999,20.715,22.5,15.9,7.1,35.309998,23.529999,57.0,12.0,5.004
2021-02-16 13:30:00+01:00,19.975,21.699999,22.5,18.08,15.1,31.929998,20.93,38.0,14.0,5.004
2021-02-16 14:15:00+01:00,20.5,22.154999,22.5,18.559999,14.1,29.459999,19.809999,37.0,13.0,5.028
2021-02-16 15:15:00+01:00,19.68,22.18,22.5,17.959999,15.1,30.91,19.539999,37.0,13.0,5.04
2021-02-16 16:00:00+01:00,19.574999,22.644999,22.5,17.779999,15.1,32.189999,20.049999,38.5,13.0,5.004
2021-02-16 16:45:00+01:00,19.615,22.449999,22.5,17.66,13.1,31.959999,20.15,40.0,12.0,5.016
2021-02-16 17:00:00+01:00,19.744999,22.414999,22.5,18.039999,13.1,31.57,20.119999,43.0,12.0,5.004
2021-02-16 17:15:00+01:00,19.68,22.529999,22.5,17.959999,12.1,31.57,19.93,46.0,13.0,5.028
2021-02-16 18:00:00+01:00,19.875,22.564999,22.5,17.559999,11.1,31.08,19.66,49.0,12.0,5.016
2021-02-16 18:30:00+01:00,19.734999,22.615,22.5,17.440001,10.1,31.959999,19.539999,49.0,12.0,5.028
2021-02-16 18:45:00+01:00,19.529999,22.615,22.5,17.82,10.1,32.419998,19.619999,49.0,13.0,5.028
2021-02-16 19:00:00+01:00,19.564999,22.555,22.5,17.879999,10.1,32.279999,19.66,49.0,13.0,5.052
2021-02-16 22:30:00+01:00,18.9,20.855,22.5,17.02,9.1,34.77,21.959999,72.5,12.0,5.004
2021-02-17 01:15:00+01:00,18.059999,19.959999,22.5,16.24,9.1,36.029999,23.51,70.0,13.0,5.016
2021-02-17 08:45:00+01:00,17.43,19.865,22.5,15.639999,7.1,38.119999,24.609999,70.0,12.0,5.004
2021-02-17 09:15:00+01:00,17.629999,20.174999,22.5,15.86,8.1,38.709999,24.84,75.0,12.0,5.028
2021-02-17 09:30:00+01:00,17.719999,20.375,22.5,15.92,8.1,39.969997,25.51,70.0,13.0,5.016
2021-02-17 09:45:00+01:00,17.885,20.645,22.5,16.08,9.1,40.23,26.57,65.0,12.0,5.004
2021-02-17 10:00:00+01:00,18.029999,20.885,22.5,16.199999,9.1,39.610001,26.389999,63.0,12.0,5.016
2021-02-17 10:45:00+01:00,18.07,21.379999,22.5,16.26,10.1,39.739998,26.48,61.0,12.0,5.004
2021-02-17 11:00:00+01:00,18.379999,21.549999,22.5,16.619999,11.1,38.82,26.369999,57.5,14.0,5.064
2021-02-17 11:15:00+01:00,18.68,21.719999,22.5,16.9,13.1,38.459999,27.969999,54.0,12.0,5.016
2021-02-17 11:45:00+01:00,19.35,22.014999,22.5,17.48,14.1,37.73,28.879999,54.0,13.0,5.016
2021-02-17 12:00:00+01:00,19.539999,22.215,22.5,17.66,15.1,37.279999,27.59,56.0,12.0,5.016
2021-02-17 12:15:00+01:00,19.844999,22.449999,22.5,17.92,16.1,37.059998,27.059999,58.0,13.0,5.016
2021-02-17 12:30:00+01:00,20.164999,22.555,22.5,18.26,16.1,37.059998,25.16,56.0,12.0,5.04
2021-02-17 13:00:00+01:00,20.619999,23.125,22.5,18.039999,17.1,37.450001,24.689999,54.0,12.0,5.016
2021-02-17 13:15:00+01:00,19.889999,23.189999,22.5,18.139999,17.1,38.709999,25.449999,54.0,12.0,5.04
2021-02-17 13:30:00+01:00,19.965,23.469999,22.5,18.059999,18.1,40.939999,25.049999,52.5,13.0,5.028
2021-02-17 13:45:00+01:00,20.115,23.34,22.5,17.82,18.1,40.77,26.459999,51.0,12.0,5.04
2021-02-17 14:00:00+01:00,20.135,23.24,22.5,18.059999,18.1,40.329998,27.0,51.0,14.0,5.112
2021-02-17 14:15:00+01:00,19.955,23.24,22.5,17.440001,18.1,40.950001,27.049999,51.0,12.0,5.052
2021-02-17 14:30:00+01:00,19.27,23.279999,22.5,17.68,18.1,41.75,27.049999,51.0,13.0,5.148
2021-02-17 14:45:00+01:00,18.844999,23.26,22.5,17.440001,19.1,42.529999,27.139999,51.0,13.0,5.052
2021-02-17 15:00:00+01:00,18.889999,23.33,22.5,17.58,19.1,42.75,27.019999,49.0,12.0,5.088
2021-02-17 15:15:00+01:00,18.609999,23.25,22.5,17.18,19.1,43.189999,27.18,47.0,13.0,5.04
2021-02-17 15:30:00+01:00,19.375,23.234999,22.5,17.719999,19.1,42.110001,27.379999,47.0,12.0,5.064
2021-02-17 15:45:00+01:00,19.404999,23.279999,22.5,18.039999,19.1,42.239998,27.279999,47.0,13.0,5.088
2021-02-17 16:00:00+01:00,18.59,23.279999,22.5,17.199999,19.1,43.290001,27.449999,45.5,12.0,5.088
2021-02-17 16:15:00+01:00,19.16,23.289999,22.5,17.52,19.1,42.450001,27.609999,44.0,12.0,5.052
2021-02-17 16:30:00+01:00,18.699999,23.209999,22.5,17.279999,18.1,43.450001,27.84,45.5,14.0,5.1
2021-02-17 16:45:00+01:00,18.869999,23.08,22.5,17.559999,18.1,43.509998,27.939999,47.0,12.0,5.1
2021-02-17 17:00:00+01:00,18.82,23.055,22.5,17.440001,18.1,43.799999,28.029999,50.5,13.0,5.124
2021-02-17 17:15:00+01:00,19.615,23.08,22.5,17.779999,18.1,43.149998,28.269999,54.0,13.0,5.016
2021-02-17 17:30:00+01:00,18.65,23.004999,22.5,17.26,17.1,44.610001,28.57,56.0,12.0,5.004
2021-02-17 17:45:00+01:00,19.07,22.975,22.5,17.5,17.1,43.959999,28.689999,58.0,13.0,5.016
2021-02-17 18:00:00+01:00,19.279999,22.994999,22.5,17.42,16.1,44.129997,28.84,58.0,12.0,5.04
2021-02-17 18:15:00+01:00,19.42,22.955,22.5,17.879999,15.1,44.16,29.119999,58.0,13.0,5.052
2021-02-17 18:30:00+01:00,19.74,22.865,22.5,17.24,14.1,43.889999,29.299999,60.0,12.0,5.04
2021-02-17 18:45:00+01:00,19.77,22.805,22.5,17.219999,13.1,43.939999,29.42,62.0,14.0,5.004
2021-02-17 19:00:00+01:00,19.984999,22.844999,22.5,17.639999,13.1,43.66,29.42,64.0,13.0,5.016
2021-02-17 19:15:00+01:00,19.68,22.894999,22.5,17.52,13.1,44.279999,29.519999,66.0,12.0,5.028
2021-02-17 19:30:00+01:00,19.645,22.844999,22.5,17.58,12.1,44.25,29.66,68.5,12.0,5.028
2021-02-17 19:45:00+01:00,19.715,22.785,22.5,17.940001,12.1,44.360001,29.74,71.0,13.0,5.04
2021-02-17 20:00:00+01:00,19.424999,22.695,22.5,18.059999,12.1,45.239998,29.969999,73.5,12.0,5.004
2021-02-17 20:15:00+01:00,19.279999,22.564999,22.5,17.76,12.1,45.509998,30.24,76.0,12.0,5.04
2021-02-17 20:30:00+01:00,19.314999,22.314999,22.5,17.799999,11.1,45.369999,30.559999,76.0,13.0,5.028
2021-02-17 21:45:00+01:00,19.754999,21.799999,22.5,17.940001,11.1,44.759998,32.09,76.0,14.0,5.016
2021-02-17 22:30:00+01:00,19.26,21.369999,22.5,17.32,11.1,45.529999,32.25,75.0,12.0,5.016
2021-02-17 22:45:00+01:00,19.674999,21.289999,22.5,17.799999,11.1,45.139999,32.380001,75.0,12.0,5.004
2021-02-17 23:00:00+01:00,19.23,21.205,22.5,17.219999,10.1,45.84,32.509998,75.0,13.0,5.004
2021-02-18 07:15:00+01:00,17.940001,19.48,22.5,16.1,9.1,48.079998,34.689999,87.0,12.0,5.016
2021-02-18 07:30:00+01:00,17.955,19.465,22.5,16.119999,9.1,48.18,34.899998,90.0,12.0,5.004
2021-02-18 08:30:00+01:00,18.309999,20.035,22.5,16.459999,9.1,47.329998,34.419998,87.0,12.0,5.04
2021-02-18 08:45:00+01:00,18.52,20.195,22.5,16.66,9.1,47.68,34.259998,87.0,14.0,5.028
2021-02-18 09:00:00+01:00,18.469999,20.264999,22.5,16.639999,9.1,46.619999,34.130001,84.0,12.0,5.076
2021-02-18 09:15:00+01:00,18.42,20.275,22.5,16.58,9.1,46.16,33.939999,81.0,13.0,5.028
2021-02-18 09:30:00+01:00,18.539999,20.234999,22.5,16.699999,9.1,46.029999,33.899998,81.0,12.0,5.016
2021-02-18 09:45:00+01:00,18.639999,20.334999,22.5,16.799999,9.1,46.629997,34.34,81.0,12.0,5.016
2021-02-18 10:45:00+01:00,19.244999,20.795,22.5,17.4,10.1,46.209999,34.439999,81.0,12.0,5.04
2021-02-18 11:00:00+01:00,19.199999,20.855,22.5,17.379999,12.1,46.110001,34.459999,78.5,12.0,5.004
2021-02-18 11:45:00+01:00,19.705,20.98,22.5,17.799999,11.1,45.709999,34.279999,76.0,14.0,5.028
2021-02-18 12:00:00+01:00,19.764999,21.064999,22.5,17.84,12.1,45.279999,34.209999,78.5,12.0,5.004
2021-02-18 12:15:00+01:00,19.965,21.094999,22.5,18.039999,12.1,45.200001,34.279999,81.0,12.0,5.052
2021-02-18 12:30:00+01:00,19.855,21.125,22.5,17.92,13.1,45.52,34.309998,78.5,12.0,5.004
2021-02-18 12:45:00+01:00,20.01,21.17,22.5,18.119999,13.1,45.649998,34.360001,76.0,13.0,5.052
2021-02-18 13:15:00+01:00,19.59,21.225,22.5,18.0,13.1,46.68,34.459999,76.0,12.0,5.028
2021-02-18 13:30:00+01:00,19.844999,21.174999,22.5,18.1,14.1,46.259998,34.689999,79.0,12.0,5.064
2021-02-18 14:45:00+01:00,19.824999,21.559999,22.5,17.799999,14.1,48.119999,35.299999,82.0,14.0,5.004
2021-02-18 15:00:00+01:00,19.43,21.639999,22.5,17.5,14.1,49.419998,35.43,82.0,12.0,5.004
2021-02-18 15:15:00+01:00,19.889999,21.68,22.5,17.859999,14.1,48.619999,35.66,82.0,12.0,5.004
2021-02-18 15:45:00+01:00,19.455,21.719999,22.5,17.699999,14.1,50.18,36.029999,82.0,12.0,5.088
2021-02-18 16:00:00+01:00,18.969999,21.82,22.5,17.940001,14.1,50.919998,36.18,82.0,12.0,5.04
2021-02-18 16:30:00+01:00,19.129999,21.809999,22.5,17.639999,13.1,51.02,36.48,82.0,13.0,5.004
2021-02-18 16:45:00+01:00,18.814999,21.77,22.5,17.0,13.1,52.199997,36.739998,82.0,12.0,5.004
2021-02-18 17:00:00+01:00,18.76,21.82,22.5,17.52,14.1,51.82,36.880001,82.0,13.0,5.04
2021-02-18 17:15:00+01:00,19.379999,21.949999,22.5,17.4,14.1,50.919998,36.759998,82.0,12.0,5.052
2021-02-18 17:30:00+01:00,18.969999,22.004999,22.5,17.219999,14.1,51.809998,36.860001,82.0,12.0,5.04
2021-02-18 17:45:00+01:00,19.635,21.959999,22.5,17.219999,14.1,50.68,37.0,82.0,14.0,5.016
2021-02-18 18:00:00+01:00,19.0,21.939999,22.5,17.9,14.1,51.899998,37.139999,84.5,12.0,5.1
2021-02-18 18:30:00+01:00,18.914999,21.859999,22.5,17.879999,13.1,52.07,37.259998,87.0,12.0,5.04
2021-02-18 18:45:00+01:00,18.869999,21.83,22.5,17.059999,13.1,51.669998,37.209999,87.0,13.0,5.004
2021-02-18 19:00:00+01:00,19.225,21.779999,22.5,17.42,13.1,50.869999,37.139999,87.0,12.0,5.064
2021-02-18 20:45:00+01:00,19.705,21.35,22.5,17.5,11.1,51.759998,38.329998,93.0,14.0,5.004
2021-02-18 23:00:00+01:00,19.43,20.715,22.5,17.559999,11.1,51.539997,39.07,93.0,12.0,5.004
2021-02-18 23:30:00+01:00,19.279999,20.584999,22.5,17.4,11.1,52.149998,39.25,90.0,13.0,5.016
2021-02-19 00:00:00+01:00,19.189999,20.475,22.5,17.299999,10.1,51.52,39.34,90.0,14.0,5.016
2021-02-19 01:30:00+01:00,18.98,20.18,22.5,17.1,11.1,52.149998,39.540001,93.0,12.0,5.016
2021-02-19 02:00:00+01:00,18.9,20.109999,22.5,17.02,9.1,50.009998,39.259998,93.0,12.0,5.016
2021-02-19 02:15:00+01:00,18.709999,20.049999,22.5,16.879999,9.1,50.469997,38.950001,93.0,12.0,5.016
2021-02-19 07:00:00+01:00,18.469999,19.51,22.5,16.639999,11.1,50.07,38.75,93.0,13.0,5.028
2021-02-19 07:15:00+01:00,18.51,19.504999,22.5,16.619999,11.1,50.419998,38.709999,93.0,12.0,5.004
2021-02-19 08:00:00+01:00,18.459999,19.455,22.5,16.58,11.1,49.43,38.52,87.0,12.0,5.004
2021-02-19 08:45:00+01:00,18.969999,20.514999,22.5,17.08,11.1,49.289997,37.200001,93.0,12.0,5.004
2021-02-19 09:45:00+01:00,19.16,20.594999,22.5,17.279999,11.1,48.709999,37.649998,87.0,12.0,5.016
2021-02-19 10:30:00+01:00,19.645,21.209999,22.5,17.779999,12.1,48.57,37.469997,78.5,12.0,5.004
2021-02-19 10:45:00+01:00,19.764999,21.365,22.5,17.859999,13.1,48.539997,37.23,76.0,14.0,5.004
2021-02-19 11:00:00+01:00,19.975,21.459999,22.5,18.119999,13.1,48.57,37.029999,73.5,12.0,5.016
2021-02-19 11:45:00+01:00,20.174999,21.709999,22.5,18.219999,14.1,48.549999,36.84,71.0,12.0,5.028
2021-02-19 12:00:00+01:00,19.83,21.76,22.5,18.059999,15.1,49.09,36.880001,73.5,12.0,5.016
2021-02-19 12:30:00+01:00,19.754999,21.889999,22.5,18.02,17.1,49.259998,36.799999,73.5,13.0,5.04
2021-02-19 13:00:00+01:00,19.85,21.91,22.5,17.559999,18.1,49.25,36.860001,69.0,12.0,5.04
2021-02-19 13:15:00+01:00,19.559999,21.9,22.5,17.9,19.1,49.139999,36.860001,67.0,12.0,5.04
2021-02-19 13:30:00+01:00,19.639999,21.85,22.5,18.119999,18.1,49.559998,36.829998,64.5,13.0,5.04
2021-02-19 13:45:00+01:00,18.84,21.83,22.5,17.26,18.1,51.23,36.98,62.0,12.0,5.04
2021-02-19 14:00:00+01:00,19.074999,21.82,22.5,17.32,19.1,51.110001,37.169998,64.5,14.0,5.004
2021-02-19 14:45:00+01:00,19.814999,21.949999,22.5,17.719999,18.0,49.889999,37.23,62.0,12.0,5.1
2021-02-19 15:00:00+01:00,19.279999,21.934999,22.5,17.52,18.1,50.84,37.329998,62.5,13.0,5.076
2021-02-19 15:15:00+01:00,19.23,21.949999,22.5,17.299999,19.1,50.610001,37.290001,63.0,12.0,5.1
2021-02-19 15:30:00+01:00,19.26,22.004999,22.5,17.66,17.1,50.5,37.23,65.0,13.0,5.088
2021-02-19 15:45:00+01:00,18.93,22.014999,22.5,17.539999,19.1,50.119999,37.07,67.0,12.0,5.064
2021-02-19 16:00:00+01:00,19.199999,22.01,22.5,17.82,18.1,50.27,36.880001,71.5,13.0,5.1
2021-02-19 16:15:00+01:00,18.949999,22.014999,22.5,17.6,18.1,50.129997,36.880001,76.0,12.0,5.052
2021-02-19 16:30:00+01:00,19.424999,22.049999,22.5,17.699999,17.1,49.039997,36.649998,73.5,14.0,5.016
2021-02-19 16:45:00+01:00,19.465,22.029999,22.5,17.639999,18.1,50.419998,36.649998,71.0,12.0,5.088
2021-02-19 17:15:00+01:00,19.23,22.08,22.5,17.779999,17.1,50.419998,36.849998,76.0,12.0,5.088
2021-02-19 17:30:00+01:00,18.66,22.1,22.5,17.219999,15.1,50.959999,36.779999,79.0,13.0,5.076
2021-02-19 17:45:00+01:00,18.74,22.07,22.5,17.119999,16.1,53.09,37.110001,82.0,13.0,5.016
2021-02-19 18:00:00+01:00,19.264999,22.129999,22.5,17.279999,15.1,51.989998,37.439999,82.0,12.0,5.04
2021-02-19 18:15:00+01:00,19.6,22.26,22.5,17.74,15.1,51.419998,37.52,82.0,12.0,5.1
2021-02-19 18:30:00+01:00,19.535,22.269999,22.5,17.16,15.1,51.389999,37.360001,82.0,13.0,5.052
2021-02-19 20:00:00+01:00,18.75,21.83,22.5,17.559999,13.1,53.48,38.309998,84.0,12.0,5.016
2021-02-19 20:45:00+01:00,19.73,21.59,22.5,17.68,12.1,51.82,38.669998,87.0,13.0,5.052
2021-02-19 23:30:00+01:00,19.459999,20.865,22.5,17.639999,11.1,51.809998,39.48,90.0,12.0,5.04
2021-02-20 00:15:00+01:00,19.494999,20.715,22.5,17.619999,10.1,50.969997,39.43,100.0,13.0,5.064
2021-02-20 02:15:00+01:00,19.139999,20.34,22.5,17.279999,10.1,50.68,39.43,100.0,12.0,5.028
2021-02-20 02:45:00+01:00,19.039999,20.26,22.5,17.139999,10.1,51.099998,39.439999,87.0,12.0,5.004
2021-02-20 05:45:00+01:00,18.244999,19.74,22.5,16.440001,9.1,50.599998,38.719997,93.0,12.0,5.004
2021-02-20 07:30:00+01:00,18.190001,19.58,22.5,16.34,8.1,50.23,38.489998,93.0,12.0,5.004
2021-02-20 09:15:00+01:00,18.629999,20.445,22.5,16.779999,9.1,49.459999,36.829998,93.0,12.0,5.04
2021-02-20 09:30:00+01:00,18.75,20.365,22.5,16.92,9.1,48.829998,36.91,90.0,14.0,5.04
2021-02-20 11:30:00+01:00,19.404999,20.49,22.5,17.5,15.1,46.689999,36.34,73.5,12.0,5.028
2021-02-20 12:45:00+01:00,19.799999,20.375,22.5,17.84,17.1,46.68,36.75,67.0,12.0,5.016
2021-02-20 13:15:00+01:00,19.969999,20.66,22.5,18.08,17.1,47.91,36.880001,62.0,13.0,5.028
2021-02-20 14:00:00+01:00,19.59,20.645,22.5,17.859999,18.1,50.09,37.879997,58.0,12.0,5.028
2021-02-20 14:15:00+01:00,19.865,20.625,22.5,17.559999,19.1,49.779999,38.200001,58.0,12.0,5.004
2021-02-20 14:45:00+01:00,17.334999,20.439999,22.5,16.08,19.1,54.949997,39.02,54.0,13.0,5.04
2021-02-20 15:00:00+01:00,17.555,20.4,22.5,16.26,19.1,54.349998,39.23,54.5,12.0,5.004
2021-02-20 15:15:00+01:00,18.084999,20.365,22.5,16.639999,19.1,52.77,39.149998,55.0,13.0,5.028
2021-02-20 16:15:00+01:00,21.34,20.469999,22.5,19.34,19.1,46.509998,38.849998,58.0,13.0,5.052
2021-02-20 17:30:00+01:00,19.18,20.219999,22.5,17.6,18.1,49.459999,38.509998,69.0,13.0,5.088
2021-02-20 18:00:00+01:00,18.959999,20.17,22.5,17.779999,17.1,49.899998,38.509998,73.5,13.0,5.004
2021-02-20 18:30:00+01:00,18.939999,20.109999,22.5,17.139999,15.1,50.349998,38.759998,76.0,12.0,5.004
2021-02-20 18:45:00+01:00,19.33,20.07,22.5,17.699999,14.1,49.419998,38.829998,76.0,14.0,5.028
2021-02-20 19:45:00+01:00,19.43,20.014999,22.5,17.199999,13.1,50.919998,39.939999,82.0,12.0,5.028
2021-02-20 20:45:00+01:00,19.549999,19.949999,22.5,17.76,12.1,50.950001,40.639999,87.0,12.0,5.04
2021-02-20 21:00:00+01:00,19.26,19.93,22.5,17.619999,12.1,51.219997,40.719997,84.0,12.0,5.028
2021-02-20 21:15:00+01:00,19.459999,19.9,22.5,17.76,12.1,49.539997,40.299999,81.0,12.0,5.004
2021-02-20 21:45:00+01:00,19.539999,19.859999,22.5,17.68,12.1,49.869999,40.029999,87.0,14.0,5.016
2021-02-20 22:15:00+01:00,19.539999,19.83,22.5,17.639999,11.1,49.41,39.829998,87.0,12.0,5.004
2021-02-21 00:15:00+01:00,19.434999,19.66,22.5,17.52,13.1,50.75,40.669998,87.0,12.0,5.052
2021-02-21 00:45:00+01:00,19.414999,19.625,22.5,17.52,13.1,50.709999,40.849998,93.0,13.0,5.016
2021-02-21 02:45:00+01:00,19.26,19.504999,22.5,17.34,13.1,51.239998,41.389999,87.0,12.0,5.04
2021-02-21 03:15:00+01:00,19.225,19.475,22.5,17.32,13.1,51.809998,41.549999,87.0,12.0,5.004
2021-02-21 03:45:00+01:00,19.195,19.434999,22.5,17.299999,13.1,51.559998,41.689999,87.0,12.0,5.004
2021-02-21 04:00:00+01:00,19.205,19.424999,22.5,17.279999,11.1,51.189999,41.489998,84.0,13.0,5.004
2021-02-21 04:45:00+01:00,18.939999,19.344999,22.5,17.039999,11.1,51.110001,41.07,87.0,14.0,5.016
2021-02-21 05:00:00+01:00,18.949999,19.314999,22.5,17.039999,11.1,50.759998,40.969997,87.0,12.0,5.004
2021-02-21 06:15:00+01:00,18.719999,19.244999,22.5,16.859999,11.1,50.439999,40.689999,87.0,13.0,5.004
2021-02-21 09:15:00+01:00,18.375,19.045,22.5,16.52,10.1,49.950001,40.009998,93.0,13.0,5.004
2021-02-21 10:15:00+01:00,18.709999,19.064999,22.5,16.879999,12.1,51.610001,40.799999,82.0,13.0,5.04
2021-02-21 11:15:00+01:00,19.34,19.234999,22.5,17.42,13.1,51.549999,41.82,82.0,12.0,5.016
2021-02-21 12:00:00+01:00,19.824999,19.244999,22.5,17.84,16.1,51.07,42.079998,84.5,14.0,5.016
2021-02-21 12:30:00+01:00,20.035,19.365,22.5,18.1,17.1,50.849998,42.290001,90.0,12.0,5.016
2021-02-21 12:45:00+01:00,20.289999,19.42,22.5,18.299999,17.1,50.41,42.34,93.0,13.0,5.016
2021-02-21 13:15:00+01:00,19.08,19.52,22.5,17.539999,18.1,52.489998,42.369999,87.0,13.0,5.004
2021-02-21 13:30:00+01:00,19.279999,19.449999,22.5,17.34,18.1,53.619999,42.759998,84.5,12.0,5.016
2021-02-21 13:45:00+01:00,19.645,19.455,22.5,17.799999,17.1,53.399998,43.219997,82.0,12.0,5.076
2021-02-21 14:00:00+01:00,19.055,19.475,22.5,17.24,17.1,54.149998,43.459999,79.5,13.0,5.016
2021-02-21 14:15:00+01:00,19.115,19.51,22.5,17.48,17.1,54.610001,43.689999,77.0,12.0,5.076
2021-02-21 14:30:00+01:00,18.959999,19.529999,22.5,17.32,17.1,54.899998,43.860001,76.5,13.0,5.052
2021-02-21 14:45:00+01:00,19.195,19.535,22.5,17.52,17.1,54.309998,43.98,76.0,12.0,5.004
2021-02-21 15:00:00+01:00,19.225,19.564999,22.5,17.559999,17.1,54.349998,43.959999,74.0,14.0,5.052
2021-02-21 15:15:00+01:00,18.969999,19.584999,22.5,17.4,16.9,55.07,44.079998,72.0,12.0,5.052
2021-02-21 15:30:00+01:00,19.23,19.584999,22.5,17.6,16.9,54.889999,44.259998,72.0,13.0,5.028
2021-02-21 16:45:00+01:00,19.73,19.635,22.5,17.92,16.9,52.73,43.879997,76.0,12.0,5.028
2021-02-21 17:15:00+01:00,19.355,19.609999,22.5,17.9,15.9,53.669998,44.07,76.0,13.0,5.028
2021-02-21 17:45:00+01:00,19.705,19.535,22.5,17.9,14.9,53.009998,44.32,87.0,14.0,5.028
2021-02-21 19:15:00+01:00,19.199999,19.455,22.5,17.219999,12.9,53.439999,44.139999,93.0,12.0,5.028
2021-02-21 20:30:00+01:00,19.57,19.4,22.5,17.639999,11.9,53.559998,44.439999,93.0,13.0,5.016
2021-02-22 07:15:00+01:00,18.539999,19.135,22.5,16.699999,9.9,53.529999,43.950001,87.0,12.0,5.004
2021-02-22 07:30:00+01:00,18.84,19.789999,22.5,17.039999,9.9,53.099998,42.5,87.0,13.0,5.04
2021-02-22 07:45:00+01:00,19.07,20.154999,22.5,17.199999,9.9,52.27,41.759998,87.0,13.0,5.016
2021-02-22 08:30:00+01:00,19.109999,20.625,22.5,17.219999,9.9,52.329998,40.959999,84.0,12.0,5.04
2021-02-22 09:00:00+01:00,19.129999,20.764999,22.5,17.24,10.9,52.32,40.709999,81.0,12.0,5.076
2021-02-22 10:00:00+01:00,19.359999,20.865,22.5,17.5,11.9,52.329998,41.129997,84.0,13.0,5.028
2021-02-22 10:15:00+01:00,19.529999,21.105,22.5,17.68,12.9,52.829998,40.799999,87.0,12.0,5.004
2021-02-22 10:30:00+01:00,19.73,21.289999,22.5,17.84,13.9,51.779999,40.82,84.5,12.0,5.04
2021-02-22 10:45:00+01:00,19.955,21.389999,22.5,18.039999,14.9,51.349998,40.629997,82.0,13.0,5.028
2021-02-22 11:45:00+01:00,19.955,21.52,22.5,18.039999,15.9,51.879997,40.82,82.0,14.0,5.052
2021-02-22 12:00:00+01:00,19.58,21.525,22.5,17.52,15.9,52.59,40.879997,76.5,12.0,5.028
2021-02-22 12:15:00+01:00,19.65,21.535,22.5,17.66,16.9,52.759998,40.950001,71.0,12.0,5.04
2021-02-22 13:45:00+01:00,19.18,21.615,22.5,17.779999,18.9,53.619999,41.119999,62.0,12.0,5.052
2021-02-22 14:15:00+01:00,19.83,21.83,22.5,17.48,18.9,50.639999,40.25,62.0,12.0,5.04
2021-02-22 14:30:00+01:00,19.625,21.91,22.5,17.74,18.9,51.119999,39.75,62.0,13.0,5.04
2021-02-22 14:45:00+01:00,19.5,21.91,22.5,17.119999,18.9,49.439999,39.209999,62.0,12.0,5.016
2021-02-22 15:00:00+01:00,18.91,21.869999,22.5,16.359999,20.9,50.259998,38.59,60.0,12.0,5.004
2021-02-22 15:30:00+01:00,20.465,21.93,22.5,18.34,19.9,46.48,37.82,60.0,12.0,5.04
2021-02-22 15:45:00+01:00,18.645,21.934999,22.5,17.32,19.9,49.73,37.360001,62.0,13.0,5.04
2021-02-22 16:15:00+01:00,19.4,21.84,22.5,17.76,17.9,47.649998,36.889999,62.0,13.0,5.016
2021-02-22 17:30:00+01:00,18.645,22.07,22.5,17.299999,16.9,50.709999,35.66,64.5,13.0,5.052
2021-02-22 18:00:00+01:00,19.26,22.09,22.5,16.959999,15.9,50.579998,36.649998,64.5,12.0,5.004
2021-02-22 18:15:00+01:00,19.414999,22.049999,22.5,17.279999,15.9,50.349998,36.91,67.0,12.0,5.004
2021-02-22 18:30:00+01:00,19.27,22.01,22.5,17.16,15.9,50.809998,37.110001,67.0,13.0,5.004
2021-02-22 18:45:00+01:00,19.369999,21.98,22.5,16.84,15.9,50.43,37.23,67.0,12.0,5.052
2021-02-22 19:00:00+01:00,19.279999,21.945,22.5,17.119999,15.9,50.91,37.329998,67.0,13.0,5.028
2021-02-22 19:15:00+01:00,19.4,21.91,22.5,17.18,14.9,50.459999,37.389999,67.0,12.0,5.004
2021-02-22 19:45:00+01:00,18.99,21.779999,22.5,17.4,14.9,50.829998,37.5,67.0,12.0,5.004
2021-02-22 21:00:00+01:00,18.565001,21.395,22.5,17.1,14.9,51.879997,38.779999,71.0,12.0,5.016
2021-02-22 22:15:00+01:00,18.709999,20.934999,22.5,17.440001,14.9,51.189999,38.619999,76.0,13.0,5.004
2021-02-22 22:30:00+01:00,18.84,20.865,22.5,16.940001,14.9,50.579998,38.599998,76.0,12.0,5.004
2021-02-23 00:00:00+01:00,18.934999,20.594999,22.5,17.5,13.9,51.34,38.939999,90.0,12.0,5.016
2021-02-23 02:45:00+01:00,19.35,20.234999,22.5,17.6,10.9,50.419998,39.59,76.0,12.0,5.004
2021-02-23 04:45:00+01:00,19.309999,20.004999,22.5,17.440001,10.9,50.110001,39.579998,76.0,13.0,5.052
2021-02-23 08:45:00+01:00,19.109999,20.504999,22.5,17.26,10.9,49.59,38.68,76.0,12.0,5.112
2021-02-23 09:30:00+01:00,19.129999,20.35,22.5,17.279999,11.9,49.759998,38.919998,68.5,12.0,5.004
2021-02-23 10:30:00+01:00,19.449999,20.379999,22.5,17.619999,13.9,49.469997,38.919998,62.0,13.0,5.016
2021-02-23 10:45:00+01:00,19.609999,20.66,22.5,17.76,14.9,49.959999,38.84,58.0,12.0,5.016
2021-02-23 11:00:00+01:00,19.895,20.955,22.5,18.0,14.9,49.84,38.529999,56.0,12.0,5.016
2021-02-23 11:15:00+01:00,20.174999,21.094999,22.5,18.34,16.9,48.599998,38.469997,54.0,14.0,5.004
2021-02-23 11:30:00+01:00,20.375,21.154999,22.5,18.5,16.9,48.119999,38.34,56.0,12.0,5.016
2021-02-23 11:45:00+01:00,19.895,21.195,22.5,17.82,17.9,49.610001,38.439999,58.0,13.0,5.136
2021-02-23 12:15:00+01:00,19.959999,21.215,22.5,17.619999,19.9,48.379997,38.040001,55.0,12.0,5.016
2021-02-23 12:30:00+01:00,18.59,21.184999,22.5,16.359999,20.9,50.549999,37.91,53.0,13.0,5.028
2021-02-23 12:45:00+01:00,18.51,21.094999,22.5,16.34,20.9,49.91,37.719997,51.0,12.0,5.004
2021-02-23 13:15:00+01:00,19.129999,21.094999,22.5,16.959999,21.9,47.75,37.189999,45.0,12.0,5.064
2021-02-23 13:30:00+01:00,20.174999,21.094999,22.5,18.4,21.9,46.16,36.91,46.5,13.0,5.016
2021-02-23 13:45:00+01:00,19.955,21.125,22.5,18.299999,22.9,45.379997,36.459999,48.0,12.0,5.076
2021-02-23 14:15:00+01:00,21.17,21.285,22.5,19.459999,22.799999,43.849998,36.02,45.0,8.0,5.1
2021-02-23 14:30:00+01:00,21.564999,21.334999,22.5,19.639999,22.799999,42.200001,35.599998,45.0,14.0,5.112
2021-02-23 14:45:00+01:00,21.145,21.395,22.5,18.799999,23.799999,43.790001,35.369999,45.0,12.0,5.1
2021-02-23 15:00:00+01:00,21.48,21.445,22.5,19.4,21.799999,43.169998,35.34,43.5,13.0,5.076
2021-02-23 15:15:00+01:00,21.924999,21.455,22.5,19.959999,22.799999,42.779999,35.27,42.0,12.0,5.112
2021-02-23 15:45:00+01:00,21.695,21.584999,22.5,19.9,23.799999,42.950001,34.899998,45.0,12.0,5.04
2021-02-23 16:00:00+01:00,22.945,21.66,22.5,21.02,22.799999,41.43,34.849998,43.5,13.0,5.124
2021-02-23 16:15:00+01:00,22.035,21.689999,22.5,20.18,22.799999,42.739998,34.880001,42.0,13.0,5.052
2021-02-23 16:30:00+01:00,22.475,21.754999,22.5,20.359999,22.799999,42.18,34.82,42.0,12.0,5.076
2021-02-23 16:45:00+01:00,21.9,21.799999,22.5,19.619999,22.799999,42.84,34.75,42.0,14.0,5.016
2021-02-23 17:00:00+01:00,22.0,21.799999,22.5,19.699999,21.799999,42.579998,34.709999,43.5,12.0,5.04
2021-02-23 17:15:00+01:00,21.789999,21.764999,22.5,19.58,21.799999,42.889999,34.68,45.0,13.0,5.124
2021-02-23 17:30:00+01:00,21.83,21.689999,22.5,19.959999,21.799999,42.889999,34.809998,46.5,12.0,5.064
2021-02-23 17:45:00+01:00,21.824999,21.615,22.5,20.459999,19.799999,42.52,34.829998,48.0,13.0,5.028
2021-02-23 18:00:00+01:00,23.25,21.645,22.5,21.18,19.799999,40.849998,34.75,48.0,13.0,5.124
2021-02-23 18:15:00+01:00,23.26,21.775,22.5,21.199999,18.799999,40.959999,34.59,48.0,12.0,5.076
2021-02-23 18:30:00+01:00,23.26,21.789999,22.5,21.16,17.799999,41.059998,34.649998,51.0,13.0,5.052
2021-02-23 18:45:00+01:00,23.144999,21.764999,22.5,21.08,17.799999,41.34,34.75,54.0,12.0,5.052
2021-02-23 19:00:00+01:00,23.094999,21.764999,22.5,21.02,16.799999,41.099998,34.68,54.0,14.0,5.136
2021-02-23 19:30:00+01:00,22.834999,21.695,22.5,20.799999,15.8,41.419998,34.709999,56.0,13.0,5.016
2021-02-23 21:00:00+01:00,22.32,21.344999,22.5,20.299999,14.8,42.049999,35.130001,66.0,12.0,5.004
2021-02-23 21:30:00+01:00,22.1,21.334999,22.5,20.08,13.8,42.889999,35.5,68.5,13.0,5.004
2021-02-23 21:45:00+01:00,22.014999,21.295,22.5,20.0,13.8,43.379997,35.689999,71.0,12.0,5.052
2021-02-23 22:15:00+01:00,21.789999,21.17,22.5,19.82,13.8,43.849998,36.079998,71.0,12.0,5.016
2021-02-23 22:30:00+01:00,21.66,21.094999,22.5,19.66,13.8,44.059998,36.23,71.0,13.0,5.04
2021-02-23 23:15:00+01:00,21.299999,20.924999,22.5,19.34,12.8,45.329998,37.169998,66.0,13.0,5.016
2021-02-24 00:15:00+01:00,20.934999,20.74,22.5,18.98,12.8,44.889999,36.77,71.0,12.0,5.016
2021-02-24 00:30:00+01:00,20.889999,20.705,22.5,18.939999,12.8,44.759998,36.68,71.0,13.0,5.016
2021-02-24 00:45:00+01:00,20.824999,20.65,22.5,18.879999,12.8,44.419998,36.619999,71.0,12.0,5.016
2021-02-24 01:00:00+01:00,20.744999,20.629999,22.5,18.799999,11.8,44.829998,36.559998,66.5,12.0,5.016
2021-02-24 01:15:00+01:00,20.695,20.59,22.5,18.74,11.8,45.529999,36.73,62.0,14.0,5.016
2021-02-24 05:45:00+01:00,19.57,20.004999,22.5,17.699999,11.8,48.329998,38.689999,81.0,12.0,5.004
2021-02-24 06:45:00+01:00,19.459999,19.92,22.5,17.58,11.8,48.649998,38.75,76.0,13.0,5.028
2021-02-24 07:15:00+01:00,19.43,19.9,22.5,17.539999,10.8,48.16,38.709999,81.0,12.0,5.076
2021-02-24 07:45:00+01:00,19.369999,19.869999,22.5,17.5,11.8,48.43,38.709999,76.0,13.0,5.052
2021-02-24 08:45:00+01:00,19.109999,20.529999,22.5,17.279999,11.8,48.48,37.399998,71.0,14.0,5.004
2021-02-24 09:30:00+01:00,19.404999,20.34,22.5,17.539999,12.8,48.559998,37.939999,64.0,13.0,5.016
2021-02-24 10:45:00+01:00,19.549999,20.74,22.5,17.719999,16.799999,48.23,37.879997,51.0,13.0,5.016
2021-02-24 11:00:00+01:00,19.529999,21.094999,22.5,17.66,16.799999,48.939999,37.489998,49.5,12.0,5.028
2021-02-24 11:15:00+01:00,19.379999,21.215,22.5,17.699999,17.799999,49.129997,37.329998,48.0,13.0,5.04
2021-02-24 11:30:00+01:00,19.4,21.225,22.5,16.959999,19.799999,48.829998,37.309998,48.0,12.0,5.064
2021-02-24 11:45:00+01:00,18.539999,21.174999,22.5,16.42,19.799999,50.539997,37.399998,48.0,14.0,5.04
2021-02-24 12:00:00+01:00,19.029999,21.334999,22.5,16.799999,20.799999,48.439999,37.130001,48.0,12.0,5.052
2021-02-24 12:15:00+01:00,19.6,21.609999,22.5,17.48,21.799999,48.239998,36.52,48.0,12.0,5.064
2021-02-24 12:30:00+01:00,20.094999,21.625,22.5,18.24,22.799999,46.700001,36.259998,46.5,13.0,5.028
2021-02-24 12:45:00+01:00,20.529999,21.645,22.5,18.939999,22.799999,46.719997,36.099998,45.0,12.0,5.052
2021-02-24 13:00:00+01:00,20.764999,21.705,22.5,19.02,22.799999,46.739998,36.130001,43.5,13.0,5.076
2021-02-24 13:15:00+01:00,22.805,21.84,22.5,20.879999,23.799999,43.02,36.029999,42.0,13.0,5.052
2021-02-24 13:30:00+01:00,23.209999,22.059999,22.5,21.1,24.799999,42.259998,35.549999,41.0,12.0,5.1
2021-02-24 13:45:00+01:00,23.385,22.269999,22.5,21.26,24.799999,40.799999,34.969997,40.0,13.0,5.052
2021-02-24 14:00:00+01:00,23.615,22.49,22.5,21.48,24.799999,40.309998,34.299999,40.0,12.0,5.04
2021-02-24 14:30:00+01:00,24.504999,22.775,22.5,22.4,24.799999,39.02,33.299999,38.5,13.0,5.088
2021-02-24 14:45:00+01:00,24.414999,22.885,22.5,22.32,25.799999,38.719997,32.639999,37.0,12.0,5.112
2021-02-24 15:00:00+01:00,24.65,22.93,22.5,22.519999,24.799999,38.469997,32.369999,36.0,13.0,5.052
2021-02-24 15:15:00+01:00,24.955,22.93,22.5,22.74,24.799999,37.84,32.130001,35.0,13.0,5.088
2021-02-24 15:30:00+01:00,25.08,23.01,22.5,22.82,24.799999,37.239998,31.66,34.0,12.0,5.028
2021-02-24 15:45:00+01:00,24.844999,23.084999,22.5,22.619999,24.799999,37.82,31.439999,33.0,13.0,5.136
2021-02-24 16:00:00+01:00,25.064999,23.115,22.5,22.9,24.799999,37.110001,31.16,34.0,12.0,5.088
2021-02-24 16:15:00+01:00,24.555,23.174999,22.5,22.279999,24.799999,37.98,30.959999,35.0,14.0,5.088
2021-02-24 16:30:00+01:00,23.85,23.115,22.5,21.779999,24.799999,38.899998,31.09,35.0,13.0,5.112
2021-02-24 16:45:00+01:00,25.1,23.01,22.5,22.9,23.799999,36.209999,30.66,35.0,12.0,5.196
2021-02-24 17:00:00+01:00,24.719999,23.084999,22.5,22.459999,22.799999,36.130001,30.09,36.0,13.0,5.088
2021-02-24 17:15:00+01:00,24.389999,23.039999,22.5,22.0,22.799999,37.09,30.209999,37.0,13.0,5.088
2021-02-24 17:30:00+01:00,24.689999,23.074999,22.5,22.48,22.799999,37.189999,30.209999,38.5,12.0,5.148
2021-02-24 17:45:00+01:00,24.029999,22.93,22.5,21.74,21.799999,37.82,30.349998,40.0,13.0,5.172
2021-02-24 18:00:00+01:00,24.029999,22.93,22.5,21.9,21.799999,38.209999,30.539999,39.5,14.0,5.172
2021-02-24 18:15:00+01:00,24.555,22.83,22.5,22.379999,20.799999,37.709999,30.769999,39.0,12.0,5.052
2021-02-24 18:30:00+01:00,24.459999,22.879999,22.5,22.279999,19.799999,37.739998,30.9,43.5,13.0,5.124
2021-02-24 18:45:00+01:00,24.449999,22.879999,22.5,22.219999,18.799999,37.610001,30.98,48.0,13.0,5.016
2021-02-24 19:00:00+01:00,24.16,22.959999,22.5,22.0,17.799999,40.829998,31.66,51.5,12.0,5.124
2021-02-24 19:15:00+01:00,23.99,22.994999,22.5,21.84,17.799999,41.779999,32.529999,55.0,13.0,5.064
2021-02-24 19:30:00+01:00,23.885,22.93,22.5,21.799999,16.799999,42.139999,33.32,56.5,12.0,5.028
2021-02-24 20:00:00+01:00,23.594999,22.67,22.5,21.48,15.8,43.110001,34.489998,54.5,14.0,5.088
2021-02-24 20:15:00+01:00,23.494999,22.57,22.5,21.439999,15.8,43.110001,34.84,51.0,12.0,5.112
2021-02-24 20:30:00+01:00,23.385,22.49,22.5,21.299999,15.8,43.59,35.219997,54.5,13.0,5.004
2021-02-24 20:45:00+01:00,23.269999,22.42,22.5,21.199999,15.8,43.959999,35.52,58.0,12.0,5.028
2021-02-24 21:15:00+01:00,23.1,22.33,22.5,21.02,15.8,44.219997,35.969997,58.0,12.0,5.028
2021-02-24 21:30:00+01:00,22.955,22.279999,22.5,20.92,15.8,43.309998,35.899998,60.0,12.0,5.076
2021-02-24 21:45:00+01:00,22.744999,22.225,22.5,20.74,15.8,42.419998,35.57,62.0,13.0,5.028
2021-02-24 22:00:00+01:00,22.625,22.154999,22.5,20.6,15.8,41.84,35.18,62.0,12.0,5.016
2021-02-24 22:15:00+01:00,22.51,22.01,22.5,20.5,14.8,42.25,35.09,62.0,13.0,5.04
2021-02-24 22:30:00+01:00,22.375,21.91,22.5,20.34,14.8,42.309998,34.969997,60.0,12.0,5.004
2021-02-24 22:45:00+01:00,22.26,21.824999,22.5,20.26,14.8,42.309998,34.91,58.0,14.0,5.04
2021-02-24 23:00:00+01:00,22.189999,21.764999,22.5,20.18,14.8,42.610001,34.880001,58.0,12.0,5.028
2021-02-24 23:15:00+01:00,22.189999,21.699999,22.5,20.18,13.8,42.959999,34.950001,58.0,13.0,5.04
2021-02-24 23:30:00+01:00,22.09,21.664999,22.5,20.08,13.8,43.59,35.209999,60.0,12.0,5.052
2021-02-24 23:45:00+01:00,22.029999,21.615,22.5,20.02,13.8,44.41,35.52,62.0,13.0,5.004
2021-02-25 00:00:00+01:00,21.91,21.564999,22.5,19.92,13.8,44.719997,35.82,66.5,12.0,5.004
2021-02-25 01:00:00+01:00,21.494999,21.385,22.5,19.52,13.8,46.279999,37.0,68.5,13.0,5.052
2021-02-25 01:15:00+01:00,21.439999,21.344999,22.5,19.459999,13.8,46.77,37.16,71.0,12.0,5.016
2021-02-25 01:45:00+01:00,21.279999,21.27,22.5,19.299999,12.8,46.879997,37.509998,66.0,13.0,5.016
2021-02-25 02:00:00+01:00,21.26,21.234999,22.5,19.299999,12.8,47.139999,37.599998,62.0,12.0,5.016
2021-02-25 02:15:00+01:00,21.27,21.209999,22.5,19.32,12.8,46.849998,37.669998,58.0,13.0,5.028
2021-02-25 03:00:00+01:00,21.0,21.094999,22.5,19.039999,12.8,43.939999,36.52,66.5,13.0,5.052
2021-02-25 03:15:00+01:00,20.965,21.059999,22.5,19.02,12.8,43.689999,36.16,71.0,12.0,5.016
2021-02-25 04:15:00+01:00,20.574999,20.895,22.5,18.639999,11.8,45.869999,36.369999,66.0,12.0,5.004
2021-02-25 04:30:00+01:00,20.455,20.859999,22.5,18.539999,11.8,46.629997,36.599998,68.5,13.0,5.052
2021-02-25 06:00:00+01:00,20.195,20.66,22.5,18.299999,11.8,48.209999,37.91,68.5,13.0,5.052
2021-02-25 06:45:00+01:00,20.115,20.609999,22.5,18.219999,11.8,48.25,38.18,76.0,14.0,5.064
2021-02-25 07:00:00+01:00,19.969999,20.59,22.5,18.119999,11.8,48.649998,38.219997,76.0,12.0,5.016
2021-02-25 07:15:00+01:00,19.975,20.57,22.5,18.1,11.8,48.149998,38.149998,76.0,12.0,5.064
2021-02-25 07:30:00+01:00,19.965,20.555,22.5,18.059999,11.8,47.610001,38.049999,78.5,13.0,5.076
2021-02-25 08:15:00+01:00,19.85,20.57,22.5,17.940001,11.8,47.099998,37.459999,76.0,12.0,5.124
2021-02-25 08:30:00+01:00,19.949999,20.639999,22.5,18.0,11.8,46.809998,37.239998,76.0,13.0,5.016
2021-02-25 08:45:00+01:00,19.934999,20.695,22.5,17.98,11.8,47.399998,37.139999,76.0,12.0,5.016
2021-02-25 09:15:00+01:00,20.004999,20.895,22.5,18.18,12.8,46.200001,36.630001,62.0,12.0,5.016
2021-02-25 09:30:00+01:00,20.26,20.934999,22.5,18.359999,13.8,46.329998,36.5,60.0,14.0,5.052
2021-02-25 09:45:00+01:00,20.385,20.955,22.5,18.5,15.8,46.239998,36.5,58.0,12.0,5.016
2021-02-25 10:00:00+01:00,20.615,20.939999,22.5,18.719999,15.8,45.639999,36.579998,54.5,13.0,5.088
2021-02-25 10:30:00+01:00,21.059999,20.99,22.5,19.119999,16.799999,44.41,36.450001,49.5,13.0,5.052
2021-02-25 10:45:00+01:00,21.344999,21.094999,22.5,19.459999,17.799999,43.959999,36.139999,48.0,12.0,5.052
2021-02-25 11:00:00+01:00,21.66,21.314999,22.5,19.68,18.799999,43.389999,35.849998,48.0,13.0,5.064
2021-02-25 11:30:00+01:00,20.164999,21.744999,22.5,18.440001,20.799999,45.43,35.110001,43.5,13.0,5.052
2021-02-25 11:45:00+01:00,19.969999,21.664999,22.5,18.5,21.799999,45.869999,35.18,39.0,12.0,5.052
2021-02-25 12:00:00+01:00,20.115,21.619999,22.5,18.639999,22.799999,45.599998,35.259998,39.5,14.0,5.1
2021-02-25 12:15:00+01:00,20.484999,21.594999,22.5,18.92,22.799999,43.899998,34.93,40.0,12.0,5.04
2021-02-25 12:30:00+01:00,20.885,21.625,22.5,18.74,22.799999,42.939999,34.700001,37.5,13.0,5.136
2021-02-25 12:45:00+01:00,21.309999,21.799999,22.5,19.119999,23.799999,42.68,34.389999,35.0,13.0,5.148
2021-02-25 13:00:00+01:00,21.43,22.064999,22.5,19.16,23.799999,41.950001,33.719997,35.0,12.0,5.148
2021-02-25 13:15:00+01:00,23.215,22.285,22.5,21.299999,24.799999,38.849998,32.93,35.0,13.0,5.136
2021-02-25 13:30:00+01:00,23.805,22.549999,22.5,21.719999,24.799999,38.189999,32.059998,34.0,13.0,5.052
2021-02-25 13:45:00+01:00,24.1,22.795,22.5,21.959999,24.799999,37.209999,31.349998,33.0,12.0,5.076
2021-02-25 14:00:00+01:00,24.379999,22.889999,22.5,22.219999,24.799999,36.700001,30.92,31.5,14.0,5.124
2021-02-25 14:15:00+01:00,24.299999,22.93,22.5,21.779999,23.799999,36.349998,30.309999,30.0,12.0,5.076
2021-02-25 14:30:00+01:00,23.064999,22.969999,22.5,20.799999,23.799999,38.540001,29.869999,30.0,13.0,5.136
2021-02-25 14:45:00+01:00,23.424999,22.959999,22.5,21.219999,23.799999,38.389999,29.949999,30.0,13.0,5.136
2021-02-25 15:00:00+01:00,23.355,22.9,22.5,21.059999,23.799999,38.790001,30.309999,30.0,12.0,5.076
2021-02-25 15:15:00+01:00,23.545,22.83,22.5,21.52,23.799999,38.919998,30.719999,30.0,13.0,5.112
2021-02-25 15:30:00+01:00,23.699999,22.799999,22.5,21.74,24.799999,37.610001,30.879999,30.0,13.0,5.136
2021-02-25 15:45:00+01:00,23.844999,22.75,22.5,22.02,24.799999,38.149998,30.789999,30.0,14.0,5.172
2021-02-25 16:00:00+01:00,23.984999,22.93,22.5,22.08,24.799999,38.02,30.51,31.5,12.0,5.184
2021-02-25 16:15:00+01:00,23.965,22.99,22.5,22.139999,24.799999,37.779999,30.179998,33.0,13.0,5.148
2021-02-25 16:30:00+01:00,23.865,22.949999,22.5,21.799999,23.799999,37.5,30.26,33.0,13.0,5.172
2021-02-25 16:45:00+01:00,23.859999,22.99,22.5,21.619999,23.799999,37.290001,29.91,33.0,13.0,5.172
2021-02-25 17:00:00+01:00,23.959999,23.014999,22.5,21.6,24.799999,37.349998,29.83,33.0,13.0,5.172
2021-02-25 17:15:00+01:00,24.039999,23.004999,22.5,21.939999,23.799999,37.57,29.949999,33.0,12.0,5.148
2021-02-25 17:30:00+01:00,23.795,22.99,22.5,21.859999,23.799999,38.059998,30.07,35.0,14.0,5.1
2021-02-25 17:45:00+01:00,23.695,22.949999,22.5,21.779999,22.799999,37.969997,30.109999,37.0,12.0,5.16
2021-02-25 18:00:00+01:00,23.58,22.894999,22.5,21.639999,22.799999,38.079998,30.26,38.0,13.0,5.16
2021-02-25 18:15:00+01:00,23.449999,22.84,22.5,21.799999,20.799999,38.110001,30.16,39.0,13.0,5.16
2021-02-25 18:30:00+01:00,24.66,22.904999,22.5,22.5,20.799999,36.790001,29.99,40.5,13.0,5.16
2021-02-25 18:45:00+01:00,24.664999,22.969999,22.5,22.5,19.799999,36.329998,29.83,42.0,12.0,5.112
2021-02-25 19:00:00+01:00,24.559999,23.105,22.5,22.4,18.799999,37.809998,30.279999,43.5,13.0,5.1
2021-02-25 19:15:00+01:00,24.439999,23.039999,22.5,22.279999,17.799999,38.079998,30.639999,45.0,14.0,5.064
2021-02-25 19:30:00+01:00,24.33,22.959999,22.5,22.199999,16.799999,38.049999,30.82,46.5,12.0,5.076
2021-02-25 19:45:00+01:00,24.25,22.955,22.5,22.119999,16.799999,38.27,30.82,48.0,13.0,5.184
2021-02-25 20:00:00+01:00,24.139999,22.9,22.5,22.02,16.799999,38.599998,30.9,49.5,13.0,5.064
2021-02-25 20:15:00+01:00,24.029999,22.85,22.5,21.92,16.799999,38.849998,31.16,51.0,12.0,5.064
2021-02-25 20:30:00+01:00,23.894999,22.709999,22.5,21.779999,15.8,39.119999,31.51,51.0,13.0,5.112
2021-02-25 20:45:00+01:00,23.705,22.609999,22.5,21.619999,15.8,39.93,31.859999,51.0,12.0,5.16
2021-02-25 21:15:00+01:00,23.414999,22.439999,22.5,21.359999,15.8,39.189999,32.040001,51.0,12.0,5.088
2021-02-25 21:30:00+01:00,23.305,22.379999,22.5,21.24,15.8,38.759998,31.84,49.0,14.0,5.064
2021-02-25 21:45:00+01:00,23.125,22.309999,22.5,21.059999,15.8,38.469997,31.699999,47.0,12.0,5.064
2021-02-25 22:00:00+01:00,22.924999,22.24,22.5,20.9,14.8,38.889999,31.59,50.5,13.0,5.076
2021-02-25 22:15:00+01:00,22.795,22.174999,22.5,20.76,14.8,39.149998,31.559999,54.0,12.0,5.052
2021-02-25 22:30:00+01:00,22.6,22.064999,22.5,20.58,14.8,39.309998,31.679998,54.0,13.0,5.088
2021-02-25 22:45:00+01:00,22.414999,22.0,22.5,20.4,13.8,39.799999,31.75,54.0,12.0,5.088
2021-02-25 23:00:00+01:00,22.379999,21.91,22.5,20.359999,13.8,39.599998,31.75,56.0,13.0,5.004
2021-02-25 23:15:00+01:00,22.299999,21.844999,22.5,20.279999,13.8,39.599998,31.789999,58.0,12.0,5.124
2021-02-25 23:30:00+01:00,22.25,21.805,22.5,20.24,13.8,40.059998,31.889999,60.0,13.0,5.112
2021-02-26 00:00:00+01:00,22.199999,21.734999,22.5,20.18,13.8,39.579998,31.779999,60.0,14.0,5.076
2021-02-26 00:15:00+01:00,22.105,21.684999,22.5,20.08,13.8,40.0,31.779999,58.0,12.0,5.112
2021-02-26 00:30:00+01:00,22.07,21.645,22.5,20.059999,13.8,40.299999,31.99,62.0,13.0,5.064
2021-02-26 00:45:00+01:00,22.02,21.615,22.5,20.039999,13.8,41.110001,32.309998,66.0,12.0,5.052
2021-02-26 01:15:00+01:00,21.799999,21.535,22.5,19.84,13.8,42.049999,32.969997,62.0,13.0,5.004
2021-02-26 01:30:00+01:00,21.789999,21.504999,22.5,19.82,13.8,42.049999,33.209999,64.0,12.0,5.1
2021-02-26 01:45:00+01:00,21.66,21.469999,22.5,19.68,13.8,42.66,33.5,66.0,13.0,5.1
2021-02-26 02:00:00+01:00,21.619999,21.434999,22.5,19.639999,13.8,42.829998,33.75,64.0,12.0,5.016
2021-02-26 02:15:00+01:00,21.445,21.404999,22.5,19.48,13.8,43.209999,33.98,62.0,12.0,5.064
2021-02-26 02:30:00+01:00,21.33,21.355,22.5,19.359999,13.8,43.379997,34.110001,66.5,14.0,5.076
2021-02-26 02:45:00+01:00,21.205,21.32,22.5,19.26,13.8,44.16,34.309998,71.0,12.0,5.04
2021-02-26 03:00:00+01:00,21.084999,21.285,22.5,19.199999,12.8,44.459999,34.549999,68.5,13.0,5.016
2021-02-26 03:15:00+01:00,21.055,21.24,22.5,19.1,12.8,44.66,34.779999,66.0,12.0,5.076
2021-02-26 03:30:00+01:00,20.965,21.205,22.5,19.02,12.8,45.200001,35.059998,66.0,13.0,5.016
2021-02-26 03:45:00+01:00,20.934999,21.174999,22.5,19.02,12.8,45.149998,35.259998,66.0,12.0,5.004
2021-02-26 04:00:00+01:00,20.924999,21.145,22.5,18.98,12.8,44.98,35.299999,66.0,13.0,5.028
2021-02-26 04:30:00+01:00,20.754999,21.09,22.5,18.84,11.8,45.689999,35.559998,66.0,13.0,5.1
2021-02-26 04:45:00+01:00,20.635,21.049999,22.5,18.719999,11.8,44.529999,35.419998,66.0,12.0,5.004
2021-02-26 05:00:00+01:00,20.584999,21.014999,22.5,18.699999,11.8,43.360001,35.099998,64.0,14.0,5.004
2021-02-26 05:15:00+01:00,20.584999,20.975,22.5,18.66,11.8,43.619999,34.73,62.0,13.0,5.052
2021-02-26 05:30:00+01:00,20.629999,20.939999,22.5,18.719999,11.8,43.419998,34.59,64.0,12.0,5.004
2021-02-26 05:45:00+01:00,20.584999,20.92,22.5,18.66,11.8,44.439999,34.59,66.0,12.0,5.088
2021-02-26 06:15:00+01:00,20.494999,20.879999,22.5,18.559999,11.8,45.899998,35.349998,70.0,12.0,5.016
2021-02-26 06:30:00+01:00,20.439999,20.859999,22.5,18.559999,11.8,45.610001,35.549999,70.0,13.0,5.076
2021-02-26 06:45:00+01:00,20.375,20.84,22.5,18.440001,11.8,45.41,35.619999,70.0,12.0,5.052
2021-02-26 07:00:00+01:00,20.305,20.84,22.5,18.379999,11.8,46.129997,35.709999,73.0,13.0,5.04
2021-02-26 07:15:00+01:00,20.26,20.799999,22.5,18.379999,11.8,45.919998,35.809998,76.0,12.0,5.244
2021-02-26 07:45:00+01:00,20.23,20.77,22.5,18.299999,11.8,45.939999,35.829998,76.0,12.0,5.028
2021-02-26 08:00:00+01:00,20.225,20.764999,22.5,18.32,11.8,46.09,35.899998,71.0,13.0,5.112
2021-02-26 08:15:00+01:00,20.17,20.84,22.5,18.279999,11.8,45.759998,35.809998,66.0,12.0,5.052
2021-02-26 08:30:00+01:00,20.189999,20.914999,22.5,18.299999,11.8,45.669998,35.649998,68.5,13.0,5.124
2021-02-26 08:45:00+01:00,20.205,20.934999,22.5,18.32,11.8,46.09,35.619999,71.0,13.0,5.124
2021-02-26 09:00:00+01:00,20.285,20.934999,22.5,18.379999,11.8,45.719997,35.610001,68.5,12.0,5.088
2021-02-26 09:15:00+01:00,20.375,20.914999,22.5,18.48,11.8,45.5,35.689999,66.0,13.0,5.076
2021-02-26 09:30:00+01:00,20.559999,20.904999,22.5,18.639999,14.8,45.599998,35.739998,60.0,12.0,5.112
2021-02-26 09:45:00+01:00,20.789999,20.914999,22.5,18.859999,13.8,45.379997,35.809998,54.0,14.0,5.076
2021-02-26 10:00:00+01:00,21.055,20.965,22.5,19.119999,14.8,44.610001,35.829998,52.5,12.0,5.112
2021-02-26 10:15:00+01:00,21.154999,21.105,22.5,19.199999,15.9,44.43,35.619999,51.0,13.0,5.064
2021-02-26 10:30:00+01:00,21.51,21.344999,22.5,19.58,15.9,43.860001,35.5,48.0,13.0,5.124
2021-02-26 10:45:00+01:00,21.949999,21.855,22.5,20.02,16.9,42.73,34.709999,45.0,12.0,5.076
2021-02-26 11:00:00+01:00,22.08,22.109999,22.5,20.059999,17.9,43.149998,34.329998,45.0,13.0,5.088
2021-02-26 11:15:00+01:00,22.129999,22.205,22.5,20.119999,19.9,43.48,34.34,45.0,12.0,5.148
2021-02-26 11:30:00+01:00,22.365,22.309999,22.5,20.379999,19.9,43.009998,34.27,43.5,13.0,5.124
2021-02-26 11:45:00+01:00,22.449999,22.4,22.5,20.5,20.9,42.209999,34.119999,42.0,14.0,5.148
2021-02-26 12:00:00+01:00,20.314999,22.4,22.5,18.58,21.9,43.790001,33.829998,42.0,12.0,5.064
2021-02-26 12:15:00+01:00,20.195,22.189999,22.5,18.84,21.9,43.739998,33.739998,42.0,13.0,5.112
2021-02-26 12:30:00+01:00,20.705,22.125,22.5,19.119999,22.9,42.549999,33.079998,40.5,13.0,5.16
2021-02-26 12:45:00+01:00,20.639999,22.094999,22.5,19.08,22.9,43.599998,32.869999,39.0,13.0,5.16
2021-02-26 13:00:00+01:00,20.855,22.26,19.5,18.639999,22.9,44.489998,32.849998,38.0,12.0,5.148
2021-02-26 13:15:00+01:00,21.02,22.369999,19.5,18.799999,23.9,43.389999,33.059998,37.0,13.0,5.172
2021-02-26 13:30:00+01:00,21.66,22.439999,19.5,19.48,23.9,42.329998,32.91,37.0,14.0,5.16
2021-02-26 13:45:00+01:00,23.879999,22.629999,19.5,21.82,24.9,38.759998,32.290001,37.0,12.0,5.124
2021-02-26 14:00:00+01:00,24.23,22.894999,19.5,22.1,24.9,38.629997,31.539999,36.0,13.0,5.172
2021-02-26 14:15:00+01:00,23.43,22.939999,19.5,21.34,24.9,39.279999,31.059999,35.0,13.0,5.124
2021-02-26 14:30:00+01:00,23.205,22.83,19.5,21.26,24.9,39.239998,31.09,33.5,13.0,5.136
2021-02-26 14:45:00+01:00,22.82,22.789999,19.5,21.039999,24.9,39.529999,31.0,32.0,12.0,5.148
2021-02-26 15:00:00+01:00,23.144999,22.82,19.5,21.34,24.9,38.739998,30.789999,33.5,13.0,5.196
2021-02-26 15:15:00+01:00,23.58,22.834999,19.5,21.299999,24.9,38.649998,30.529999,35.0,14.0,5.16
2021-02-26 15:30:00+01:00,23.684999,22.9,19.5,21.619999,25.9,38.079998,30.179998,35.0,13.0,5.148
2021-02-26 15:45:00+01:00,24.084999,22.93,19.5,21.539999,25.9,37.469997,29.99,35.0,13.0,5.172
2021-02-26 16:00:00+01:00,23.904999,22.934999,19.5,21.459999,24.9,37.700001,29.91,35.0,12.0,5.172
2021-02-26 16:15:00+01:00,24.199999,22.93,19.5,22.059999,25.9,37.469997,29.99,35.0,13.0,5.196
2021-02-26 16:30:00+01:00,23.894999,22.93,19.5,21.98,24.9,37.73,29.83,37.5,13.0,5.148
2021-02-26 16:45:00+01:00,23.564999,22.875,19.5,21.619999,23.9,37.75,29.83,40.0,14.0,5.172
2021-02-26 17:00:00+01:00,23.484999,22.82,19.5,21.6,23.9,37.34,29.599998,40.0,12.0,5.208
2021-02-26 17:15:00+01:00,23.76,22.789999,19.5,21.5,22.9,37.099998,29.42,40.0,14.0,5.196
2021-02-26 17:30:00+01:00,23.764999,22.689999,19.5,21.439999,23.299999,37.259998,29.66,40.0,12.0,5.172
2021-02-26 17:45:00+01:00,24.244999,22.689999,19.5,22.02,22.5,36.399998,29.76,40.0,13.0,5.22
2021-02-26 18:00:00+01:00,23.459999,22.705,19.5,21.08,21.5,37.02,29.74,42.5,13.0,5.208
2021-02-26 18:15:00+01:00,23.314999,22.66,19.5,21.24,20.5,37.41,29.709999,45.0,12.0,5.16
2021-02-26 18:30:00+01:00,22.994999,22.66,19.5,21.1,19.5,37.669998,29.559999,45.0,14.0,5.172
2021-02-26 18:45:00+01:00,23.004999,22.629999,19.5,21.16,19.5,37.899998,29.639999,45.0,13.0,5.16
2021-02-26 19:00:00+01:00,22.924999,22.625,19.5,21.039999,18.5,40.079998,30.24,46.5,13.0,5.184
2021-02-26 19:15:00+01:00,22.705,22.529999,19.5,20.559999,18.5,40.989998,31.09,48.0,13.0,5.184
2021-02-26 19:30:00+01:00,22.219999,22.449999,19.5,19.9,17.5,42.149998,31.809999,49.5,12.0,5.172
2021-02-26 19:45:00+01:00,21.959999,22.369999,19.5,19.66,17.5,43.18,32.399998,51.0,13.0,5.172
2021-02-26 20:00:00+01:00,21.789999,22.299999,19.5,19.48,17.5,43.91,33.009998,52.5,13.5,5.184
2021-02-27 06:15:00+01:00,17.885,20.955,19.5,15.74,11.5,48.360001,34.619999,66.0,9.0,5.088
2021-02-27 06:30:00+01:00,16.959999,20.65,19.5,15.82,11.5,49.299999,34.84,66.0,13.0,5.028
2021-02-27 06:45:00+01:00,16.969999,20.49,19.5,15.86,11.5,49.469997,34.849998,66.0,12.0,5.052
2021-02-27 07:00:00+01:00,16.885,20.4,19.5,15.74,11.5,50.0,34.93,68.5,14.0,5.124
2021-02-27 07:15:00+01:00,16.33,20.35,19.5,15.24,11.5,51.199997,35.029999,71.0,12.0,5.136
2021-02-27 07:30:00+01:00,16.234999,20.285,19.5,14.059999,11.5,51.549999,35.219997,71.0,13.0,5.04
2021-02-27 07:45:00+01:00,16.02,20.215,19.5,13.759999,11.5,51.799999,35.279999,71.0,12.0,5.088
2021-02-27 08:00:00+01:00,15.86,20.17,19.5,13.62,10.5,51.860001,35.309998,73.5,13.0,5.112
2021-02-27 08:15:00+01:00,16.105,20.275,19.5,13.98,10.5,51.25,35.219997,76.0,13.0,5.124
2021-02-27 08:30:00+01:00,16.254999,20.469999,19.5,15.2,10.5,50.919998,34.91,69.0,12.0,5.124
2021-02-27 08:45:00+01:00,16.469999,20.51,19.5,15.36,10.5,50.829998,34.809998,62.0,13.0,5.04
2021-02-27 09:00:00+01:00,16.219999,20.49,19.5,15.219999,11.5,51.32,34.849998,62.0,14.0,5.052
2021-02-27 09:15:00+01:00,16.48,20.48,19.5,15.42,11.5,51.09,34.899998,62.0,12.0,5.124
2021-02-27 09:30:00+01:00,17.045,20.484999,19.5,14.92,12.5,50.0,34.950001,62.0,13.0,5.124
2021-02-27 09:45:00+01:00,17.190001,20.57,19.5,15.04,14.6,50.389999,34.950001,62.0,13.0,5.148
2021-02-27 10:00:00+01:00,17.445,20.609999,19.5,15.139999,15.6,50.029999,35.049999,60.0,13.0,5.136
2021-02-27 10:15:00+01:00,17.815001,20.639999,19.5,15.679999,15.6,49.860001,35.219997,58.0,12.0,5.136
2021-02-27 10:30:00+01:00,18.145,20.639999,19.5,16.74,15.6,49.5,35.389999,56.0,13.0,5.124
2021-02-27 10:45:00+01:00,18.504999,20.639999,19.5,17.039999,15.6,48.82,35.52,54.0,12.0,5.124
2021-02-27 11:00:00+01:00,18.744999,20.639999,19.5,17.359999,16.6,48.149998,35.610001,54.5,14.0,5.172
2021-02-27 11:15:00+01:00,18.889999,20.639999,19.5,17.4,16.6,47.77,35.579998,55.0,13.0,5.136
2021-02-27 11:30:00+01:00,18.93,20.639999,19.5,16.66,15.6,47.529999,35.549999,53.0,13.0,5.16
2021-02-27 11:45:00+01:00,18.809999,20.639999,19.5,16.619999,15.6,47.77,35.549999,51.0,13.0,5.124
2021-02-27 12:00:00+01:00,19.084999,20.629999,19.5,16.92,17.6,47.43,35.619999,51.0,12.0,5.196
2021-02-27 12:15:00+01:00,19.25,20.639999,19.5,17.119999,18.6,47.43,35.689999,51.0,13.0,5.124
2021-02-27 12:30:00+01:00,19.959999,20.67,19.5,18.279999,18.6,45.149998,35.52,49.5,12.0,5.184
2021-02-27 12:45:00+01:00,20.189999,20.74,19.5,18.6,18.6,44.469997,35.189999,48.0,14.0,5.136
2021-02-27 13:00:00+01:00,20.535,20.779999,19.5,18.82,19.6,43.369999,34.93,48.0,13.0,5.172
2021-02-27 13:15:00+01:00,20.789999,20.85,19.5,19.0,19.6,42.719997,34.399998,48.0,13.0,5.124
2021-02-27 13:30:00+01:00,21.289999,20.914999,19.5,19.119999,19.6,42.68,34.32,44.0,12.0,5.148
2021-02-27 13:45:00+01:00,21.365,20.99,19.5,19.039999,18.6,43.59,34.509998,40.0,13.0,5.1
2021-02-27 14:00:00+01:00,21.414999,21.045,19.5,19.199999,18.6,44.219997,34.869999,37.0,13.0,5.1
2021-02-27 14:15:00+01:00,21.84,21.09,19.5,19.639999,18.6,44.439999,35.299999,34.0,12.0,5.1
2021-02-27 14:30:00+01:00,22.424999,21.189999,19.5,20.539999,19.6,43.579998,35.52,34.0,14.0,5.124
2021-02-27 14:45:00+01:00,22.32,21.264999,19.5,20.459999,19.6,43.209999,35.52,34.0,13.0,5.196
2021-02-27 15:00:00+01:00,22.219999,21.295,19.5,20.359999,19.6,41.360001,34.889999,34.0,12.0,5.124
2021-03-01 04:15:00+01:00,15.804999,19.785,19.5,13.34,8.4,47.52,34.07,81.0,10.0,5.04
2021-03-01 04:30:00+01:00,15.134999,19.359999,19.5,13.639999,8.4,48.709999,34.189999,78.0,12.0,5.04
2021-03-01 05:00:00+01:00,14.429999,19.119999,19.5,13.599999,8.4,49.84,33.989998,78.0,12.0,5.04
2021-03-01 05:15:00+01:00,14.4,19.029999,19.5,13.5,8.4,49.809998,33.889999,81.0,12.0,5.004
2021-03-01 06:15:00+01:00,13.735,18.834999,19.5,13.064,9.4,50.93,33.809998,75.0,12.0,5.004
2021-03-01 06:45:00+01:00,13.29,18.709999,19.5,12.48,8.4,51.699997,33.84,87.0,12.0,5.04
2021-03-01 07:00:00+01:00,13.41,18.664999,19.5,12.639999,8.4,51.379997,33.790001,84.0,12.0,5.016
2021-03-01 07:15:00+01:00,13.4,18.91,19.5,12.639999,8.4,51.98,33.619999,81.0,14.0,5.124
2021-03-01 07:30:00+01:00,13.585,19.385,19.5,13.2,8.4,52.73,33.059998,81.0,12.0,5.052
2021-03-01 07:45:00+01:00,13.69,19.695,19.5,13.0959998,8.4,52.199997,32.68,81.0,13.0,5.028
2021-03-01 08:00:00+01:00,13.424999,19.85,19.5,12.9919996,8.4,52.0,32.489998,78.0,13.0,5.1
2021-03-01 08:15:00+01:00,13.4,19.92,19.5,12.8879994,8.4,52.32,32.369999,75.0,12.0,5.064
2021-03-01 08:30:00+01:00,13.275,19.984999,19.5,12.7839992,7.4,52.07,32.189999,72.5,13.0,5.064
2021-03-01 08:45:00+01:00,13.474999,20.055,19.5,12.679999,7.4,51.579998,32.029999,70.0,12.0,5.112
2021-03-01 09:00:00+01:00,13.565,20.1,19.5,12.799999,8.4,51.299999,31.879999,66.0,13.0,5.076
2021-03-01 09:15:00+01:00,13.79,20.17,19.5,13.179999,8.4,50.91,31.619999,62.0,14.0,5.04
2021-03-01 09:30:00+01:00,13.82,20.23,19.5,13.04,11.4,50.77,31.449999,59.5,12.0,5.076
2021-03-01 09:45:00+01:00,14.21,20.27,19.5,12.3,11.4,49.239998,31.269999,57.0,13.0,5.04
2021-03-01 10:00:00+01:00,14.799999,20.27,19.5,12.7,11.4,48.599998,31.119999,57.0,12.0,5.076
2021-03-01 10:15:00+01:00,14.4,20.35,19.5,12.64,12.4,48.989998,30.959999,57.0,13.0,5.076
2021-03-01 10:30:00+01:00,14.73,20.57,19.5,12.58,13.4,48.450001,30.609999,57.5,12.0,5.1
2021-03-01 10:45:00+01:00,15.395,20.67,19.5,14.32,13.4,47.259998,30.51,58.0,13.0,5.064
2021-03-01 11:00:00+01:00,15.61,20.77,19.5,14.78,13.4,47.009998,30.389999,56.0,12.0,5.064
2021-03-01 11:15:00+01:00,16.35,20.879999,19.5,15.42,15.4,45.59,30.289999,54.0,13.0,5.148
2021-03-01 11:30:00+01:00,17.035,21.07,19.5,15.719999,16.4,43.98,30.08,54.0,14.0,5.124
2021-03-01 11:45:00+01:00,16.85,21.225,19.5,14.66,18.4,44.399998,29.82,54.0,13.0,5.124
2021-03-01 12:00:00+01:00,17.07,21.184999,19.5,14.839999,19.4,43.950001,29.789999,52.5,12.0,5.112
2021-03-01 12:15:00+01:00,17.695,21.094999,19.5,15.639999,19.299999,43.5,29.879999,51.0,13.0,5.16
2021-03-01 12:30:00+01:00,18.475,21.09,19.5,16.48,20.299999,42.119999,29.879999,49.0,13.0,5.1
2021-03-01 12:45:00+01:00,18.209999,21.1,19.5,16.799999,20.299999,42.540001,29.799999,47.0,12.0,5.148
2021-03-01 13:00:00+01:00,18.775,21.205,19.5,17.48,21.299999,41.759998,29.619999,47.0,13.0,5.076
2021-03-01 13:15:00+01:00,19.535,21.334999,19.5,17.859999,19.299999,41.0,29.439999,47.0,12.0,5.196
2021-03-01 13:30:00+01:00,19.43,21.404999,19.5,17.859999,21.299999,41.509998,29.439999,44.0,14.0,5.136
2021-03-01 13:45:00+01:00,19.145,21.445,19.5,17.18,21.299999,41.790001,29.51,41.0,13.0,5.112
2021-03-01 14:00:00+01:00,19.969999,21.414999,19.5,17.9,21.299999,40.759998,29.59,41.0,12.0,5.124
2021-03-01 14:15:00+01:00,19.695,21.455,19.5,17.34,22.299999,40.700001,29.599998,41.0,13.0,5.112
2021-03-01 14:30:00+01:00,20.084999,21.494999,19.5,17.799999,22.299999,39.969997,29.34,38.5,12.0,5.136
2021-03-01 14:45:00+01:00,20.285,21.664999,19.5,18.76,22.299999,39.939999,29.0,36.0,13.0,5.124
2021-03-01 15:00:00+01:00,20.584999,21.789999,19.5,18.959999,22.299999,39.219997,28.789999,33.5,13.0,5.124
2021-03-01 15:15:00+01:00,21.014999,21.789999,19.5,19.48,22.299999,37.279999,28.57,31.0,12.0,5.124
2021-03-01 15:30:00+01:00,21.605,21.824999,19.5,19.799999,21.299999,35.91,27.76,32.5,14.0,5.124
2021-03-01 15:45:00+01:00,21.865,22.08,19.5,19.779999,20.299999,34.599998,26.539999,34.0,13.0,5.136
2021-03-01 16:00:00+01:00,21.055,22.195,19.5,18.6,21.299999,34.82,25.639999,31.5,13.0,5.124
2021-03-01 16:15:00+01:00,20.91,22.16,19.5,18.619999,21.299999,35.239998,25.309999,29.0,12.0,5.04
2021-03-01 16:30:00+01:00,22.15,22.145,19.5,20.039999,20.299999,32.239998,24.76,27.0,13.0,5.172
2021-03-01 16:45:00+01:00,22.02,22.195,19.5,20.24,20.299999,33.219997,24.299999,25.0,12.0,5.172
2021-03-01 17:00:00+01:00,21.564999,22.205,19.5,19.74,20.299999,34.82,24.35,28.0,13.0,5.16
2021-03-01 17:15:00+01:00,21.564999,22.16,19.5,19.9,20.299999,34.849998,24.559999,31.0,14.0,5.196
2021-03-01 17:30:00+01:00,21.424999,22.145,19.5,19.719999,19.299999,34.630001,24.73,31.0,13.0,5.196
2021-03-01 17:45:00+01:00,21.605,22.154999,19.5,19.299999,18.299999,34.239998,24.629999,31.0,13.0,5.172
2021-03-01 18:00:00+01:00,21.299999,22.105,19.5,18.859999,18.299999,34.419998,24.629999,30.0,12.0,5.124
2021-03-01 18:15:00+01:00,21.49,22.074999,19.5,19.16,18.299999,32.68,24.32,29.0,13.0,5.196
2021-03-01 18:30:00+01:00,21.279999,22.074999,19.5,19.02,16.299999,32.459999,23.84,29.5,13.0,5.16
2021-03-01 18:45:00+01:00,20.875,22.074999,19.5,19.119999,16.299999,32.469997,23.449999,30.0,12.0,5.184
2021-03-01 19:00:00+01:00,20.625,22.029999,19.5,19.02,15.3,32.389999,23.17,32.5,14.0,5.16
2021-03-01 19:15:00+01:00,20.17,21.969999,19.5,18.66,15.3,33.139999,23.0,35.0,13.0,5.148
2021-03-01 19:30:00+01:00,19.959999,21.865,19.5,18.48,14.3,34.009998,23.0,37.5,13.0,5.13
2021-03-01 19:45:00+01:00,19.73,21.789999,19.5,17.52,14.3,34.57,23.26,40.0,12.0,5.112
2021-03-01 20:00:00+01:00,19.369999,21.705,19.5,17.119999,13.3,35.16,23.42,45.0,13.0,5.112
2021-03-02 06:15:00+01:00,15.255,20.26,19.5,12.94,8.3,46.129997,29.679998,65.0,10.0,5.004
2021-03-02 06:30:00+01:00,14.4,19.859999,19.5,13.1199995,9.3,47.599998,30.16,62.5,13.0,5.028
2021-03-02 06:45:00+01:00,14.24,19.635,19.5,13.299999,9.3,48.09,30.349998,60.0,12.0,5.052
2021-03-02 07:00:00+01:00,13.889999,19.545,19.5,13.099999,9.3,49.23,30.49,62.5,13.0,5.04
2021-03-02 07:15:00+01:00,13.094999,19.434999,19.5,12.4,9.3,50.579998,30.66,65.0,12.0,5.052
2021-03-02 07:30:00+01:00,12.974999,19.334999,19.5,12.3,9.3,49.59,30.639999,62.5,13.0,5.04
2021-03-02 07:45:00+01:00,13.134999,19.244999,19.5,12.324,8.3,48.669998,30.359999,60.0,12.0,5.004
2021-03-02 08:00:00+01:00,12.955,19.244999,19.5,12.348,8.3,49.039997,30.24,60.0,14.0,5.088
2021-03-02 08:15:00+01:00,12.91,19.365,19.5,12.372,8.3,49.869999,30.119999,60.0,13.0,5.052
2021-03-02 08:30:00+01:00,12.965,19.77,19.5,12.396,8.3,50.349998,29.679998,53.0,12.0,5.088
2021-03-02 08:45:00+01:00,13.299999,19.955,19.5,12.42,8.3,49.489998,29.469999,46.0,13.0,5.088
2021-03-02 09:00:00+01:00,13.344999,20.004999,19.5,12.639999,9.3,49.459999,29.309999,46.0,12.0,5.064
2021-03-02 09:30:00+01:00,14.235,20.029999,19.5,13.4,11.3,43.59,28.529999,41.5,12.0,5.112
2021-03-02 09:45:00+01:00,14.839999,20.049999,19.5,12.799999,11.3,41.829998,27.74,37.0,13.0,5.004
2021-03-02 10:00:00+01:00,14.964999,20.189999,19.5,12.94,13.3,41.939999,27.08,37.5,12.0,5.04
2021-03-02 10:15:00+01:00,15.2,20.279999,19.5,13.0,14.3,41.07,26.609999,38.0,14.0,5.052
2021-03-02 10:30:00+01:00,15.535,20.289999,19.5,13.36,13.3,40.029999,26.379999,38.0,13.0,5.124
2021-03-02 10:45:00+01:00,16.26,20.314999,19.5,14.96,14.3,38.5,25.99,38.0,12.0,5.064
2021-03-02 11:00:00+01:00,16.459999,20.35,19.5,15.44,14.3,39.149998,25.74,38.0,13.0,5.112
2021-03-02 11:15:00+01:00,16.969999,20.459999,19.5,15.78,16.299999,38.41,25.639999,38.0,13.0,5.148
2021-03-02 11:30:00+01:00,17.764999,20.484999,19.5,16.52,16.299999,37.649998,25.559999,38.0,12.0,5.112
2021-03-02 11:45:00+01:00,18.619999,20.529999,19.5,16.379999,16.299999,36.290001,25.42,38.0,13.0,5.1
2021-03-02 12:00:00+01:00,18.705,20.58,19.5,16.699999,17.299999,36.149998,25.25,37.0,12.0,5.1
2021-03-02 12:15:00+01:00,19.525,20.629999,19.5,17.4,18.299999,35.369999,25.189999,36.0,14.0,5.112
2021-03-02 12:30:00+01:00,20.004999,20.975,19.5,17.879999,19.299999,34.989998,24.5,33.5,13.0,5.136
2021-03-02 12:45:00+01:00,20.404999,21.254999,19.5,18.539999,19.299999,34.130001,23.969999,31.0,13.0,5.088
2021-03-02 13:00:00+01:00,19.785,21.414999,19.5,18.34,22.299999,35.09,23.789999,32.0,12.0,5.136
2021-03-02 13:15:00+01:00,20.834999,21.52,19.5,19.279999,22.299999,33.869999,23.609999,33.0,13.0,5.124
2021-03-02 13:30:00+01:00,21.014999,21.615,19.5,19.48,22.299999,33.23,23.289999,30.0,13.0,5.172
2021-03-02 13:45:00+01:00,20.605,21.705,19.5,18.359999,22.299999,32.860001,22.9,27.0,12.0,5.124
2021-03-02 14:00:00+01:00,21.414999,21.764999,19.5,19.48,22.299999,32.73,22.99,27.0,14.0,5.184
2021-03-02 14:15:00+01:00,22.23,21.889999,19.5,20.119999,21.299999,28.689999,22.049999,27.0,13.0,5.136
2021-03-02 14:30:00+01:00,22.5,22.01,19.5,20.279999,21.299999,29.019999,21.51,25.0,13.0,5.124
2021-03-02 14:45:00+01:00,22.785,22.094999,19.5,20.619999,20.299999,28.619999,20.91,23.0,12.0,5.196
2021-03-02 15:00:00+01:00,21.824999,22.139999,19.5,20.18,23.299999,30.23,20.68,23.0,13.0,5.124
2021-03-02 15:15:00+01:00,22.799999,22.205,19.5,20.92,22.299999,29.25,20.609999,23.0,13.0,5.172
2021-03-02 15:30:00+01:00,22.199999,22.269999,19.5,20.199999,22.299999,29.539999,20.5,22.5,14.0,5.16
2021-03-02 15:45:00+01:00,22.355,22.26,19.5,20.4,21.299999,29.179998,20.5,22.0,13.0,5.232
2021-03-02 16:00:00+01:00,22.625,22.26,19.5,20.559999,19.299999,28.809999,20.359999,22.0,12.0,5.184
2021-03-02 16:15:00+01:00,22.25,22.285,19.5,19.859999,19.299999,29.529999,20.299999,22.0,13.0,5.16
2021-03-02 16:30:00+01:00,22.32,22.26,19.5,20.039999,20.299999,30.0,20.529999,22.0,13.0,5.196
2021-03-02 16:45:00+01:00,22.699999,22.269999,19.5,20.74,20.299999,30.08,20.699999,22.0,13.0,5.112
2021-03-02 17:00:00+01:00,22.875,22.309999,19.5,20.84,20.299999,31.92,21.199999,24.5,14.0,5.136
2021-03-02 17:15:00+01:00,21.629999,22.26,19.5,19.9,20.299999,34.82,22.359999,27.0,12.0,5.172
2021-03-02 17:30:00+01:00,21.139999,22.119999,19.5,19.439999,18.299999,35.75,23.18,27.0,13.0,5.172
2021-03-02 17:45:00+01:00,20.859999,21.939999,19.5,18.639999,17.299999,36.489998,23.98,27.0,12.0,5.076
2021-03-02 18:00:00+01:00,20.535,21.805,19.5,18.219999,17.299999,37.169998,24.639999,28.0,13.0,5.1
2021-03-02 18:15:00+01:00,20.35,21.84,19.5,18.059999,16.299999,36.869999,24.889999,29.0,13.0,5.136
2021-03-02 18:30:00+01:00,20.049999,21.865,19.5,17.779999,16.299999,36.139999,24.779999,30.0,13.0,5.148
2021-03-02 18:45:00+01:00,20.004999,21.824999,19.5,18.359999,16.299999,35.809998,24.529999,31.0,14.0,5.196
2021-03-02 19:00:00+01:00,19.75,21.764999,19.5,18.26,15.3,35.57,24.41,32.0,13.33333333,5.16
2021-03-02 19:15:00+01:00,19.57,21.699999,19.5,18.139999,15.3,35.529999,24.209999,33.0,12.66666667,5.124
2021-03-02 19:30:00+01:00,19.459999,21.684999,19.5,18.059999,15.3,35.759998,24.049999,40.0,12.0,5.028
2021-03-02 19:45:00+01:00,19.6,21.719999,19.5,17.48,15.3,35.759998,23.969999,47.0,13.0,5.124
2021-03-02 20:00:00+01:00,19.34,21.695,19.5,17.08,15.3,35.98,24.09,45.0,13.0,5.088
2021-03-03 06:30:00+01:00,15.485,20.035,19.5,13.32,9.3,43.18,27.93,63.0,12.0,5.016
2021-03-03 06:45:00+01:00,15.714999,19.869999,19.5,14.219999,10.3,42.879997,27.99,61.0,13.0,5.04
2021-03-03 07:00:00+01:00,15.355,19.775,19.5,14.38,10.3,43.309998,27.969999,65.5,12.0,5.04
2021-03-03 07:15:00+01:00,14.839999,19.705,19.5,13.94,10.3,44.16,27.939999,70.0,13.0,5.112
2021-03-03 07:30:00+01:00,14.75,19.635,19.5,13.88,9.3,44.41,27.99,67.5,12.0,5.052
2021-03-03 07:45:00+01:00,15.105,19.6,19.5,14.54,9.3,43.939999,28.019999,65.0,14.0,5.124
2021-03-03 08:00:00+01:00,14.69,19.555,19.5,12.559999,9.3,44.52,27.969999,67.5,12.0,5.052
2021-03-03 08:15:00+01:00,14.764999,19.674999,19.5,12.559999,10.3,44.529999,27.98,70.0,13.0,5.088
2021-03-03 08:30:00+01:00,14.87,19.865,19.5,12.759999,10.3,44.52,27.76,65.5,13.0,5.076
2021-03-03 08:45:00+01:00,15.0,19.984999,19.5,13.46,10.3,44.509998,27.65,61.0,12.0,5.1
2021-03-03 09:00:00+01:00,14.94,20.1,19.5,13.98,10.3,44.549999,27.57,61.0,13.0,5.052
2021-03-03 09:15:00+01:00,15.02,20.42,19.5,14.12,11.3,44.639999,27.32,61.0,12.0,5.052
2021-03-03 09:30:00+01:00,15.155,20.719999,19.5,14.24,11.3,44.489998,27.119999,61.5,13.0,5.052
2021-03-03 09:45:00+01:00,15.344999,20.865,19.5,14.58,11.3,43.719997,26.859999,62.0,12.0,5.124
2021-03-03 10:00:00+01:00,15.44,20.934999,19.5,13.259999,12.3,43.349998,26.619999,62.0,14.0,5.088
2021-03-03 10:15:00+01:00,15.395,21.014999,19.5,13.259999,13.3,43.509998,26.519999,62.0,13.0,5.04
2021-03-03 10:30:00+01:00,15.815,21.254999,19.5,13.58,12.3,42.869999,26.34,59.5,12.0,5.148
2021-03-03 10:45:00+01:00,15.92,21.455,19.5,13.78,13.3,42.739998,26.119999,57.0,13.0,5.124
2021-03-03 11:00:00+01:00,16.059999,21.615,19.5,14.98,13.3,42.989998,25.939999,53.5,12.0,5.232
2021-03-03 11:15:00+01:00,16.119999,21.715,19.5,15.139999,13.3,43.279999,26.029999,50.0,13.0,5.136
2021-03-03 11:30:00+01:00,16.504999,21.82,19.5,15.4,14.3,42.899998,26.109999,54.0,13.0,5.22
2021-03-03 11:45:00+01:00,22.109999,22.059999,19.5,20.219999,14.3,36.16,26.029999,58.0,14.0,5.064
2021-03-03 12:00:00+01:00,20.525,22.504999,19.5,18.219999,15.3,38.169998,25.689999,56.0,13.0,5.172
2021-03-03 12:15:00+01:00,19.969999,22.574999,19.5,17.6,16.299999,38.649998,25.76,54.0,12.0,5.184
2021-03-03 12:30:00+01:00,19.789999,22.629999,19.5,17.32,17.299999,38.939999,25.879999,54.0,13.0,5.112
2021-03-03 12:45:00+01:00,20.074999,22.65,19.5,17.82,17.299999,38.649998,25.879999,54.0,13.0,5.244
2021-03-03 13:00:00+01:00,18.639999,22.65,19.5,17.299999,18.299999,41.509998,25.98,56.0,13.0,5.196
2021-03-03 13:15:00+01:00,18.594999,22.59,19.5,17.219999,18.299999,42.139999,26.549999,58.0,14.0,5.232
2021-03-03 13:30:00+01:00,18.504999,22.58,19.5,17.440001,18.299999,43.43,26.949999,54.5,13.0,5.208
2021-03-03 13:45:00+01:00,18.529999,22.6,19.5,17.18,18.299999,43.040001,27.269999,51.0,13.0,5.184
2021-03-03 14:00:00+01:00,19.965,22.625,19.5,17.92,19.299999,40.809998,27.439999,47.5,12.0,5.172
2021-03-03 14:15:00+01:00,19.6,22.779999,19.5,17.24,18.299999,41.700001,27.439999,44.0,13.0,5.184
2021-03-03 14:30:00+01:00,19.449999,22.834999,19.5,17.42,18.299999,42.279999,27.639999,45.5,13.0,5.208
2021-03-03 14:45:00+01:00,19.83,22.879999,19.5,17.6,19.299999,41.829998,27.73,47.0,14.0,5.268
2021-03-03 15:00:00+01:00,18.695,22.924999,19.5,17.32,20.299999,42.93,27.689999,49.0,13.0,5.16
2021-03-03 15:15:00+01:00,18.809999,22.885,19.5,17.440001,20.299999,43.439999,27.799999,51.0,13.0,5.244
2021-03-03 15:30:00+01:00,19.209999,22.894999,19.5,17.82,20.299999,42.57,27.93,52.5,13.0,5.244
2021-03-03 15:45:00+01:00,19.27,22.934999,19.5,17.84,19.299999,42.079998,27.889999,54.0,12.0,5.28
2021-03-03 16:00:00+01:00,19.5,22.934999,19.5,17.539999,20.299999,41.369999,27.689999,52.5,13.0,5.268
2021-03-03 16:15:00+01:00,19.629999,22.959999,19.5,17.379999,20.299999,39.84,27.379999,51.0,14.0,5.268
2021-03-03 16:30:00+01:00,19.904999,22.959999,19.5,17.699999,20.299999,39.02,26.93,52.5,13.0,5.208
2021-03-03 16:45:00+01:00,19.959999,22.99,19.5,17.779999,19.299999,38.790001,26.58,54.0,13.0,5.196
2021-03-03 17:00:00+01:00,19.26,23.049999,19.5,17.84,19.299999,41.02,26.599998,54.0,13.0,5.184
2021-03-03 17:15:00+01:00,19.119999,23.074999,19.5,17.74,18.299999,40.669998,26.66,54.0,13.0,5.232
2021-03-03 17:30:00+01:00,19.02,23.074999,19.5,17.66,18.299999,39.950001,26.51,54.0,12.0,5.184
2021-03-03 17:45:00+01:00,19.01,23.035,19.5,17.66,17.299999,40.279999,26.359999,54.0,15.0,5.244
2021-03-03 18:00:00+01:00,19.59,23.035,19.5,17.66,17.299999,38.98,26.16,56.0,12.0,5.232
2021-03-03 18:15:00+01:00,19.975,23.035,19.5,17.76,16.299999,40.629997,26.07,58.0,13.0,5.22
2021-03-03 18:30:00+01:00,19.76,22.994999,19.5,17.52,15.3,42.169998,26.779999,58.0,13.0,5.28
2021-03-03 18:45:00+01:00,19.549999,22.939999,19.5,17.32,14.3,42.969997,27.449999,58.0,13.0,5.184
2021-03-03 19:00:00+01:00,18.84,22.93,19.5,17.42,14.3,44.450001,28.0,56.0,14.0,5.232
2021-03-03 19:15:00+01:00,18.824999,22.894999,19.5,17.52,14.3,44.619999,28.369999,54.0,13.0,5.208
2021-03-03 19:30:00+01:00,18.799999,22.834999,19.5,17.6,14.3,44.779999,28.83,58.0,13.0,5.208
2021-03-03 19:45:00+01:00,18.82,22.85,19.5,17.6,14.3,44.68,28.98,62.0,12.0,5.22
2021-03-03 20:00:00+01:00,19.6,22.809999,19.5,17.52,14.3,43.989998,29.049999,64.0,13.0,5.148
2021-03-04 06:15:00+01:00,18.475,21.004999,19.5,16.440001,10.3,44.489998,30.389999,75.0,10.0,5.028
2021-03-04 06:30:00+01:00,19.66,20.789999,19.5,17.199999,10.3,42.829998,30.949999,75.0,13.0,5.028
2021-03-04 06:45:00+01:00,20.039999,20.779999,19.5,17.48,10.3,42.169998,31.109999,75.0,12.0,5.04
2021-03-04 07:00:00+01:00,19.68,20.814999,19.5,18.18,10.3,42.759998,31.129999,75.0,12.0,5.04
2021-03-04 07:15:00+01:00,18.664999,20.754999,19.5,17.58,10.3,44.669998,31.349998,75.0,13.0,5.124
2021-03-04 07:30:00+01:00,18.775,20.65,19.5,17.74,10.3,44.579998,31.619999,75.0,14.0,5.028
2021-03-04 07:45:00+01:00,18.719999,20.609999,19.5,17.699999,10.3,44.73,31.859999,75.0,12.0,5.088
2021-03-04 08:00:00+01:00,19.389999,20.59,19.5,17.139999,8.3,43.790001,31.969999,78.0,13.0,5.184
2021-03-04 08:15:00+01:00,19.969999,20.719999,19.5,17.440001,9.3,41.32,31.58,81.0,13.0,5.16
2021-03-04 08:30:00+01:00,19.85,20.859999,19.5,17.219999,9.3,41.27,30.969999,81.0,12.0,5.172
2021-03-04 08:45:00+01:00,20.01,20.889999,19.5,17.4,9.3,41.059998,30.689999,81.0,13.0,5.196
2021-03-04 09:00:00+01:00,19.225,20.924999,19.5,17.859999,9.3,42.52,30.609999,76.0,13.0,5.172
2021-03-04 09:15:00+01:00,18.59,20.859999,19.5,17.539999,10.3,44.959999,30.959999,71.0,14.0,5.196
2021-03-04 09:30:00+01:00,18.664999,20.814999,19.5,17.66,11.3,45.02,31.41,68.5,12.0,5.136
2021-03-04 09:45:00+01:00,18.619999,20.84,19.5,17.58,12.3,44.309998,31.48,66.0,13.0,5.208
2021-03-04 10:00:00+01:00,19.27,20.84,19.5,17.16,14.3,44.18,31.65,66.0,13.0,5.16
2021-03-04 10:15:00+01:00,19.965,20.904999,19.5,17.559999,14.3,42.119999,31.49,66.0,13.0,5.196
2021-03-04 10:30:00+01:00,20.115,20.939999,19.5,17.76,15.3,41.950001,31.24,66.0,13.0,5.232
2021-03-04 10:45:00+01:00,19.789999,21.055,19.5,17.4,14.3,43.290001,31.349998,66.0,12.0,5.172
2021-03-04 11:00:00+01:00,19.42,21.309999,19.5,17.9,15.3,43.48,31.16,64.0,15.0,5.172
2021-03-04 11:15:00+01:00,18.84,21.365,19.5,17.66,15.3,44.389999,31.17,62.0,12.0,5.172
2021-03-04 11:30:00+01:00,18.885,21.385,19.5,17.699999,16.299999,44.349998,31.17,60.0,13.0,5.172
2021-03-04 11:45:00+01:00,18.484999,21.41,19.5,17.32,16.299999,45.669998,31.34,58.0,13.0,5.172
2021-03-04 12:00:00+01:00,19.119999,21.414999,19.5,17.16,16.299999,44.529999,31.439999,58.0,13.0,5.268
2021-03-04 12:15:00+01:00,19.834999,21.514999,19.5,17.74,16.299999,43.84,31.529999,58.0,14.0,5.196
2021-03-04 12:30:00+01:00,19.789999,21.605,19.5,17.699999,17.299999,44.189999,31.549999,56.0,12.0,5.184
2021-03-04 12:45:00+01:00,19.809999,21.645,19.5,17.719999,20.299999,44.329998,31.689999,54.0,14.0,5.22
2021-03-04 13:00:00+01:00,18.99,21.664999,19.5,17.779999,18.299999,45.450001,31.73,52.5,12.0,5.196
2021-03-04 13:15:00+01:00,18.645,21.615,19.5,17.539999,20.299999,45.91,31.869999,51.0,13.0,5.184
2021-03-04 13:30:00+01:00,18.619999,21.594999,19.5,17.699999,22.299999,45.719997,31.869999,49.0,13.0,5.196
2021-03-04 13:45:00+01:00,19.184999,21.625,19.5,17.82,20.299999,44.489998,31.699999,47.0,14.0,5.268
2021-03-04 14:00:00+01:00,18.955,21.684999,19.5,17.219999,20.299999,44.539997,31.48,49.0,13.0,5.208
2021-03-04 14:15:00+01:00,19.459999,21.695,19.5,17.52,20.299999,43.139999,31.179998,51.0,13.0,5.232
2021-03-04 14:30:00+01:00,19.504999,21.695,19.5,17.539999,19.299999,42.540001,30.869999,47.5,13.0,5.208
2021-03-04 14:45:00+01:00,19.5,21.695,19.5,17.459999,18.299999,42.18,30.57,44.0,13.0,5.256
2021-03-04 15:00:00+01:00,18.754999,21.695,19.5,17.279999,18.299999,43.93,30.379999,44.0,14.0,5.256
2021-03-04 15:15:00+01:00,18.77,21.664999,19.5,17.559999,20.299999,44.25,30.539999,44.0,12.0,5.244
2021-03-04 15:30:00+01:00,18.77,21.695,19.5,17.539999,19.299999,44.619999,30.699999,44.0,14.0,5.268
2021-03-04 15:45:00+01:00,18.895,21.734999,19.5,17.6,19.299999,44.450001,30.859999,44.0,12.0,5.268
2021-03-04 16:00:00+01:00,19.225,21.754999,19.5,17.26,19.299999,43.899998,30.929998,45.5,13.0,5.22
2021-03-04 16:15:00+01:00,19.449999,21.814999,19.5,17.4,20.299999,43.709999,30.809999,47.0,13.0,5.208
2021-03-04 16:30:00+01:00,19.504999,21.865,19.5,17.58,20.299999,43.489998,30.869999,49.0,14.0,5.22
2021-03-04 16:45:00+01:00,19.439999,21.93,19.5,17.059999,20.299999,43.610001,30.719999,51.0,13.0,5.22
2021-03-04 17:00:00+01:00,19.58,21.945,19.5,17.92,19.299999,42.25,30.559999,52.5,13.0,5.208
2021-03-04 17:15:00+01:00,19.344999,21.92,19.5,17.9,19.299999,42.369999,30.279999,54.0,13.0,5.244
2021-03-04 17:30:00+01:00,19.629999,21.904999,19.5,18.279999,19.299999,42.309998,30.039999,52.5,13.0,5.28
2021-03-04 17:45:00+01:00,19.494999,21.92,19.5,17.92,18.299999,41.329998,29.889999,51.0,14.0,5.292
2021-03-04 18:00:00+01:00,19.475,21.92,19.5,17.219999,18.299999,40.77,29.57,49.0,13.0,5.208
2021-03-04 18:15:00+01:00,19.639999,21.889999,19.5,17.66,18.299999,40.219997,29.25,47.0,12.0,5.232
2021-03-04 18:30:00+01:00,19.5,21.889999,19.5,17.4,16.299999,39.079998,28.629999,48.5,14.0,5.22
2021-03-04 18:45:00+01:00,19.41,21.844999,19.5,17.299999,16.299999,38.450001,27.949999,50.0,12.0,5.208
2021-03-04 19:00:00+01:00,19.375,21.809999,19.5,17.799999,16.299999,38.419998,27.529999,50.0,13.0,5.268
2021-03-04 19:15:00+01:00,18.84,21.719999,19.5,17.48,16.299999,39.059998,27.289999,50.0,14.0,5.256
2021-03-04 19:30:00+01:00,18.645,21.6,19.5,17.279999,15.3,40.029999,27.279999,52.0,13.0,5.232
2021-03-04 19:45:00+01:00,18.619999,21.469999,19.5,17.5,14.3,40.029999,27.43,54.0,13.0,5.232
2021-03-04 20:00:00+01:00,18.955,21.395,19.5,17.279999,14.3,40.149998,27.539999,58.0,13.0,5.244
2021-03-05 06:15:00+01:00,18.404999,20.639999,19.5,16.359999,8.3,43.459999,31.059999,75.0,11.0,5.124
2021-03-05 06:30:00+01:00,19.709999,20.43,19.5,17.16,8.3,41.549999,31.279999,75.0,12.0,5.1
2021-03-05 06:45:00+01:00,20.344999,20.455,19.5,17.699999,8.3,40.489998,31.16,75.0,13.0,5.112
2021-03-05 07:00:00+01:00,20.949999,20.51,19.5,18.719999,8.3,39.559998,30.969999,78.0,12.0,5.112
2021-03-05 07:15:00+01:00,18.799999,20.484999,19.5,17.6,8.3,42.379997,30.9,81.0,13.0,5.112
2021-03-05 07:30:00+01:00,18.565001,20.35,19.5,17.52,8.3,42.59,30.99,78.0,14.0,5.088
2021-03-05 07:45:00+01:00,18.74,20.279999,19.5,17.74,8.3,42.329998,31.039999,75.0,12.0,5.232
2021-03-05 08:00:00+01:00,18.82,20.25,19.5,17.559999,8.3,42.149998,30.99,75.0,13.0,5.184
2021-03-05 08:15:00+01:00,19.955,20.42,19.5,17.32,8.3,40.57,30.73,75.0,13.0,5.196
2021-03-05 08:30:00+01:00,20.115,20.74,19.5,17.379999,8.3,40.029999,30.15,75.5,13.0,5.088
2021-03-05 08:45:00+01:00,20.334999,20.869999,19.5,17.58,8.3,39.869999,29.859999,76.0,13.0,5.148
2021-03-05 09:00:00+01:00,20.789999,20.914999,19.5,18.719999,9.3,39.5,29.82,71.0,12.0,5.232
2021-03-05 09:15:00+01:00,18.754999,20.895,19.5,17.6,9.3,42.049999,30.09,66.0,14.0,5.22
2021-03-05 09:30:00+01:00,18.74,20.934999,19.5,17.76,13.3,42.419998,30.129999,68.5,13.0,5.22
2021-03-05 09:45:00+01:00,18.719999,21.014999,19.5,17.66,14.3,42.439999,30.119999,71.0,13.0,5.148
2021-03-05 10:00:00+01:00,18.969999,21.119999,19.5,18.26,15.3,42.43,29.92,66.5,12.0,5.256
2021-03-05 10:15:00+01:00,19.539999,21.285,19.5,17.1,14.3,42.18,30.029999,62.0,13.0,5.22
2021-03-05 10:30:00+01:00,19.959999,21.434999,19.5,17.52,15.3,41.989998,30.189999,60.0,13.0,5.208
2021-03-05 10:45:00+01:00,20.154999,21.59,19.5,17.74,16.299999,42.450001,30.459999,58.0,14.0,5.256
2021-03-05 11:00:00+01:00,20.02,21.615,19.5,18.16,17.299999,43.119999,30.83,58.0,13.0,5.208
2021-03-05 11:15:00+01:00,19.039999,21.695,19.5,17.699999,17.299999,44.93,31.099998,58.0,13.0,5.22
2021-03-05 11:30:00+01:00,18.77,21.68,19.5,17.52,18.299999,46.529999,31.539999,58.0,13.0,5.208
2021-03-05 11:45:00+01:00,18.945,21.705,19.5,17.74,19.299999,46.16,31.889999,58.0,12.0,5.244
2021-03-05 12:00:00+01:00,18.984999,21.764999,19.5,17.699999,20.299999,46.829998,32.290001,54.5,15.0,5.244
2021-03-05 12:15:00+01:00,19.66,21.82,19.5,17.42,20.299999,45.629997,32.559998,51.0,13.0,5.268
2021-03-05 12:30:00+01:00,19.969999,21.939999,19.5,17.76,20.299999,45.309998,32.709999,51.0,12.0,5.268
2021-03-05 12:45:00+01:00,19.799999,22.15,19.5,17.52,21.299999,45.52,32.52,51.0,13.0,5.28
2021-03-05 13:00:00+01:00,19.58,22.309999,19.5,17.379999,21.299999,45.509998,32.380001,51.0,13.0,5.268
2021-03-05 13:15:00+01:00,19.264999,22.42,19.5,17.84,21.299999,44.959999,32.200001,51.0,13.0,5.22
2021-03-05 13:30:00+01:00,19.34,22.5,19.5,18.0,22.299999,45.189999,31.809999,49.5,14.0,5.256
2021-03-05 13:45:00+01:00,19.459999,22.559999,19.5,17.98,21.200001,44.649998,31.539999,48.0,13.0,5.28
2021-03-05 14:00:00+01:00,19.494999,22.639999,19.5,18.139999,22.200001,44.719997,31.379999,46.0,13.0,5.28
2021-03-05 14:15:00+01:00,19.629999,22.775,19.5,17.379999,22.200001,44.610001,31.199999,44.0,13.0,5.22
2021-03-05 14:30:00+01:00,19.809999,22.85,19.5,17.48,22.200001,44.759998,31.039999,43.0,13.0,5.22
2021-03-05 14:45:00+01:00,20.125,22.994999,19.5,17.699999,22.200001,44.219997,30.82,42.0,14.0,5.232
2021-03-05 15:00:00+01:00,20.07,23.019999,19.5,17.879999,22.200001,44.779999,30.9,42.0,13.0,5.232
2021-03-05 15:15:00+01:00,20.525,23.154999,19.5,18.939999,22.200001,44.379997,30.929998,42.0,12.0,5.268
2021-03-05 15:30:00+01:00,20.324999,23.334999,19.5,18.82,22.200001,44.950001,30.9,42.0,13.0,5.28
2021-03-05 15:45:00+01:00,20.445,23.295,19.5,18.879999,22.200001,45.049999,31.189999,42.0,14.0,5.268
2021-03-05 16:00:00+01:00,20.459999,23.26,19.5,18.9,21.200001,45.039997,31.42,43.5,12.0,5.28
2021-03-05 16:15:00+01:00,20.744999,23.264999,19.5,18.459999,21.200001,44.700001,31.58,45.0,14.0,5.28
2021-03-05 16:30:00+01:00,20.574999,23.184999,19.5,18.26,21.200001,44.73,31.699999,45.0,13.0,5.22
2021-03-05 16:45:00+01:00,20.564999,23.094999,19.5,18.32,21.200001,44.959999,31.869999,45.0,13.0,5.22
2021-03-05 17:00:00+01:00,20.744999,23.045,19.5,18.459999,21.200001,44.700001,32.0,48.0,13.0,5.22
2021-03-05 17:15:00+01:00,20.664999,22.959999,19.5,19.039999,21.200001,44.66,32.110001,51.0,13.0,5.22
2021-03-05 17:30:00+01:00,20.484999,22.93,19.5,18.959999,20.200001,44.91,32.209999,51.0,14.0,5.244
2021-03-05 17:45:00+01:00,20.439999,22.92,19.5,18.92,20.200001,44.91,32.25,51.0,12.0,5.196
2021-03-05 18:00:00+01:00,20.355,22.875,19.5,18.82,19.200001,44.950001,32.279999,52.5,14.0,5.232
2021-03-05 18:15:00+01:00,20.285,22.859999,19.5,18.039999,18.1,44.860001,32.52,54.0,12.0,5.22
2021-03-05 18:30:00+01:00,20.23,22.93,19.5,17.9,18.1,44.66,32.450001,54.0,13.0,5.208
2021-03-05 18:45:00+01:00,20.014999,22.894999,19.5,17.719999,17.1,44.579998,32.290001,54.0,13.0,5.208
2021-03-05 19:00:00+01:00,19.965,22.844999,19.5,17.619999,16.1,44.129997,32.079998,54.0,14.0,5.184
2021-03-05 19:15:00+01:00,19.85,22.754999,19.5,18.32,16.1,44.16,31.679998,54.0,13.0,5.184
2021-03-05 19:30:00+01:00,19.799999,22.695,19.5,18.32,15.1,44.219997,31.439999,56.0,13.0,5.22
2021-03-05 19:45:00+01:00,19.709999,22.644999,19.5,18.26,15.1,44.16,31.309999,58.0,13.0,5.256
2021-03-05 20:00:00+01:00,19.59,22.574999,19.5,18.16,15.1,44.529999,31.23,60.0,12.0,5.22
2021-03-06 06:15:00+01:00,17.190001,21.27,19.5,14.88,12.1,51.309998,33.450001,87.0,10.0,5.088
2021-03-06 06:30:00+01:00,16.41,20.965,19.5,14.2,11.1,53.699997,34.41,90.0,13.0,5.052
2021-03-06 06:45:00+01:00,16.379999,20.814999,19.5,14.219999,11.1,54.489998,35.149998,93.0,12.0,5.112
2021-03-06 07:00:00+01:00,16.105,20.734999,19.5,13.88,10.1,56.25,35.719997,90.0,13.0,5.028
2021-03-06 07:15:00+01:00,15.36,20.65,19.5,14.299999,9.1,59.48,36.52,87.0,14.0,5.088
2021-03-06 07:30:00+01:00,14.905,20.58,19.5,14.04,9.1,62.32,37.329998,90.0,13.0,5.076
2021-03-06 07:45:00+01:00,15.025,20.51,19.5,14.12,9.1,63.029999,38.149998,93.0,12.0,5.256
2021-03-06 08:00:00+01:00,15.075,20.469999,19.5,14.139999,9.1,63.399998,38.849998,93.0,13.0,5.232
2021-03-06 08:15:00+01:00,21.789999,20.754999,19.5,18.92,9.1,49.039997,39.16,93.0,13.0,5.136
2021-03-06 08:30:00+01:00,20.334999,21.09,19.5,17.719999,9.1,51.629997,38.739998,93.0,13.0,5.124
2021-03-06 08:45:00+01:00,19.965,21.105,19.5,17.440001,9.1,52.469997,38.91,93.0,12.0,5.148
2021-03-06 09:00:00+01:00,19.859999,21.094999,19.5,17.42,9.1,52.09,39.0,90.0,14.0,5.136
2021-03-06 09:15:00+01:00,19.119999,21.09,19.5,17.799999,9.1,52.889999,38.939999,87.0,13.0,5.172
2021-03-06 09:30:00+01:00,18.59,21.045,19.5,17.5,9.1,54.709999,39.040001,90.0,12.0,5.124
2021-03-06 09:45:00+01:00,18.344999,20.965,19.5,17.219999,9.1,54.509998,39.209999,93.0,13.0,5.16
2021-03-06 10:00:00+01:00,18.324999,20.914999,19.5,17.32,9.1,54.23,39.209999,93.0,13.0,5.148
2021-03-06 10:15:00+01:00,19.209999,20.879999,19.5,17.08,9.1,52.199997,39.18,93.0,13.0,5.112
2021-03-06 10:30:00+01:00,18.014999,20.889999,19.5,17.119999,9.1,54.360001,38.98,93.0,12.0,5.124
2021-03-06 10:45:00+01:00,18.315001,20.824999,19.5,17.4,9.1,53.699997,39.040001,93.0,12.0,5.124
2021-03-06 11:00:00+01:00,18.125,20.779999,19.5,17.199999,9.1,53.849998,39.029999,90.0,14.0,5.112
2021-03-06 11:15:00+01:00,18.865,20.77,19.5,17.84,9.1,52.029999,38.959999,87.0,12.0,5.1
2021-03-06 11:30:00+01:00,19.6,20.795,19.5,17.32,8.1,50.579998,38.689999,87.0,13.0,5.064
2021-03-06 11:45:00+01:00,20.004999,20.859999,19.5,17.52,8.1,49.23,38.459999,87.0,13.0,5.064
2021-03-06 12:00:00+01:00,20.244999,20.904999,19.5,17.68,8.1,48.43,38.16,87.0,13.0,5.148
2021-03-06 12:15:00+01:00,20.15,20.914999,19.5,17.619999,9.1,48.549999,37.939999,87.0,12.0,5.064
2021-03-06 12:30:00+01:00,18.799999,20.904999,19.5,17.639999,9.1,50.599998,37.689999,87.0,13.0,5.052
2021-03-06 12:45:00+01:00,18.565001,20.795,19.5,17.66,9.1,50.669998,37.610001,87.0,12.0,5.04
2021-03-08 04:15:00+01:00,18.684999,19.664999,20.5,16.959999,7.1,45.419998,34.969997,87.0,10.0,5.064
2021-03-08 04:30:00+01:00,18.469999,19.465,20.5,16.639999,8.1,45.459999,35.09,87.0,13.0,5.064
2021-03-08 04:45:00+01:00,18.35,19.4,20.5,16.539999,8.1,45.34,35.09,87.0,12.0,5.064
2021-03-08 05:00:00+01:00,18.375,19.355,20.5,16.52,7.1,44.959999,35.07,87.0,13.0,5.016
2021-03-08 05:15:00+01:00,18.27,19.314999,20.5,16.42,7.1,45.639999,35.0,87.0,12.0,5.052
2021-03-08 05:45:00+01:00,18.16,19.244999,20.5,16.279999,7.1,45.039997,34.860001,87.0,13.0,5.016
2021-03-08 06:30:00+01:00,21.654999,19.629999,20.5,18.139999,7.1,39.59,33.779999,90.0,12.0,5.052
2021-03-08 06:45:00+01:00,22.184999,19.705,20.5,18.1,7.1,38.5,33.549999,93.0,12.0,5.004
2021-03-08 07:00:00+01:00,22.695,19.83,20.5,17.84,7.1,37.939999,33.239998,93.0,14.0,5.076
2021-03-08 07:15:00+01:00,22.965,20.26,20.5,17.68,7.1,38.32,32.689999,93.0,12.0,5.004
2021-03-08 08:00:00+01:00,23.414999,21.324999,20.5,17.48,8.1,37.32,30.889999,90.0,12.0,5.004
2021-03-08 08:15:00+01:00,23.879999,21.334999,20.5,17.559999,8.1,37.32,30.9,87.0,13.0,5.052
2021-03-08 08:45:00+01:00,24.625,21.264999,20.5,17.639999,8.1,36.18,31.09,87.0,13.0,5.028
2021-03-08 09:00:00+01:00,24.775,21.234999,20.5,17.639999,8.1,35.849998,31.129999,84.0,12.0,5.004
2021-03-08 09:30:00+01:00,25.295,21.525,21.5,17.66,10.2,36.02,31.16,81.0,12.0,5.052
2021-03-08 10:30:00+01:00,23.75,21.764999,21.5,17.879999,13.3,37.389999,31.209999,76.0,12.0,5.004
2021-03-08 10:45:00+01:00,21.5,22.01,21.5,17.879999,11.3,40.23,31.129999,76.0,13.0,5.112
2021-03-08 11:00:00+01:00,19.965,21.799999,21.5,18.02,13.3,42.379997,31.65,71.0,12.0,5.1
2021-03-08 11:15:00+01:00,19.734999,21.625,21.5,17.779999,14.3,42.969997,31.929998,66.0,13.0,5.088
2021-03-08 11:30:00+01:00,19.699999,21.615,21.5,18.08,15.3,43.16,32.149998,64.0,12.0,5.124
2021-03-08 11:45:00+01:00,19.48,21.59,21.5,17.440001,15.3,43.27,32.149998,62.0,13.0,5.04
2021-03-08 12:00:00+01:00,19.475,21.564999,21.5,18.08,15.2,43.279999,32.189999,62.0,12.0,5.136
2021-03-08 12:15:00+01:00,19.975,21.615,21.5,18.18,16.200001,42.209999,32.23,62.0,13.0,5.076
2021-03-08 12:30:00+01:00,19.965,21.689999,21.5,17.959999,17.299999,42.919998,32.130001,58.0,14.0,5.088
2021-03-08 12:45:00+01:00,19.66,21.74,21.5,17.940001,19.299999,42.639999,31.929998,54.0,12.0,5.1
2021-03-08 13:00:00+01:00,19.65,21.744999,21.5,17.0,16.299999,42.540001,31.849998,54.0,13.0,5.1
2021-03-08 13:15:00+01:00,19.949999,21.719999,21.5,17.779999,18.4,42.489998,31.73,54.0,13.0,5.1
2021-03-08 13:30:00+01:00,18.76,21.83,21.5,17.539999,20.4,44.25,31.689999,54.0,12.0,5.112
2021-03-08 13:45:00+01:00,18.695,21.93,21.5,17.18,19.4,44.48,31.59,54.0,13.0,5.112
2021-03-08 14:00:00+01:00,18.959999,21.969999,21.5,17.639999,20.4,44.239998,31.519999,54.0,12.0,5.1
2021-03-08 14:15:00+01:00,19.25,22.01,21.5,17.9,20.4,43.889999,31.429998,54.0,13.0,5.112
2021-03-08 14:30:00+01:00,18.9,22.109999,21.5,17.699999,20.4,44.32,31.099998,52.5,12.0,5.124
2021-03-08 14:45:00+01:00,18.969999,22.15,21.5,17.559999,21.4,44.139999,30.969999,51.0,14.0,5.172
2021-03-08 15:00:00+01:00,19.885,22.174999,21.5,17.76,20.4,42.82,30.969999,52.5,13.0,5.136
2021-03-08 15:15:00+01:00,19.43,22.23,21.5,17.74,19.299999,43.459999,30.99,54.0,12.0,5.076
2021-03-08 15:30:00+01:00,18.684999,22.23,21.5,17.379999,21.299999,44.239998,30.869999,52.5,13.0,5.112
2021-03-08 15:45:00+01:00,19.34,22.23,21.5,17.779999,20.299999,43.649998,31.23,51.0,13.0,5.196
2021-03-08 16:00:00+01:00,19.34,22.289999,21.5,17.940001,19.299999,43.52,31.17,51.0,13.0,5.124
2021-03-08 16:15:00+01:00,19.459999,22.35,21.5,17.4,19.299999,42.82,31.07,51.0,12.0,5.184
2021-03-08 16:30:00+01:00,20.105,22.389999,21.5,18.0,18.299999,41.579998,30.66,51.0,14.0,5.148
2021-03-08 16:45:00+01:00,20.414999,22.42,21.5,18.219999,17.299999,41.009998,30.459999,51.0,13.0,5.184
2021-03-08 17:00:00+01:00,20.434999,22.459999,21.5,18.119999,17.299999,40.829998,30.41,54.5,12.0,5.136
2021-03-08 17:15:00+01:00,19.965,22.445,21.5,18.18,18.299999,40.540001,30.01,58.0,13.0,5.124
2021-03-08 17:30:00+01:00,19.799999,22.445,21.5,18.219999,17.299999,41.98,29.939999,56.0,13.0,5.172
2021-03-08 17:45:00+01:00,19.059999,22.4,21.5,17.619999,17.299999,44.899998,30.369999,54.0,12.0,5.172
2021-03-08 18:00:00+01:00,18.709999,22.34,21.5,17.379999,17.299999,45.689999,30.99,56.0,13.0,5.124
2021-03-08 18:15:00+01:00,19.395,22.279999,21.5,17.359999,16.299999,44.509998,31.379999,58.0,14.0,5.196
2021-03-08 18:30:00+01:00,19.529999,22.209999,21.5,17.139999,15.3,45.049999,31.67,58.0,12.0,5.1
2021-03-08 18:45:00+01:00,19.439999,22.16,21.5,17.539999,15.3,45.219997,31.969999,58.0,13.0,5.124
2021-03-08 19:00:00+01:00,19.48,22.16,21.5,17.039999,15.3,45.610001,32.200001,62.0,13.0,5.136
2021-03-08 19:15:00+01:00,19.27,22.039999,21.5,17.059999,15.3,45.98,32.52,66.0,12.0,5.028
2021-03-08 19:30:00+01:00,19.314999,22.0,21.5,16.82,14.3,45.669998,32.77,66.0,13.0,5.052
2021-03-08 19:45:00+01:00,19.34,22.0,21.5,17.26,14.3,45.969997,32.84,66.0,13.0,5.076
2021-03-08 20:00:00+01:00,18.629999,21.955,21.5,17.279999,14.3,47.259998,32.739998,68.5,12.0,5.076
2021-03-09 06:30:00+01:00,22.879999,20.754999,20.5,17.4,11.2,39.829998,33.93,81.0,12.0,5.076
2021-03-09 06:45:00+01:00,23.615,20.859999,20.5,17.84,11.2,38.799999,33.669998,81.0,12.0,5.016
2021-03-09 07:15:00+01:00,24.869999,21.094999,20.5,17.9,10.2,37.75,33.23,81.0,13.0,5.016
2021-03-09 08:00:00+01:00,24.894999,21.289999,20.5,17.039999,10.2,38.029999,33.09,81.0,13.0,5.052
2021-03-09 08:15:00+01:00,25.324999,21.404999,20.5,18.0,11.3,37.879997,33.079998,81.0,12.0,5.052
2021-03-09 08:30:00+01:00,24.725,21.539999,21.5,17.32,10.3,38.27,33.02,84.0,12.0,5.016
2021-03-09 09:00:00+01:00,24.934999,21.605,21.5,17.66,11.3,38.110001,33.099998,87.0,12.0,5.04
2021-03-09 09:15:00+01:00,24.684999,21.615,21.5,17.379999,11.3,38.899998,33.130001,87.0,13.0,5.04
2021-03-09 09:30:00+01:00,24.445,21.605,21.5,17.58,11.3,38.919998,33.329998,87.0,12.0,5.04
2021-03-09 09:45:00+01:00,24.615,21.545,21.5,17.859999,10.2,39.200001,33.669998,87.0,13.0,5.04
2021-03-09 10:15:00+01:00,24.109999,21.539999,21.5,17.74,12.3,39.73,33.880001,87.0,14.0,5.004
2021-03-09 10:30:00+01:00,24.18,21.59,21.5,17.940001,11.3,39.23,33.93,87.0,12.0,5.04
2021-03-09 10:45:00+01:00,23.85,21.594999,21.5,17.799999,10.3,40.139999,34.09,87.0,13.0,5.028
2021-03-09 11:00:00+01:00,23.959999,21.59,21.5,17.859999,11.3,40.119999,34.259998,87.0,13.0,5.04
2021-03-09 11:15:00+01:00,23.92,21.545,21.5,17.799999,11.3,40.349998,34.329998,87.0,12.0,5.112
2021-03-09 11:45:00+01:00,23.379999,21.664999,21.5,17.039999,12.3,42.18,34.459999,76.0,12.0,5.076
2021-03-09 12:00:00+01:00,23.32,21.68,21.5,17.48,13.3,41.02,34.489998,76.0,13.0,5.028
2021-03-09 12:15:00+01:00,22.725,21.625,21.5,17.52,13.3,41.82,34.419998,76.0,12.0,5.04
2021-03-09 12:30:00+01:00,22.465,21.564999,21.5,18.119999,13.3,41.48,34.399998,71.0,14.0,5.124
2021-03-09 12:45:00+01:00,22.644999,21.475,21.5,18.02,15.3,41.439999,34.52,66.0,12.0,5.1
2021-03-09 13:00:00+01:00,22.029999,21.504999,21.5,17.74,16.299999,42.149998,34.399998,66.0,13.0,5.016
2021-03-09 13:15:00+01:00,22.1,21.525,21.5,17.959999,15.2,41.509998,34.119999,66.0,13.0,5.064
2021-03-09 13:30:00+01:00,21.789999,21.484999,21.5,17.48,14.2,42.559998,34.009998,66.0,12.0,5.076
2021-03-09 14:00:00+01:00,22.244999,21.445,21.5,17.940001,14.2,41.189999,33.790001,64.0,12.0,5.1
2021-03-09 14:15:00+01:00,22.475,21.395,21.5,17.539999,13.1,41.23,33.779999,62.0,13.0,5.076
2021-03-09 14:30:00+01:00,22.23,21.555,21.5,17.9,15.1,40.700001,33.5,60.0,14.0,5.076
2021-03-09 14:45:00+01:00,21.885,21.59,21.5,18.16,15.1,41.279999,33.34,58.0,12.0,5.088
2021-03-09 15:00:00+01:00,21.369999,21.52,21.5,17.24,15.1,41.379997,33.169998,60.0,13.0,5.112
2021-03-09 15:15:00+01:00,21.93,21.455,21.5,17.539999,17.1,40.889999,33.16,62.0,12.0,5.064
2021-03-09 15:30:00+01:00,22.025,21.455,21.5,17.9,20.1,40.669998,33.0,62.0,13.0,5.148
2021-03-09 16:00:00+01:00,21.869999,21.52,21.5,17.699999,17.1,40.459999,32.899998,62.0,12.0,5.076
2021-03-09 16:15:00+01:00,22.039999,21.564999,21.5,17.199999,17.1,40.25,32.709999,62.0,13.0,5.076
2021-03-09 16:30:00+01:00,22.02,21.605,21.5,17.52,17.1,40.200001,32.540001,60.0,14.0,5.1
2021-03-09 16:45:00+01:00,21.859999,21.59,21.5,17.84,16.1,40.07,32.459999,58.0,12.0,5.124
2021-03-09 17:00:00+01:00,21.389999,21.545,21.5,17.84,14.1,40.829998,32.34,58.0,13.0,5.088
2021-03-09 17:15:00+01:00,21.17,21.535,21.5,17.299999,15.1,40.82,32.23,58.0,13.0,5.088
2021-03-09 17:30:00+01:00,21.965,21.545,21.5,17.6,15.1,39.869999,32.059998,60.0,12.0,5.16
2021-03-09 17:45:00+01:00,21.609999,21.555,21.5,17.52,16.1,39.709999,31.76,62.0,13.0,5.124
2021-03-09 18:00:00+01:00,21.369999,21.609999,21.5,17.74,15.1,40.34,31.629999,62.0,13.0,5.112
2021-03-09 18:15:00+01:00,19.73,21.719999,21.5,17.959999,15.1,42.869999,31.449999,62.0,12.0,5.112
2021-03-09 18:30:00+01:00,19.529999,21.615,21.5,17.66,14.1,43.219997,31.639999,64.0,14.0,5.136
2021-03-09 18:45:00+01:00,19.564999,21.605,21.5,17.559999,14.1,43.540001,31.699999,66.0,12.0,5.1
2021-03-09 19:00:00+01:00,19.52,21.684999,21.5,17.619999,14.1,44.360001,31.779999,68.5,13.0,5.1
2021-03-09 19:15:00+01:00,19.67,21.75,21.5,17.940001,14.1,44.279999,31.969999,71.0,12.0,5.064
2021-03-09 19:30:00+01:00,19.68,21.635,21.5,17.119999,13.1,44.02,32.23,73.5,13.0,5.076
2021-03-09 19:45:00+01:00,19.66,21.594999,21.5,17.9,13.1,43.93,32.239998,76.0,13.0,5.076
2021-03-09 20:00:00+01:00,19.33,21.455,21.5,17.799999,12.1,44.829998,32.52,73.5,12.0,5.088
2021-03-10 06:45:00+01:00,22.15,20.309999,20.5,17.68,9.1,37.969997,32.259998,87.0,13.0,5.004
2021-03-10 08:00:00+01:00,24.779999,20.779999,20.5,17.74,8.1,34.82,30.359999,78.0,14.0,5.016
2021-03-10 08:15:00+01:00,24.65,20.965,20.5,17.279999,7.1,35.0,29.959999,81.0,12.0,5.004
2021-03-10 09:15:00+01:00,25.285,21.389999,20.5,17.66,11.2,34.669998,29.16,66.0,13.0,5.052
2021-03-10 09:30:00+01:00,25.404999,21.455,20.5,17.58,12.2,34.5,29.129999,61.5,12.0,5.088
2021-03-10 10:00:00+01:00,24.705,21.844999,21.5,18.02,14.2,34.369999,28.769999,55.5,12.0,5.064
2021-03-10 10:15:00+01:00,23.699999,21.859999,21.5,17.98,15.2,36.149998,28.939999,54.0,13.0,5.088
2021-03-10 10:30:00+01:00,22.055,21.869999,21.5,17.959999,15.2,38.290001,29.529999,52.0,12.0,5.064
2021-03-10 10:45:00+01:00,20.9,21.814999,21.5,17.58,15.2,39.16,29.789999,50.0,14.0,5.124
2021-03-10 11:00:00+01:00,19.5,21.664999,21.5,18.08,16.299999,40.469997,29.99,47.0,13.0,5.088
2021-03-10 11:15:00+01:00,19.695,21.59,21.5,18.1,16.299999,39.41,29.769999,44.0,12.0,5.28
2021-03-10 11:30:00+01:00,19.975,21.584999,21.5,18.1,15.3,38.689999,29.219999,45.5,13.0,5.052
2021-03-10 11:45:00+01:00,19.35,21.605,21.5,17.639999,16.299999,39.25,28.939999,47.0,12.0,5.172
2021-03-10 12:00:00+01:00,18.799999,21.68,21.5,17.359999,18.299999,41.48,28.869999,45.5,13.0,5.196
2021-03-10 12:15:00+01:00,19.564999,21.744999,21.5,17.08,20.299999,41.099998,29.16,44.0,13.0,5.172
2021-03-10 12:30:00+01:00,19.83,21.814999,21.5,17.219999,20.299999,40.34,29.429998,40.0,14.0,5.22
2021-03-10 12:45:00+01:00,19.34,21.865,21.5,17.08,20.299999,38.889999,29.019999,36.0,13.0,5.196
2021-03-10 13:00:00+01:00,19.359999,21.93,21.5,17.219999,20.299999,38.989998,28.269999,36.0,12.0,5.172
2021-03-10 13:15:00+01:00,19.35,22.0,21.5,17.24,20.299999,38.82,27.879999,36.0,13.0,5.172
2021-03-10 13:30:00+01:00,19.369999,22.049999,21.5,16.92,20.299999,38.32,27.41,36.0,13.0,5.1
2021-03-10 13:45:00+01:00,19.1,22.219999,21.5,17.039999,21.299999,37.25,26.709999,36.0,13.0,5.172
2021-03-10 14:00:00+01:00,19.824999,22.129999,21.5,17.559999,21.299999,36.829998,26.299999,34.5,12.0,5.172
2021-03-10 14:15:00+01:00,20.625,22.139999,21.5,18.139999,20.299999,35.82,26.059999,33.0,14.0,5.172
2021-03-10 14:30:00+01:00,19.424999,22.26,21.5,17.26,22.299999,36.639999,25.639999,32.0,13.0,5.16
2021-03-10 14:45:00+01:00,19.529999,22.189999,21.5,18.08,20.299999,36.489998,25.059999,31.0,13.0,5.232
2021-03-10 15:00:00+01:00,19.494999,22.08,21.5,18.0,21.299999,35.469997,24.789999,33.5,13.0,5.22
2021-03-10 15:15:00+01:00,19.6,22.0,21.5,18.1,21.299999,35.66,24.5,36.0,12.0,5.208
2021-03-10 15:30:00+01:00,19.75,22.01,21.5,18.279999,21.299999,35.189999,24.199999,34.5,13.0,5.232
2021-03-10 15:45:00+01:00,19.965,22.01,21.5,17.66,21.299999,34.950001,24.16,33.0,14.0,5.268
2021-03-10 16:00:00+01:00,19.965,22.039999,21.5,17.58,20.299999,35.239998,24.049999,33.0,13.0,5.244
2021-03-10 16:15:00+01:00,19.844999,22.139999,21.5,17.66,20.799999,35.27,24.09,33.0,13.0,5.232
2021-03-10 16:30:00+01:00,20.17,22.219999,21.5,17.859999,21.299999,35.029999,24.139999,33.0,13.0,5.268
2021-03-10 16:45:00+01:00,20.41,22.25,21.5,18.74,20.299999,35.169998,24.299999,33.0,13.0,5.16
2021-03-10 17:00:00+01:00,22.695,22.34,21.5,20.719999,20.299999,32.939999,24.269999,35.5,12.0,5.22
2021-03-10 17:15:00+01:00,22.875,22.574999,21.5,20.779999,20.299999,32.719997,24.139999,38.0,14.0,5.22
2021-03-10 17:30:00+01:00,23.055,22.674999,21.5,20.939999,20.299999,32.59,24.049999,38.0,13.0,5.148
2021-03-10 17:45:00+01:00,22.994999,22.715,21.5,20.92,19.799999,32.459999,23.949999,38.0,13.0,5.184
2021-03-10 18:00:00+01:00,23.014999,22.7349995,21.5,20.939999,19.299999,32.599998,23.91,38.0,13.0,5.22
2021-03-10 18:15:00+01:00,22.994999,22.754999,21.5,20.9,18.299999,32.950001,23.91,38.0,12.0,5.184
2021-03-10 18:30:00+01:00,22.914999,22.754999,21.5,20.859999,17.299999,33.200001,24.119999,39.5,13.0,5.232
2021-03-10 18:45:00+01:00,22.844999,22.754999,21.5,20.799999,16.299999,33.309998,24.18,41.0,14.0,5.244
2021-03-10 19:00:00+01:00,22.725,22.73,21.5,20.699999,16.299999,33.329998,24.15,42.0,13.66666667,5.202
2021-03-10 19:15:00+01:00,22.6,22.705,21.5,20.58,15.3,32.959999,24.049999,43.0,13.33333333,5.16
2021-03-10 19:30:00+01:00,22.494999,22.644999,21.5,20.5,15.3,33.02,23.969999,44.5,13.0,5.136
2021-03-10 19:45:00+01:00,22.379999,22.59,21.5,20.379999,14.3,33.02,23.73,46.0,13.0,5.076
2021-03-10 20:00:00+01:00,22.275,22.664999,21.5,20.299999,14.3,32.93,23.66,46.0,13.0,5.064
2021-03-11 06:15:00+01:00,23.789999,20.945,20.5,17.6,9.3,34.139999,28.039999,75.0,10.0,5.052
2021-03-11 06:30:00+01:00,25.004999,21.1,20.5,17.699999,9.3,33.169998,27.5,75.0,13.0,5.028
2021-03-11 06:45:00+01:00,25.314999,21.295,20.5,17.639999,9.3,33.09,27.26,75.0,12.0,5.016
2021-03-11 07:00:00+01:00,25.514999,21.395,20.5,17.18,9.3,32.989998,27.099998,72.5,12.0,5.052
2021-03-11 07:15:00+01:00,25.359999,21.455,20.5,18.199999,9.3,32.700001,26.949999,70.0,13.0,5.136
2021-03-11 07:30:00+01:00,24.99,21.455,20.5,17.619999,9.3,33.009998,26.859999,70.0,14.0,5.088
2021-03-11 07:45:00+01:00,25.055,21.445,20.5,18.1,10.3,32.849998,26.849998,70.0,12.0,5.1
2021-03-11 08:00:00+01:00,24.834999,21.434999,20.5,17.879999,10.3,33.639999,26.859999,70.0,13.0,5.1
2021-03-11 08:15:00+01:00,25.019999,21.545,21.5,18.18,9.3,33.259998,26.84,70.0,13.0,5.088
2021-03-11 08:30:00+01:00,24.775,21.734999,21.5,17.539999,9.3,34.169998,26.67,68.0,12.0,5.1
2021-03-11 08:45:00+01:00,24.279999,21.695,21.5,17.68,9.3,34.389999,26.74,66.0,13.0,5.088
2021-03-11 09:00:00+01:00,24.039999,21.6,21.5,17.940001,10.3,34.790001,26.959999,63.5,13.0,5.148
2021-03-11 09:15:00+01:00,24.084999,21.52,21.5,18.18,10.3,34.540001,27.119999,61.0,12.0,5.16
2021-03-11 09:30:00+01:00,24.164999,21.469999,21.5,17.98,10.3,34.299999,27.16,59.0,14.0,5.172
2021-03-11 09:45:00+01:00,23.965,21.455,21.5,17.52,11.3,34.989998,27.199999,57.0,13.0,5.088
2021-03-11 10:00:00+01:00,23.84,21.549999,21.5,17.639999,11.3,34.799999,27.299999,55.5,12.0,5.148
2021-03-11 10:15:00+01:00,23.91,21.645,21.5,17.959999,11.3,34.860001,27.24,54.0,13.0,5.1
2021-03-11 10:30:00+01:00,23.094999,21.645,21.5,18.219999,11.3,35.630001,27.379999,58.0,12.0,5.112
2021-03-11 10:45:00+01:00,22.914999,21.6,21.5,17.92,12.3,36.059998,27.5,62.0,13.0,5.112
2021-03-11 11:00:00+01:00,21.9,21.545,21.5,17.379999,12.3,36.68,27.799999,60.0,12.0,5.112
2021-03-11 11:15:00+01:00,21.66,21.645,21.5,17.42,14.3,37.07,27.59,58.0,13.0,5.16
2021-03-11 11:30:00+01:00,21.424999,21.705,21.5,16.92,13.3,37.41,27.529999,60.0,12.0,5.088
2021-03-11 11:45:00+01:00,19.65,21.699999,21.5,17.299999,13.3,39.579998,27.609999,62.0,14.0,5.136
2021-03-11 12:00:00+01:00,19.785,21.59,21.5,17.66,14.3,40.369999,27.91,60.0,13.0,5.136
2021-03-11 12:15:00+01:00,19.129999,21.504999,21.5,17.5,16.299999,41.59,28.15,58.0,13.0,5.136
2021-03-11 12:30:00+01:00,19.389999,21.494999,21.5,17.199999,15.2,41.709999,28.59,58.0,13.0,5.172
2021-03-11 12:45:00+01:00,19.25,21.535,21.5,17.059999,17.299999,42.23,28.939999,58.0,12.0,5.16
2021-03-11 13:00:00+01:00,18.635,21.545,21.5,17.539999,17.299999,43.84,29.299999,60.0,13.0,5.184
2021-03-11 13:15:00+01:00,18.83,21.525,21.5,17.799999,16.299999,44.059998,29.74,62.0,12.0,5.052
2021-03-11 13:30:00+01:00,19.35,21.5,21.5,17.6,17.299999,44.41,30.16,60.0,14.0,5.112
2021-03-11 13:45:00+01:00,18.949999,21.475,21.5,17.18,19.299999,45.289997,30.789999,58.0,13.0,5.136
2021-03-11 14:00:00+01:00,19.309999,21.484999,21.5,17.34,19.299999,45.57,31.299999,56.0,13.0,5.064
2021-03-11 14:15:00+01:00,19.449999,21.48,21.5,17.1,19.299999,45.48,31.929998,54.0,13.0,5.136
2021-03-11 14:30:00+01:00,18.975,21.625,21.5,17.559999,20.299999,46.200001,32.059998,54.0,12.0,5.16
2021-03-11 14:45:00+01:00,18.939999,21.764999,21.5,17.639999,19.299999,44.899998,31.92,54.0,13.0,5.232
2021-03-11 15:00:00+01:00,19.439999,21.865,21.5,18.1,18.299999,44.700001,31.519999,52.5,14.0,5.268
2021-03-11 15:15:00+01:00,19.789999,21.859999,21.5,18.440001,17.299999,43.18,31.279999,51.0,13.0,5.232
2021-03-11 15:30:00+01:00,19.969999,21.889999,21.5,17.619999,19.299999,42.27,30.92,52.5,12.0,5.184
2021-03-11 15:45:00+01:00,19.975,21.9,21.5,17.9,19.299999,42.469997,30.679998,54.0,13.0,5.16
2021-03-11 16:00:00+01:00,19.82,22.059999,21.5,17.440001,20.299999,42.379997,30.26,54.0,13.0,5.268
2021-03-11 16:15:00+01:00,20.23,22.139999,21.5,18.039999,19.1,41.040001,29.83,54.0,13.0,5.232
2021-03-11 16:30:00+01:00,20.145,22.219999,21.5,18.58,19.1,40.860001,29.48,52.5,14.0,5.16
2021-03-11 16:45:00+01:00,20.25,22.24,21.5,18.879999,17.9,40.739998,29.209999,51.0,12.0,5.172
2021-03-11 17:00:00+01:00,22.725,22.34,21.5,20.76,18.9,37.509998,28.93,51.0,13.0,5.184
2021-03-11 17:15:00+01:00,22.91,22.549999,21.5,20.799999,17.799999,37.099998,28.41,51.0,13.0,5.208
2021-03-11 17:30:00+01:00,22.705,22.65,21.5,20.66,18.799999,39.099998,28.65,51.0,13.0,5.184
2021-03-11 17:45:00+01:00,22.684999,22.695,21.5,20.619999,18.799999,39.540001,28.939999,51.0,13.0,5.172
2021-03-11 18:15:00+01:00,22.584999,22.68,21.5,20.6,16.799999,39.869999,29.599998,58.0,14.0,5.088
2021-03-11 18:30:00+01:00,22.494999,22.705,21.5,20.48,16.799999,40.279999,29.769999,60.0,13.0,5.196
2021-03-11 18:45:00+01:00,22.43,22.695,21.5,20.48,16.799999,40.219997,29.969999,62.0,13.0,5.172
2021-03-11 19:00:00+01:00,22.379999,22.75,21.5,20.42,15.8,40.41,30.049999,60.0,12.0,5.172
2021-03-11 19:15:00+01:00,22.26,22.705,21.5,20.299999,15.8,40.719997,30.25,58.0,13.0,5.112
2021-03-11 19:30:00+01:00,22.189999,22.59,21.5,20.219999,15.8,40.759998,30.389999,60.0,13.0,5.124
2021-03-11 19:45:00+01:00,22.164999,22.549999,21.5,20.18,14.8,40.399998,30.51,62.0,12.0,5.124
2021-03-11 20:00:00+01:00,22.119999,22.49,21.5,20.139999,13.8,40.669998,30.529999,64.0,14.0,5.136
2021-03-12 06:15:00+01:00,23.045,21.16,20.5,17.699999,8.8,41.07,33.27,93.0,9.0,5.064
2021-03-12 06:30:00+01:00,24.129999,21.234999,20.5,17.76,8.8,39.629997,33.450001,93.0,12.0,5.076
2021-03-12 06:45:00+01:00,24.289999,21.365,20.5,17.4,8.8,39.279999,33.360001,93.0,14.0,5.028
2021-03-12 07:00:00+01:00,24.394999,21.455,20.5,17.5,9.8,38.759998,33.16,93.0,12.0,5.088
2021-03-12 07:15:00+01:00,24.559999,21.504999,21.5,17.42,9.8,38.439999,33.02,93.0,13.0,5.076
2021-03-12 07:30:00+01:00,24.529999,21.525,21.5,17.48,9.8,38.899998,32.969997,93.0,13.0,5.1
2021-03-12 07:45:00+01:00,24.459999,21.52,21.5,17.859999,8.8,38.799999,33.02,93.0,12.0,5.1
2021-03-12 08:00:00+01:00,24.43,21.52,21.5,18.1,8.8,38.77,33.09,90.0,13.0,5.076
2021-03-12 08:15:00+01:00,24.279999,21.6,21.5,18.299999,9.8,38.689999,32.969997,87.0,12.0,5.124
2021-03-12 08:30:00+01:00,23.93,21.654999,21.5,18.26,9.8,39.91,32.919998,87.0,13.0,5.076
2021-03-12 08:45:00+01:00,23.494999,21.605,21.5,18.119999,10.8,40.059998,33.02,87.0,14.0,5.076
2021-03-12 09:00:00+01:00,23.549999,21.535,21.5,18.0,11.8,39.389999,33.02,84.0,13.0,5.124
2021-03-12 09:15:00+01:00,23.584999,21.564999,21.5,17.84,13.8,39.989998,33.259998,81.0,13.0,5.148
2021-03-12 09:30:00+01:00,22.445,21.744999,21.5,17.82,13.8,41.739998,33.389999,78.5,12.0,5.076
2021-03-12 09:45:00+01:00,21.459999,21.764999,21.5,18.059999,14.8,43.529999,33.649998,76.0,13.0,5.136
2021-03-12 10:00:00+01:00,20.994999,21.695,21.5,17.5,14.8,44.16,33.93,71.5,12.0,5.184
2021-03-12 10:15:00+01:00,19.359999,21.775,21.5,17.66,13.8,47.32,34.209999,67.0,13.0,5.1
2021-03-12 10:30:00+01:00,18.504999,21.865,21.5,17.52,14.8,48.689999,34.469997,69.0,14.0,5.16
2021-03-12 10:45:00+01:00,18.609999,21.859999,21.5,17.34,15.8,48.84,34.57,71.0,13.0,5.22
2021-03-12 11:00:00+01:00,18.465,21.939999,21.5,16.959999,16.799999,49.48,34.639999,69.0,13.0,5.22
2021-03-12 11:15:00+01:00,18.584999,21.9,21.5,17.139999,16.799999,49.059998,34.73,67.0,12.0,5.16
2021-03-12 11:30:00+01:00,18.594999,21.949999,21.5,17.139999,17.799999,48.829998,34.709999,64.5,13.0,5.148
2021-03-12 11:45:00+01:00,18.584999,21.939999,21.5,17.219999,17.799999,49.110001,34.77,62.0,13.0,5.184
2021-03-12 12:00:00+01:00,19.439999,22.189999,21.5,18.02,19.799999,47.779999,34.529999,62.0,14.0,5.172
2021-03-12 12:15:00+01:00,19.57,22.4,21.5,18.34,19.799999,46.419998,34.119999,62.0,12.0,5.232
2021-03-12 12:30:00+01:00,19.25,22.67,21.5,17.859999,21.799999,46.700001,33.529999,58.0,14.0,5.22
2021-03-12 12:45:00+01:00,19.709999,22.814999,21.5,18.32,21.700001,46.379997,32.989998,54.0,12.0,5.184
2021-03-12 13:00:00+01:00,20.484999,22.92,21.5,18.379999,20.6,45.209999,32.799999,53.5,13.0,5.196
2021-03-12 13:15:00+01:00,19.969999,23.18,21.5,17.74,20.6,45.68,32.34,53.0,13.0,5.184
2021-03-12 13:30:00+01:00,20.625,23.314999,21.5,18.279999,20.6,44.829998,32.049999,52.5,14.0,5.22
2021-03-12 13:45:00+01:00,20.414999,23.455,21.5,17.98,21.6,44.889999,31.91,52.0,13.0,5.208
2021-03-12 14:00:00+01:00,21.469999,23.625,21.5,19.539999,21.6,43.09,31.57,51.5,12.0,5.256
2021-03-12 14:15:00+01:00,21.07,23.705,21.5,19.4,23.6,43.439999,31.369999,51.0,14.0,5.208
2021-03-12 14:30:00+01:00,21.58,23.664999,21.5,19.799999,23.4,42.799999,31.17,51.0,12.0,5.232
2021-03-12 14:45:00+01:00,21.73,23.91,21.5,20.039999,23.4,42.59,30.609999,51.0,13.0,5.292
2021-03-12 15:00:00+01:00,22.18,23.924999,21.5,20.08,23.4,41.27,30.41,49.5,14.0,5.172
2021-03-12 15:15:00+01:00,21.469999,23.879999,21.5,19.379999,22.4,42.41,30.279999,48.0,13.0,5.208
2021-03-12 15:30:00+01:00,22.199999,23.894999,21.5,20.059999,22.200001,41.489998,30.23,48.0,13.0,5.208
2021-03-12 15:45:00+01:00,23.859999,23.975,21.5,21.9,21.200001,40.32,30.25,48.0,13.0,5.172
2021-03-12 16:00:00+01:00,24.379999,24.08,21.5,22.299999,20.200001,39.619999,30.309999,48.0,12.0,5.136
2021-03-12 16:15:00+01:00,24.35,24.08,21.5,22.279999,20.1,40.18,30.779999,48.0,13.0,5.196
2021-03-12 16:30:00+01:00,24.574999,24.154999,21.5,22.5,20.1,39.809998,30.98,46.5,14.0,5.136
2021-03-12 16:45:00+01:00,24.59,24.189999,21.5,22.519999,20.1,39.34,31.109999,45.0,13.0,5.292
2021-03-12 17:00:00+01:00,24.66,24.189999,21.5,22.6,19.1,38.66,30.859999,43.5,12.0,5.124
2021-03-12 17:15:00+01:00,24.709999,24.209999,21.5,22.619999,19.1,36.439999,29.709999,42.0,13.0,5.184
2021-03-12 17:30:00+01:00,24.719999,24.174999,21.5,22.66,19.1,34.829998,28.84,48.5,13.0,5.136
2021-03-12 17:45:00+01:00,24.639999,24.154999,21.5,22.519999,20.1,32.700001,27.76,55.0,12.0,5.16
2021-03-12 18:00:00+01:00,24.654999,24.115,21.5,22.6,20.1,33.860001,27.09,40.0,13.0,5.208
2021-03-12 18:15:00+01:00,24.699999,24.1,21.5,22.639999,20.1,37.169998,27.129999,25.0,14.0,5.232
2021-03-12 18:30:00+01:00,24.57,24.254999,21.5,22.5,19.1,35.84,26.99,22.5,13.0,5.196
2021-03-12 18:45:00+01:00,24.32,24.33,21.5,22.24,17.1,29.699999,25.76,20.0,12.0,5.124
2021-03-12 19:00:00+01:00,24.129999,24.309999,21.5,22.08,16.1,28.57,24.269999,20.0,13.0,5.172
2021-03-12 19:15:00+01:00,23.885,24.32,21.5,21.84,16.1,28.309999,23.119999,20.0,13.0,5.124
2021-03-12 19:30:00+01:00,23.734999,24.254999,21.5,21.719999,15.1,27.849998,22.34,20.0,13.0,5.172
2021-03-12 19:45:00+01:00,23.605,24.045,21.5,21.58,15.1,27.209999,21.549999,20.0,14.0,5.184
2021-03-12 20:00:00+01:00,23.434999,23.844999,21.5,21.42,15.1,27.139999,21.059999,19.5,12.0,5.124
2021-03-13 06:15:00+01:00,20.094999,21.754999,21.5,18.32,11.1,37.110001,26.9,60.0,9.0,5.1
2021-03-13 06:30:00+01:00,18.82,21.584999,21.5,16.959999,11.1,38.299999,26.529999,60.0,14.0,5.088
2021-03-13 06:45:00+01:00,19.705,21.475,21.5,17.42,11.1,37.360001,26.279999,60.0,12.0,5.076
2021-03-13 07:00:00+01:00,20.525,21.455,21.5,17.219999,11.1,36.219997,26.0,56.0,13.0,5.088
2021-03-13 07:15:00+01:00,20.605,21.439999,21.5,17.719999,11.1,36.459999,25.92,52.0,12.0,5.136
2021-03-13 07:30:00+01:00,20.584999,21.434999,21.5,17.0,11.1,36.029999,25.789999,50.5,13.0,5.148
2021-03-13 07:45:00+01:00,20.674999,21.404999,21.5,17.74,10.1,36.209999,25.73,49.0,13.0,5.076
2021-03-13 08:00:00+01:00,20.555,21.395,21.5,17.619999,9.1,36.450001,25.719999,51.0,13.0,5.208
2021-03-13 08:15:00+01:00,21.92,21.475,21.5,16.879999,10.1,34.119999,25.32,53.0,14.0,5.1
2021-03-13 08:30:00+01:00,21.639999,21.615,21.5,18.139999,9.1,34.32,24.939999,51.5,12.0,5.172
2021-03-13 08:45:00+01:00,21.895,21.594999,21.5,17.74,10.1,33.989998,24.83,50.0,13.0,5.1
2021-03-13 09:00:00+01:00,21.34,21.564999,21.5,17.779999,10.1,34.439999,24.75,50.0,13.0,5.16
2021-03-13 09:15:00+01:00,20.709999,21.555,21.5,17.219999,12.1,34.869999,24.66,50.0,13.0,5.208
2021-03-13 09:30:00+01:00,20.914999,21.504999,21.5,17.059999,14.1,34.639999,24.66,46.5,13.0,5.184
2021-03-13 09:45:00+01:00,20.555,21.475,21.5,16.9,16.1,34.959999,24.73,43.0,12.0,5.184
2021-03-13 10:00:00+01:00,20.105,21.455,21.5,16.84,15.1,34.630001,24.449999,42.0,14.0,5.172
2021-03-13 10:15:00+01:00,20.465,21.455,21.5,16.940001,15.1,33.469997,24.1,41.0,13.0,5.196
2021-03-13 10:30:00+01:00,20.664999,21.455,21.5,17.42,16.1,32.369999,23.539999,38.0,13.0,5.208
2021-03-13 10:45:00+01:00,20.525,21.459999,21.5,17.559999,17.1,32.189999,23.109999,35.0,12.0,5.232
2021-03-13 11:00:00+01:00,20.754999,21.465,21.5,17.279999,18.1,31.73,22.709999,33.0,13.0,5.22
2021-03-13 11:15:00+01:00,20.764999,21.514999,21.5,17.26,17.1,31.949999,22.449999,31.0,13.0,5.16
2021-03-13 11:30:00+01:00,20.855,21.545,21.5,17.639999,18.1,31.379999,22.209999,31.0,14.0,5.22
2021-03-13 11:45:00+01:00,20.355,21.584999,21.5,18.24,17.1,32.009998,22.15,31.0,13.0,5.22
2021-03-13 12:00:00+01:00,19.984999,21.555,21.5,18.34,20.1,32.43,22.02,30.0,12.0,5.22
2021-03-13 12:15:00+01:00,20.25,21.545,21.5,17.92,21.1,32.119999,21.939999,29.0,13.0,5.172
2021-03-13 12:30:00+01:00,20.154999,21.555,21.5,17.76,21.1,33.469997,22.09,29.0,13.0,5.184
2021-03-13 12:45:00+01:00,20.459999,21.584999,21.5,18.34,22.1,33.829998,22.34,29.0,12.0,5.148
2021-03-13 13:00:00+01:00,21.004999,21.625,21.5,18.639999,23.1,33.029999,22.49,29.0,13.0,5.184
2021-03-13 13:15:00+01:00,21.424999,21.705,21.5,19.619999,22.1,32.68,22.48,29.0,14.0,5.22
2021-03-13 13:30:00+01:00,21.789999,21.785,21.5,20.18,23.1,32.399998,22.439999,29.0,13.0,5.16
2021-03-13 13:45:00+01:00,22.049999,21.855,21.5,19.98,23.1,32.43,22.439999,29.0,13.0,5.232
2021-03-13 14:00:00+01:00,22.299999,21.934999,21.5,20.059999,23.1,32.139999,22.449999,29.0,13.0,5.148
2021-03-13 14:15:00+01:00,21.779999,22.01,21.5,19.459999,23.6,31.65,22.219999,29.0,12.0,5.172
2021-03-13 14:30:00+01:00,22.26,22.01,21.5,20.199999,24.1,30.83,22.02,31.5,13.0,5.16
2021-03-13 14:45:00+01:00,22.699999,22.07,21.5,20.799999,23.1,31.119999,21.82,34.0,14.0,5.196
2021-03-13 15:00:00+01:00,22.904999,22.135,21.5,21.1,21.9,30.139999,21.549999,31.5,13.0,5.208
2021-03-15 04:15:00+01:00,20.344999,21.174999,20.5,18.559999,11.8,30.99,24.959999,39.0,9.0,5.172
2021-03-15 04:30:00+01:00,20.484999,21.084999,20.5,18.559999,11.8,30.119999,23.6,45.5,14.0,5.172
2021-03-15 04:45:00+01:00,20.445,21.035,20.5,18.459999,11.8,29.879999,22.57,52.0,13.0,5.1
2021-03-15 05:00:00+01:00,20.385,21.02,20.5,18.359999,10.8,30.08,22.139999,47.0,12.0,5.112
2021-03-15 05:15:00+01:00,19.355,20.975,20.5,17.119999,9.8,31.5,21.9,42.0,13.0,5.016
2021-03-15 05:30:00+01:00,19.699999,20.895,20.5,17.859999,9.8,30.59,21.719999,45.0,12.0,5.1
2021-03-15 05:45:00+01:00,19.684999,20.865,20.5,17.9,10.8,30.019999,21.25,48.0,13.0,5.124
2021-03-15 06:00:00+01:00,19.754999,20.855,20.5,17.559999,10.8,29.949999,20.969999,50.0,13.0,5.112
2021-03-15 06:15:00+01:00,25.105,21.074999,20.5,17.539999,10.8,25.91,20.27,52.0,12.0,5.052
2021-03-15 06:30:00+01:00,24.314999,21.389999,20.5,16.84,10.8,26.539999,19.799999,50.0,14.0,5.076
2021-03-15 06:45:00+01:00,24.449999,21.455,20.5,17.139999,9.8,27.209999,19.92,48.0,12.0,5.016
2021-03-15 07:15:00+01:00,24.445,21.645,21.5,16.879999,7.8,27.92,20.26,42.0,12.0,5.1
2021-03-15 07:30:00+01:00,24.139999,21.74,21.5,16.9,8.8,28.639999,20.41,44.0,13.0,5.16
2021-03-15 07:45:00+01:00,23.59,21.75,21.5,16.74,8.8,28.18,20.41,46.0,13.0,5.112
2021-03-15 08:00:00+01:00,23.025,21.699999,21.5,16.959999,9.8,28.359999,20.359999,47.5,12.0,5.136
2021-03-15 08:15:00+01:00,22.769999,21.635,21.5,17.219999,9.8,29.65,20.6,49.0,13.0,5.16
2021-03-15 08:30:00+01:00,22.619999,21.545,21.5,17.379999,9.8,30.469999,21.029999,46.0,14.0,5.136
2021-03-15 08:45:00+01:00,22.424999,21.494999,21.5,17.08,10.8,30.059999,21.049999,43.0,13.0,5.148
2021-03-15 09:00:00+01:00,22.49,21.455,21.5,17.16,11.8,29.23,20.98,43.0,12.0,5.136
2021-03-15 09:15:00+01:00,22.465,21.455,21.5,17.24,14.8,28.99,20.619999,43.0,13.0,5.184
2021-03-15 09:30:00+01:00,22.504999,21.459999,21.5,17.379999,15.8,28.469999,20.529999,39.0,12.0,5.148
2021-03-15 09:45:00+01:00,21.59,21.689999,21.5,17.059999,16.799999,29.01,20.299999,35.0,13.0,5.232
2021-03-15 10:00:00+01:00,21.145,21.754999,21.5,17.359999,16.799999,29.679998,20.139999,34.0,13.0,5.16
2021-03-15 10:15:00+01:00,19.219999,22.01,21.5,17.359999,16.799999,31.48,20.049999,33.0,14.0,5.184
2021-03-15 10:30:00+01:00,18.619999,22.139999,21.5,17.18,15.8,32.700001,20.129999,32.0,13.0,5.184
2021-03-15 10:45:00+01:00,18.885,22.299999,21.5,18.08,15.8,32.959999,20.34,31.0,13.0,5.232
2021-03-15 11:00:00+01:00,18.809999,22.4,21.5,17.379999,15.8,33.029999,20.43,32.0,13.0,5.196
2021-03-15 11:15:00+01:00,18.859999,22.51,21.5,17.5,15.8,33.149998,20.51,33.0,13.0,5.196
2021-03-15 11:30:00+01:00,19.049999,22.549999,21.5,17.68,16.799999,33.290001,20.549999,31.0,12.0,5.196
2021-03-15 11:45:00+01:00,19.299999,22.559999,21.5,17.940001,16.799999,33.389999,20.719999,29.0,15.0,5.196
2021-03-15 12:00:00+01:00,19.459999,22.68,21.5,17.219999,16.799999,33.559998,21.0,28.0,12.0,5.184
2021-03-15 12:15:00+01:00,19.75,22.875,21.5,17.52,17.799999,33.149998,20.99,27.0,13.0,5.196
2021-03-15 12:30:00+01:00,19.969999,23.084999,21.5,17.699999,17.799999,33.169998,20.91,25.0,13.0,5.184
2021-03-15 12:45:00+01:00,20.24,23.144999,21.5,18.0,18.799999,33.27,20.799999,23.0,13.0,5.196
2021-03-15 13:00:00+01:00,20.324999,23.195,21.5,18.699999,18.799999,33.700001,20.959999,24.0,14.0,5.196
2021-03-15 13:15:00+01:00,22.644999,23.264999,21.5,20.82,18.799999,31.769999,21.059999,25.0,13.0,5.196
2021-03-15 13:30:00+01:00,23.305,23.404999,21.5,21.24,18.799999,31.34,21.23,27.0,13.0,5.196
2021-03-15 13:45:00+01:00,23.459999,23.525,21.5,21.359999,18.799999,31.629999,21.189999,29.0,12.0,5.19
2021-03-15 14:00:00+01:00,23.574999,23.584999,21.5,21.52,18.799999,31.529999,21.439999,27.0,13.0,5.184
2021-03-15 14:15:00+01:00,23.769999,23.664999,21.5,21.719999,19.799999,31.709999,21.359999,25.0,13.0,5.148
2021-03-15 14:30:00+01:00,23.805,23.494999,21.5,21.76,18.799999,31.709999,21.799999,25.0,14.0,5.184
2021-03-15 14:45:00+01:00,23.879999,23.539999,21.5,21.779999,18.799999,31.699999,21.82,25.0,13.0,5.124
2021-03-15 15:00:00+01:00,23.9,23.574999,21.5,21.82,18.799999,31.949999,21.93,24.5,12.0,5.172
2021-03-15 15:15:00+01:00,23.91,23.615,21.5,21.879999,18.799999,31.799999,21.99,24.0,13.0,5.172
2021-03-15 15:30:00+01:00,23.809999,23.545,21.5,21.74,17.799999,32.77,22.139999,26.5,13.0,5.148
2021-03-15 15:45:00+01:00,23.764999,23.484999,21.5,21.68,17.799999,33.009998,22.43,29.0,13.0,5.172
2021-03-15 16:00:00+01:00,23.82,23.445,21.5,21.76,17.799999,32.82,22.58,28.0,14.0,5.184
2021-03-15 16:15:00+01:00,23.789999,23.51,21.5,21.74,17.799999,32.82,22.83,27.0,12.0,5.148
2021-03-15 16:30:00+01:00,23.85,23.484999,21.5,21.82,17.799999,32.529999,22.85,28.0,13.0,5.148
2021-03-15 16:45:00+01:00,23.91,23.494999,21.5,21.859999,18.799999,32.139999,22.779999,29.0,13.0,5.148
2021-03-15 17:00:00+01:00,23.99,23.484999,21.5,21.939999,18.799999,31.679998,22.689999,29.0,13.0,5.124
2021-03-15 17:15:00+01:00,23.939999,23.514999,21.5,21.879999,18.799999,31.73,22.529999,29.0,12.0,5.148
2021-03-15 17:30:00+01:00,23.869999,23.514999,21.5,21.799999,17.799999,31.34,22.459999,31.0,13.0,5.148
2021-03-15 17:45:00+01:00,23.709999,23.484999,21.5,21.639999,16.799999,31.689999,22.5,33.0,14.0,5.184
2021-03-15 18:00:00+01:00,23.699999,23.525,21.5,21.639999,16.799999,31.849998,22.35,32.0,13.0,5.16
2021-03-15 18:15:00+01:00,23.709999,23.545,21.5,21.66,16.799999,31.359999,22.219999,31.0,13.0,5.16
2021-03-15 18:30:00+01:00,23.605,23.545,21.5,21.559999,16.799999,31.129999,21.98,30.0,12.0,5.136
2021-03-15 18:45:00+01:00,23.465,23.404999,21.5,21.42,15.8,31.189999,22.059999,29.0,13.0,5.124
2021-03-15 19:00:00+01:00,23.379999,23.334999,21.5,21.32,14.8,30.779999,21.889999,31.0,13.0,5.196
2021-03-15 19:15:00+01:00,23.23,23.314999,21.5,21.199999,14.8,30.639999,21.609999,33.0,12.0,5.16
2021-03-15 19:30:00+01:00,23.094999,23.305,21.5,21.059999,14.8,31.309999,21.609999,35.0,14.0,5.22
2021-03-15 19:45:00+01:00,22.945,23.244999,21.5,20.92,14.8,31.809999,21.74,37.0,13.0,5.136
2021-03-15 20:00:00+01:00,22.805,23.154999,21.5,20.82,13.8,31.83,21.789999,40.0,13.0,5.172
2021-03-16 06:15:00+01:00,20.734999,21.824999,21.5,18.92,10.8,28.289999,22.67,19.0,9.0,5.076
2021-03-16 06:30:00+01:00,20.734999,21.715,21.5,18.84,10.8,28.459999,21.209999,20.5,13.0,5.088
2021-03-16 06:45:00+01:00,20.594999,21.654999,21.5,18.74,10.8,27.73,20.65,22.0,13.0,5.088
2021-03-16 07:00:00+01:00,20.799999,21.615,21.5,18.92,11.8,26.609999,19.76,23.0,12.0,5.124
2021-03-16 07:15:00+01:00,21.01,21.615,21.5,19.0,11.8,26.279999,19.01,24.0,13.0,5.208
2021-03-16 07:30:00+01:00,20.98,21.605,21.5,19.0,11.8,26.25,18.539999,23.0,13.0,5.136
2021-03-16 07:45:00+01:00,20.934999,21.594999,21.5,18.959999,11.8,26.029999,18.219999,22.0,14.0,5.1
2021-03-16 08:00:00+01:00,20.914999,21.564999,21.5,18.92,11.8,26.09,17.949999,20.5,12.0,5.196
2021-03-16 08:15:00+01:00,20.895,21.615,21.5,18.959999,11.8,25.599998,17.67,19.0,13.0,5.172
2021-03-16 08:30:00+01:00,20.969999,21.654999,21.5,18.98,11.8,25.43,17.33,18.5,13.0,5.124
2021-03-16 08:45:00+01:00,21.0,21.654999,21.5,19.02,11.8,25.609999,17.129999,18.0,13.0,5.004
2021-03-16 09:00:00+01:00,21.094999,21.664999,21.5,19.139999,11.8,25.459999,17.02,18.0,13.0,5.136
2021-03-16 09:15:00+01:00,21.309999,21.664999,21.5,19.32,14.9,25.379999,16.91,18.0,12.0,5.148
2021-03-16 09:30:00+01:00,21.379999,21.695,21.5,19.439999,17.9,25.4,16.799999,17.0,14.0,5.172
2021-03-16 09:45:00+01:00,21.619999,22.01,21.5,19.66,15.9,24.949999,16.49,16.0,13.0,5.208
2021-03-16 10:00:00+01:00,21.809999,22.254999,21.5,19.84,16.9,24.41,16.1,15.0,13.0,5.16
2021-03-16 10:15:00+01:00,21.984999,22.389999,21.5,20.02,16.9,24.23,15.95,14.0,12.0,5.196
2021-03-16 10:30:00+01:00,22.219999,22.459999,21.5,20.26,16.9,24.369999,15.67,14.0,13.0,5.16
2021-03-16 10:45:00+01:00,22.375,22.59,21.5,20.42,17.9,23.869999,15.45,14.0,13.0,5.232
2021-03-16 11:00:00+01:00,22.705,22.824999,21.5,20.719999,17.9,22.389999,15.059999,13.5,14.0,5.244
2021-03-16 11:15:00+01:00,22.914999,23.025,21.5,20.92,16.9,22.01,14.62,13.0,13.0,5.22
2021-03-16 11:30:00+01:00,23.279999,23.154999,21.5,21.24,17.9,23.07,14.33,13.5,12.0,5.208
2021-03-16 11:45:00+01:00,23.494999,23.404999,21.5,21.52,18.9,22.93,14.25,14.0,14.0,5.244
2021-03-16 12:00:00+01:00,23.514999,23.465,21.5,21.439999,18.799999,21.109999,13.889999,14.0,12.0,5.196
2021-03-16 12:15:00+01:00,23.674999,23.404999,21.5,21.639999,18.799999,21.25,13.57,14.0,13.0,5.184
2021-03-16 12:30:00+01:00,23.99,23.445,21.5,21.959999,18.799999,20.84,13.07,13.5,14.0,5.232
2021-03-16 12:45:00+01:00,24.084999,23.465,21.5,22.0,19.799999,20.529999,12.73,13.0,13.0,5.184
2021-03-16 13:00:00+01:00,24.26,23.635,21.5,22.219999,18.799999,20.889999,12.429999,13.5,13.0,5.22
2021-03-16 13:15:00+01:00,24.309999,23.674999,21.5,22.299999,18.799999,20.549999,12.25,14.0,12.0,5.256
2021-03-16 13:30:00+01:00,24.35,23.705,21.5,22.299999,17.700001,20.43,12.21,14.5,14.0,5.172
2021-03-16 13:45:00+01:00,24.414999,23.824999,21.5,22.32,19.700001,20.469999,11.94,15.0,12.0,5.184
2021-03-16 14:00:00+01:00,24.57,23.844999,21.5,22.5,18.700001,20.389999,11.99,14.0,14.0,5.208
2021-03-16 14:15:00+01:00,24.639999,23.91,21.5,22.559999,18.700001,20.449999,12.16,13.0,13.0,5.232
2021-03-16 14:30:00+01:00,24.824999,24.115,21.5,22.779999,19.799999,20.67,11.75,13.5,13.0,5.136
2021-03-16 14:45:00+01:00,24.84,24.234999,21.5,22.82,18.799999,20.42,11.75,14.0,13.0,5.268
2021-03-16 15:00:00+01:00,24.869999,24.264999,21.5,22.799999,19.799999,20.26,11.75,14.0,13.0,5.196
2021-03-16 15:15:00+01:00,24.889999,24.209999,21.5,22.84,18.799999,20.469999,11.75,14.0,14.0,5.22
2021-03-16 15:30:00+01:00,25.025,24.064999,21.5,22.98,19.799999,20.369999,11.969999,14.5,12.0,5.196
2021-03-16 15:45:00+01:00,25.014999,24.08,21.5,22.939999,18.799999,20.09,11.98,15.0,13.0,5.196
2021-03-16 16:00:00+01:00,25.08,24.174999,21.5,23.0,18.700001,20.49,11.87,16.0,13.0,5.22
2021-03-16 16:15:00+01:00,25.039999,24.189999,21.5,22.959999,18.6,20.23,11.82,17.0,13.0,5.232
2021-03-16 16:30:00+01:00,24.98,24.144999,21.5,22.939999,18.6,20.16,11.75,16.5,13.0,5.148
2021-03-16 16:45:00+01:00,24.934999,24.129999,21.5,22.879999,18.6,21.029999,11.78,16.0,14.0,5.232
2021-03-16 17:00:00+01:00,24.865,24.15,21.5,22.799999,19.6,21.389999,11.9,18.0,13.0,5.196
2021-03-16 17:15:00+01:00,24.769999,24.035,21.5,22.699999,19.6,21.27,12.309999,20.0,12.0,5.148
2021-03-16 17:30:00+01:00,24.734999,24.025,21.5,22.66,19.6,21.32,12.49,20.5,13.0,5.16
2021-03-16 17:45:00+01:00,24.734999,24.035,21.5,22.66,18.6,21.17,12.65,21.0,13.0,5.136
2021-03-16 18:00:00+01:00,24.57,24.08,21.5,22.539999,18.6,21.24,12.74,22.5,13.0,5.16
2021-03-16 18:15:00+01:00,24.615,24.055,21.5,22.539999,18.6,21.289999,12.759999,24.0,12.0,5.16
2021-03-16 18:30:00+01:00,24.615,23.975,21.5,22.559999,18.6,21.689999,12.799999,25.0,14.0,5.148
2021-03-16 18:45:00+01:00,24.439999,23.894999,21.5,22.359999,17.6,21.91,12.94,26.0,13.0,5.22
2021-03-16 19:00:00+01:00,24.24,23.934999,21.5,22.139999,16.6,22.119999,12.95,28.0,13.0,5.208
2021-03-16 19:15:00+01:00,23.92,23.914999,21.5,21.9,15.6,22.189999,12.95,30.0,13.0,5.16
2021-03-16 19:30:00+01:00,23.615,23.795,21.5,21.619999,15.6,23.1,13.21,30.0,12.0,5.184
2021-03-16 19:45:00+01:00,23.394999,23.664999,21.5,21.359999,14.6,23.549999,13.46,30.0,13.0,5.16
2021-03-16 20:00:00+01:00,23.225,23.705,21.5,21.24,14.6,23.859999,13.69,30.0,14.0,5.136
2021-03-17 06:15:00+01:00,19.984999,22.039999,21.5,18.26,7.6,29.029999,18.18,39.0,9.0,5.004
2021-03-17 06:30:00+01:00,18.805,21.889999,21.5,17.32,8.6,30.439999,17.889999,39.0,12.0,5.088
2021-03-17 06:45:00+01:00,19.289999,21.754999,21.5,17.5,8.6,29.23,17.799999,39.0,14.0,5.076
2021-03-17 07:00:00+01:00,19.209999,21.695,21.5,17.619999,8.6,28.719999,17.559999,39.0,12.0,5.124
2021-03-17 07:15:00+01:00,19.135,21.635,21.5,18.18,8.6,29.91,17.6,39.0,13.0,5.208
2021-03-17 07:30:00+01:00,19.33,21.605,21.5,17.859999,8.6,28.76,17.389999,38.0,13.0,5.172
2021-03-17 07:45:00+01:00,19.24,21.584999,21.5,17.76,8.6,28.66,17.23,37.0,13.0,5.232
2021-03-17 08:00:00+01:00,19.139999,21.555,21.5,17.799999,8.6,28.9,17.199999,43.0,12.0,5.148
2021-03-17 08:15:00+01:00,19.314999,21.555,21.5,17.559999,8.6,28.769999,17.109999,49.0,13.0,5.172
2021-03-17 08:30:00+01:00,19.25,21.545,21.5,18.119999,9.6,28.5,17.039999,44.0,14.0,5.136
2021-03-17 08:45:00+01:00,19.32,21.545,21.5,17.82,8.6,28.349998,16.959999,39.0,12.0,5.136
2021-03-17 09:00:00+01:00,19.33,21.555,21.5,18.119999,11.6,31.849998,17.309999,36.5,13.0,5.172
2021-03-17 09:15:00+01:00,19.58,21.59,21.5,18.1,15.6,32.380001,18.07,34.0,13.0,5.136
2021-03-17 09:30:00+01:00,19.08,21.92,21.5,17.699999,17.6,33.029999,18.33,33.0,13.0,5.088
2021-03-17 09:45:00+01:00,19.1,22.094999,21.5,18.1,17.6,31.98,18.75,32.0,12.0,5.184
2021-03-17 10:00:00+01:00,19.66,22.269999,21.5,17.5,17.6,30.189999,18.59,29.0,13.0,5.172
2021-03-17 10:15:00+01:00,18.35,22.459999,21.5,17.42,18.6,31.82,18.33,26.0,14.0,5.232
2021-03-17 10:30:00+01:00,18.285,22.705,21.5,16.82,19.6,30.32,18.32,26.0,13.0,5.172
2021-03-17 10:45:00+01:00,18.26,22.879999,21.5,17.32,18.6,31.109999,17.879999,26.0,13.0,5.196
2021-03-17 11:00:00+01:00,18.445,22.99,21.5,17.1,19.6,30.57,17.699999,26.0,12.0,5.196
2021-03-17 11:15:00+01:00,18.814999,23.115,21.5,17.08,18.6,28.98,17.27,26.0,13.0,5.208
2021-03-17 11:30:00+01:00,19.154999,23.254999,21.5,17.359999,19.6,28.26,16.82,24.0,13.0,5.136
2021-03-17 11:45:00+01:00,19.449999,23.314999,21.5,17.24,20.6,27.889999,16.49,22.0,14.0,5.244
2021-03-17 12:00:00+01:00,19.279999,23.254999,21.5,17.139999,21.6,28.75,16.33,21.5,13.0,5.148
2021-03-17 12:15:00+01:00,19.449999,23.164999,21.5,17.48,21.6,28.439999,16.209999,21.0,12.0,5.172
2021-03-17 12:30:00+01:00,19.449999,23.129999,21.5,17.379999,21.6,28.92,16.119999,23.0,13.0,5.172
2021-03-17 12:45:00+01:00,19.449999,23.139999,21.5,17.539999,21.6,29.029999,16.119999,25.0,13.0,5.196
2021-03-17 13:00:00+01:00,19.4,23.174999,21.5,18.059999,22.6,29.099998,16.119999,24.0,13.0,5.172
2021-03-17 13:15:00+01:00,18.959999,23.17,21.5,17.68,22.6,29.539999,16.119999,23.0,12.0,5.196
2021-03-17 13:30:00+01:00,19.734999,23.18,21.5,18.299999,21.6,28.889999,16.199999,23.0,15.0,5.232
2021-03-17 13:45:00+01:00,19.42,23.205,21.5,18.139999,21.6,28.08,16.209999,23.0,13.0,5.184
2021-03-17 14:00:00+01:00,19.66,23.26,21.5,17.58,21.6,26.99,15.74,24.0,12.0,5.232
2021-03-17 14:15:00+01:00,19.85,23.189999,21.5,17.699999,21.6,26.689999,15.37,25.0,13.0,5.232
2021-03-17 14:30:00+01:00,19.449999,23.094999,21.5,17.139999,21.6,26.98,15.25,25.0,13.0,5.148
2021-03-17 14:45:00+01:00,19.549999,23.0,21.5,17.16,20.6,27.019999,15.24,25.0,14.0,5.232
2021-03-17 15:00:00+01:00,19.5,23.105,21.5,17.279999,21.6,27.42,15.17,25.5,13.0,5.244
2021-03-17 15:15:00+01:00,19.73,23.119999,21.5,17.34,19.6,27.459999,15.25,26.0,13.0,5.22
2021-03-17 15:30:00+01:00,19.799999,23.18,21.5,17.299999,19.6,27.43,15.46,27.5,13.0,5.244
2021-03-17 15:45:00+01:00,19.73,23.18,21.5,17.34,20.6,27.459999,15.65,29.0,12.0,5.196
2021-03-17 16:00:00+01:00,19.885,23.18,21.5,17.459999,20.6,27.49,15.809999,27.0,13.0,5.136
2021-03-17 16:15:00+01:00,19.969999,23.355,21.5,17.639999,20.6,27.5,15.86,25.0,14.0,5.208
2021-03-17 16:30:00+01:00,19.67,23.404999,21.5,17.32,20.6,27.75,15.87,25.5,13.0,5.196
2021-03-17 16:45:00+01:00,19.709999,23.4,21.5,17.42,20.6,27.98,15.99,26.0,13.0,5.208
2021-03-17 17:00:00+01:00,19.564999,23.424999,21.5,17.199999,21.6,27.98,15.94,32.0,13.0,5.256
2021-03-17 17:15:00+01:00,19.969999,23.424999,21.5,17.58,20.6,27.779999,16.029999,38.0,12.0,5.196
2021-03-17 17:30:00+01:00,19.875,23.41,21.5,17.4,19.6,28.15,16.07,35.5,13.0,5.196
2021-03-17 17:45:00+01:00,19.52,23.475,21.5,17.18,18.6,28.529999,16.109999,33.0,15.0,5.232
2021-03-17 18:00:00+01:00,19.85,23.404999,21.5,18.0,17.5,28.309999,16.299999,31.5,12.0,5.208
2021-03-17 18:15:00+01:00,19.959999,23.33,21.5,17.719999,16.4,28.389999,16.33,30.0,13.0,5.232
2021-03-17 18:30:00+01:00,19.695,23.424999,21.5,17.9,16.4,28.629999,16.43,31.0,13.0,5.016
2021-03-17 18:45:00+01:00,19.885,23.494999,21.5,17.92,16.4,28.639999,16.27,32.0,13.0,5.22
2021-03-17 19:00:00+01:00,19.85,23.574999,21.5,17.299999,15.4,28.699999,16.199999,32.0,12.66666667,5.148
2021-03-17 19:15:00+01:00,19.875,23.459999,21.5,17.5,15.4,28.709999,16.23,32.0,12.33333333,5.076
2021-03-17 19:30:00+01:00,19.58,23.275,21.5,17.16,15.4,28.99,16.33,34.5,12.0,5.136
2021-03-17 19:45:00+01:00,18.969999,23.119999,21.5,17.52,14.4,29.82,16.4,37.0,13.0,5.136
2021-03-17 20:00:00+01:00,18.59,23.019999,21.5,17.42,14.4,30.219999,16.469999,38.5,13.0,5.22
2021-03-18 06:15:00+01:00,20.305,22.154999,21.5,18.5,10.4,33.0,19.93,52.0,9.0,5.052
2021-03-18 06:30:00+01:00,20.17,22.039999,21.5,18.359999,9.4,32.559998,20.01,56.0,13.0,5.112
2021-03-18 06:45:00+01:00,20.105,22.0,21.5,18.32,9.4,32.23,19.959999,60.0,12.0,5.076
2021-03-18 07:00:00+01:00,20.01,21.934999,21.5,18.199999,8.4,32.299999,19.869999,64.5,13.0,5.064
2021-03-18 07:15:00+01:00,19.6,21.855,21.5,17.559999,7.4,32.899998,19.92,69.0,13.0,5.244
2021-03-18 07:30:00+01:00,19.57,21.814999,21.5,18.18,7.4,32.579998,19.889999,62.5,14.0,5.148
2021-03-18 07:45:00+01:00,19.324999,21.795,21.5,17.940001,8.4,33.189999,19.889999,56.0,12.0,5.172
2021-03-18 08:00:00+01:00,19.66,21.754999,21.5,18.219999,8.4,32.630001,19.889999,54.5,13.0,5.196
2021-03-18 08:15:00+01:00,19.504999,21.754999,21.5,18.279999,8.4,32.59,19.779999,53.0,13.0,5.16
2021-03-18 08:30:00+01:00,19.33,21.744999,21.5,18.059999,9.4,32.399998,19.66,51.0,12.0,5.136
2021-03-18 08:45:00+01:00,19.189999,21.754999,21.5,17.559999,10.4,32.829998,19.58,49.0,13.0,5.136
2021-03-18 09:00:00+01:00,19.254999,21.734999,21.5,17.779999,11.4,32.329998,19.5,55.0,13.0,5.136
2021-03-18 09:15:00+01:00,19.189999,21.744999,21.5,18.119999,13.4,32.0,19.42,61.0,14.0,5.088
2021-03-18 09:30:00+01:00,19.225,22.039999,21.5,18.119999,16.4,31.699999,19.049999,61.0,12.0,5.136
2021-03-18 09:45:00+01:00,19.33,22.225,21.5,17.92,14.3,31.469999,18.949999,61.0,13.0,5.232
2021-03-18 10:00:00+01:00,18.299999,22.359999,21.5,17.279999,15.3,32.719997,18.85,61.0,13.0,5.112
2021-03-18 10:15:00+01:00,18.195,22.424999,21.5,16.859999,13.3,34.16,18.92,61.0,12.0,5.196
2021-03-18 10:30:00+01:00,18.125,22.49,21.5,17.119999,12.3,36.07,19.4,59.0,13.0,5.184
2021-03-18 10:45:00+01:00,18.295,22.529999,21.5,17.440001,14.3,36.950001,20.029999,57.0,13.0,5.184
2021-03-18 11:00:00+01:00,18.115,22.85,21.5,17.34,12.3,37.279999,20.459999,55.0,14.0,5.16
2021-03-18 11:15:00+01:00,18.244999,22.83,21.5,16.779999,12.3,37.509998,20.93,53.0,13.0,5.148
2021-03-18 11:30:00+01:00,18.215,22.73,21.5,17.459999,14.3,37.649998,21.289999,53.0,12.0,5.172
2021-03-18 11:45:00+01:00,18.244999,22.709999,21.5,16.82,14.1,37.700001,21.57,53.0,13.0,5.22
2021-03-18 12:00:00+01:00,18.459999,22.844999,21.5,17.58,15.1,36.950001,21.639999,51.5,13.0,5.196
2021-03-18 12:15:00+01:00,18.475,22.699999,21.5,17.139999,16.0,37.119999,21.77,50.0,13.0,5.232
2021-03-18 12:30:00+01:00,18.6,22.709999,21.5,17.26,15.1,36.540001,21.689999,46.5,12.0,5.124
2021-03-18 12:45:00+01:00,19.42,22.775,21.5,17.42,14.9,36.029999,21.59,43.0,14.0,5.16
2021-03-18 13:00:00+01:00,19.5,22.84,21.5,17.42,14.9,35.919998,21.65,41.5,13.0,5.196
2021-03-18 13:15:00+01:00,19.445,22.9,21.5,17.359999,14.9,35.040001,21.58,40.0,13.0,5.148
2021-03-18 13:30:00+01:00,19.32,22.93,21.5,16.940001,17.9,35.669998,21.379999,41.5,13.0,5.172
2021-03-18 13:45:00+01:00,19.51,22.98,21.5,17.42,19.1,32.419998,20.83,43.0,12.0,5.208
2021-03-18 14:00:00+01:00,19.895,23.039999,21.5,17.559999,19.1,32.139999,20.16,45.0,13.0,5.232
2021-03-18 14:15:00+01:00,19.66,23.129999,21.5,17.219999,17.0,32.399998,19.82,47.0,14.0,5.172
2021-03-18 14:30:00+01:00,18.705,23.039999,21.5,17.299999,17.1,33.389999,19.41,45.0,13.0,5.148
2021-03-18 14:45:00+01:00,18.92,23.26,21.5,17.6,17.1,32.93,19.07,43.0,13.0,5.208
2021-03-18 15:00:00+01:00,18.775,23.184999,21.5,17.639999,17.1,33.5,18.99,43.0,12.0,5.22
2021-03-18 15:15:00+01:00,18.775,22.93,21.5,17.52,16.1,33.369999,19.0,43.0,14.0,5.22
2021-03-18 15:30:00+01:00,18.344999,22.84,21.5,17.219999,16.1,33.619999,19.109999,44.5,12.0,5.208
2021-03-18 15:45:00+01:00,18.674999,22.8499995,21.5,17.379999,14.9,34.73,18.85,46.0,14.0,5.172
2021-03-18 16:00:00+01:00,18.385,22.859999,21.5,17.18,13.9,35.23,19.549999,46.0,13.0,5.184
2021-03-18 16:15:00+01:00,18.484999,22.944999,21.5,17.219999,12.9,35.079998,19.869999,46.0,13.0,5.196
2021-03-18 16:30:00+01:00,18.565001,23.029999,21.5,17.379999,14.9,35.110001,19.82,44.5,13.0,5.184
2021-03-18 16:45:00+01:00,18.639999,23.029999,21.5,17.459999,15.9,34.799999,19.879999,43.0,13.0,5.208
2021-03-18 17:00:00+01:00,18.645,23.0,21.5,17.440001,14.9,35.360001,20.029999,43.0,14.0,5.196
2021-03-18 17:15:00+01:00,18.375,22.98,21.5,17.139999,12.8,36.139999,20.23,43.0,12.0,5.196
2021-03-18 17:30:00+01:00,18.504999,22.98,21.5,17.26,13.8,36.0,20.43,44.5,13.0,5.232
2021-03-18 17:45:00+01:00,18.375,23.0,21.5,17.219999,13.8,36.110001,20.559999,46.0,13.0,5.244
2021-03-18 18:00:00+01:00,18.529999,22.98,21.5,17.26,13.8,35.84,20.83,48.0,13.0,5.16
2021-03-18 18:15:00+01:00,18.594999,23.07,21.5,17.26,13.8,35.529999,20.719999,50.0,13.0,5.148
2021-03-18 18:30:00+01:00,18.375,23.109999,21.5,17.459999,12.8,35.93,20.6,49.5,12.0,5.184
2021-03-18 18:45:00+01:00,18.555,23.234999,21.5,17.219999,12.8,35.799999,20.449999,49.0,14.0,5.196
2021-03-18 19:00:00+01:00,19.18,23.1,21.5,17.559999,11.8,35.309998,20.52,49.0,13.0,5.16
2021-03-18 19:15:00+01:00,19.369999,23.17,21.5,17.039999,11.8,35.07,21.049999,49.0,13.0,5.124
2021-03-18 19:30:00+01:00,19.25,23.16,21.5,17.4,11.8,35.149998,21.189999,49.0,13.0,5.124
2021-03-18 19:45:00+01:00,19.23,23.03,21.5,16.68,11.8,34.98,20.869999,49.0,12.0,5.1
2021-03-18 20:00:00+01:00,19.309999,22.9,21.5,17.039999,11.8,34.700001,20.75,51.0,13.0,5.124
2021-03-19 06:15:00+01:00,19.199999,22.219999,21.5,17.119999,7.8,38.899998,23.43,87.0,9.0,5.1
2021-03-19 06:30:00+01:00,19.43,22.01,21.5,17.779999,7.8,38.509998,23.91,84.0,12.0,5.088
2021-03-19 06:45:00+01:00,19.27,21.949999,21.5,17.58,7.8,38.41,24.15,81.0,13.0,5.052
2021-03-19 07:00:00+01:00,19.01,21.91,21.5,17.18,7.8,38.32,24.15,81.0,14.0,5.076
2021-03-19 07:15:00+01:00,19.66,21.844999,21.5,18.299999,7.8,38.66,24.309999,81.0,12.0,5.124
2021-03-19 07:30:00+01:00,19.73,21.85,21.5,18.219999,6.8,39.189999,24.65,81.0,13.0,5.184
2021-03-19 07:45:00+01:00,19.785,21.84,21.5,18.26,7.8,39.209999,24.889999,81.0,12.0,5.172
2021-03-19 08:00:00+01:00,19.684999,21.84,21.5,18.039999,6.8,38.82,25.119999,81.0,13.0,5.208
2021-03-19 08:15:00+01:00,18.889999,21.814999,21.5,16.6,6.8,40.59,25.25,81.0,13.0,5.148
2021-03-19 08:30:00+01:00,19.225,21.795,21.5,16.799999,6.8,39.82,25.35,73.0,13.0,5.112
2021-03-19 08:45:00+01:00,19.225,21.789999,21.5,17.76,7.9,39.889999,25.35,65.0,12.0,5.172
2021-03-19 09:00:00+01:00,19.57,21.799999,21.5,18.18,7.9,39.079998,25.439999,63.0,14.0,5.196
2021-03-19 09:30:00+01:00,18.959999,21.824999,21.5,17.84,8.9,39.77,25.51,61.0,13.0,5.172
2021-03-19 09:45:00+01:00,19.139999,21.824999,21.5,18.08,9.9,39.419998,25.439999,61.0,12.0,5.16
2021-03-19 10:00:00+01:00,19.049999,21.824999,21.5,17.559999,9.9,39.110001,25.32,61.0,13.0,5.208
2021-03-19 10:15:00+01:00,19.475,21.889999,21.5,18.059999,9.9,37.869999,25.219999,61.0,13.0,5.232
2021-03-19 10:30:00+01:00,19.039999,22.15,21.5,18.039999,10.9,38.09,24.869999,57.0,14.0,5.16
2021-03-19 11:00:00+01:00,18.209999,22.309999,21.5,17.0,11.9,38.369999,24.25,53.0,13.0,5.148
2021-03-19 11:15:00+01:00,18.164999,22.35,21.5,17.18,11.9,38.599998,24.029999,53.0,12.0,5.148
2021-03-19 11:30:00+01:00,18.074999,22.4,21.5,17.219999,12.9,38.989998,23.879999,55.0,13.0,5.232
2021-03-19 11:45:00+01:00,18.315001,22.439999,21.5,17.119999,13.8,37.209999,23.59,57.0,13.0,5.16
2021-03-19 12:00:00+01:00,18.225,22.535,21.5,16.799999,13.8,37.879997,23.219999,55.0,13.0,5.16
2021-03-19 12:15:00+01:00,18.365,22.639999,21.5,17.08,12.6,37.41,22.949999,53.0,12.0,5.22
2021-03-19 12:30:00+01:00,18.17,22.699999,21.5,17.32,12.3,37.700001,22.799999,51.0,14.0,5.088
2021-03-19 12:45:00+01:00,18.484999,22.549999,21.5,17.34,13.3,37.549999,22.9,49.0,13.0,5.196
2021-03-19 13:00:00+01:00,18.355,22.559999,21.5,17.539999,14.3,37.349998,22.9,55.0,13.0,5.196
2021-03-19 13:15:00+01:00,18.225,22.609999,21.5,17.16,16.4,36.239998,22.619999,61.0,13.0,5.196
2021-03-19 13:30:00+01:00,18.77,22.67,21.5,17.639999,15.4,35.969997,22.139999,61.0,13.0,5.148
2021-03-19 13:45:00+01:00,18.975,22.719999,21.5,17.6,17.4,35.919998,21.959999,61.0,14.0,5.22
2021-03-19 14:00:00+01:00,18.93,22.779999,21.5,17.559999,13.3,35.66,21.76,59.0,12.0,5.196
2021-03-19 14:15:00+01:00,19.225,22.785,21.5,17.379999,19.299999,34.52,21.57,57.0,13.0,5.136
2021-03-19 14:30:00+01:00,19.289999,22.84,21.5,17.359999,15.0,35.93,21.25,59.0,13.0,5.232
2021-03-19 14:45:00+01:00,19.379999,22.769999,21.5,17.48,11.9,36.599998,21.76,61.0,13.0,5.196
2021-03-19 15:00:00+01:00,18.164999,22.92,21.5,16.82,11.9,38.619999,21.98,55.5,13.0,5.172
2021-03-19 15:15:00+01:00,18.295,22.83,21.5,16.879999,10.9,38.02,22.279999,50.0,12.0,5.172
2021-03-19 15:30:00+01:00,18.139999,22.75,21.5,17.379999,13.9,37.75,22.359999,48.0,14.0,5.196
2021-03-19 15:45:00+01:00,18.264999,22.67,21.5,17.299999,16.9,38.18,22.5,46.0,13.0,5.208
2021-03-19 16:00:00+01:00,18.34,22.639999,21.5,17.059999,16.9,37.919998,22.59,46.0,13.0,5.196
2021-03-19 16:15:00+01:00,18.190001,22.66,21.5,16.76,16.9,37.879997,22.59,46.0,13.0,5.16
2021-03-19 16:30:00+01:00,18.094999,22.684999,21.5,17.359999,16.9,37.91,22.59,46.0,13.0,5.148
2021-03-19 16:45:00+01:00,18.254999,22.644999,21.5,16.84,15.8,38.18,22.83,46.0,14.0,5.184
2021-03-19 17:00:00+01:00,18.395,22.65,21.5,17.02,12.7,37.919998,22.939999,46.0,12.0,5.184
2021-03-19 17:15:00+01:00,19.424999,22.66,21.5,17.92,13.6,36.029999,22.9,46.0,13.0,5.268
2021-03-19 17:30:00+01:00,19.27,22.68,21.5,17.16,13.6,35.73,22.66,47.5,13.0,5.22
2021-03-19 17:45:00+01:00,19.1,22.68,21.5,17.26,13.6,35.669998,22.539999,49.0,13.0,5.22
2021-03-19 18:00:00+01:00,19.195,22.68,21.5,17.4,11.6,35.559998,22.459999,53.0,13.0,5.208
2021-03-19 18:15:00+01:00,19.154999,22.67,21.5,16.699999,10.6,35.599998,22.35,57.0,12.0,5.172
2021-03-19 18:30:00+01:00,18.93,22.66,21.5,17.0,11.6,35.719997,22.269999,55.0,14.0,5.112
2021-03-19 18:45:00+01:00,19.42,22.639999,21.5,18.1,10.6,35.099998,22.279999,53.0,13.0,5.22
2021-03-19 19:00:00+01:00,19.33,22.549999,21.5,17.48,11.6,35.419998,22.279999,53.0,13.0,5.166
2021-03-19 19:15:00+01:00,19.559999,22.525,21.5,17.779999,10.6,34.48,22.26,53.0,13.0,5.112
2021-03-19 19:30:00+01:00,19.309999,22.484999,21.5,17.4,10.6,35.360001,22.17,53.0,12.0,5.124
2021-03-19 19:45:00+01:00,19.459999,22.449999,21.5,17.0,10.6,35.919998,22.34,53.0,13.0,5.148
2021-03-19 20:00:00+01:00,19.609999,22.449999,21.5,17.68,10.6,35.450001,22.449999,57.0,12.0,5.184
2021-03-20 06:15:00+01:00,18.949999,22.0,21.5,17.34,5.8,35.919998,23.0,75.0,9.0,5.028
2021-03-20 06:30:00+01:00,19.189999,21.754999,21.5,17.6,5.8,35.469997,22.949999,72.0,12.0,5.124
2021-03-20 06:45:00+01:00,19.07,21.664999,21.5,17.539999,5.8,35.66,22.84,69.0,13.0,5.076
2021-03-20 07:00:00+01:00,19.1,21.615,21.5,17.639999,5.8,35.68,22.689999,72.0,14.0,5.064
2021-03-20 07:15:00+01:00,19.25,21.584999,21.5,17.639999,4.8,35.279999,22.609999,75.0,12.0,5.196
2021-03-20 07:30:00+01:00,19.09,21.535,21.5,17.299999,4.8,35.139999,22.539999,75.0,13.0,5.136
2021-03-20 07:45:00+01:00,19.34,21.52,21.5,17.74,5.8,35.259998,22.5,75.0,13.0,5.16
2021-03-20 08:00:00+01:00,18.83,21.504999,21.5,17.02,6.8,35.540001,22.449999,70.0,13.0,5.148
2021-03-20 08:15:00+01:00,19.459999,21.535,21.5,17.92,6.8,34.919998,22.42,65.0,13.0,5.196
2021-03-20 08:30:00+01:00,19.314999,21.625,21.5,18.1,7.8,35.040001,22.25,63.0,12.0,5.184
2021-03-20 08:45:00+01:00,19.799999,21.635,21.5,18.02,7.8,34.450001,22.18,61.0,14.0,5.196
2021-03-20 09:00:00+01:00,19.789999,21.645,21.5,17.539999,9.8,34.959999,22.16,59.0,12.0,5.16
2021-03-20 09:15:00+01:00,19.875,21.654999,21.5,17.4,13.8,35.07,22.199999,57.0,13.0,5.1
2021-03-20 09:30:00+01:00,19.355,21.635,21.5,17.92,12.8,35.219997,22.209999,55.0,13.0,5.148
2021-03-20 09:45:00+01:00,19.189999,21.625,21.5,17.959999,13.8,35.279999,22.26,53.0,12.0,5.148
2021-03-20 10:00:00+01:00,19.48,21.625,21.5,17.459999,13.8,35.209999,22.25,51.0,13.0,5.136
2021-03-20 10:15:00+01:00,19.959999,21.664999,21.5,17.84,14.8,35.07,22.34,49.0,13.0,5.148
2021-03-20 10:30:00+01:00,18.52,21.664999,21.5,17.24,14.8,36.669998,22.48,46.0,14.0,5.208
2021-03-20 10:45:00+01:00,18.49,21.645,21.5,17.1,15.8,36.459999,22.5,43.0,12.0,5.148
2021-03-20 11:00:00+01:00,18.51,21.635,21.5,17.1,16.9,36.0,22.41,37.5,13.0,5.172
2021-03-20 11:15:00+01:00,18.459999,21.645,21.5,17.42,13.9,36.399998,22.34,32.0,13.0,5.172
2021-03-20 11:30:00+01:00,18.275,21.635,21.5,17.18,15.9,35.66,22.189999,29.5,13.0,5.112
2021-03-20 11:45:00+01:00,18.424999,21.645,21.5,16.799999,16.799999,34.099998,21.799999,27.0,12.0,5.148
2021-03-20 12:00:00+01:00,18.395,21.645,21.5,17.0,15.8,32.399998,20.889999,27.5,13.0,5.172
2021-03-20 12:15:00+01:00,18.484999,21.654999,21.5,17.32,16.799999,31.629999,20.18,28.0,14.0,5.16
2021-03-20 12:30:00+01:00,18.584999,21.674999,21.5,17.18,17.799999,28.33,19.379999,29.0,13.0,5.196
2021-03-20 12:45:00+01:00,18.949999,21.684999,21.5,17.26,15.8,27.66,18.629999,30.0,13.0,5.22
2021-03-20 13:00:00+01:00,19.24,21.734999,21.5,17.059999,16.799999,27.269999,17.92,27.0,12.0,5.088
2021-03-20 13:15:00+01:00,19.314999,21.775,21.5,16.76,17.799999,24.559999,17.279999,24.0,13.0,5.136
2021-03-20 13:30:00+01:00,19.26,21.809999,21.5,16.859999,19.799999,24.92,16.449999,23.0,13.0,5.148
2021-03-20 13:45:00+01:00,19.35,21.824999,21.5,16.879999,19.799999,24.769999,16.139999,22.0,14.0,5.088
2021-03-20 14:00:00+01:00,19.34,22.299999,21.5,16.9,18.799999,23.869999,15.429999,24.0,12.0,5.1
2021-03-20 14:15:00+01:00,19.555,22.424999,21.5,17.959999,19.799999,23.789999,14.96,26.0,13.0,5.136
2021-03-20 14:30:00+01:00,19.109999,22.369999,21.5,17.799999,17.700001,24.299999,14.809999,25.0,13.0,5.1
2021-03-20 14:45:00+01:00,19.24,22.375,21.5,18.0,18.700001,24.4,14.65,24.0,12.0,5.16
2021-03-20 15:00:00+01:00,19.26,22.389999,21.5,17.98,17.6,25.16,14.65,25.0,13.0,5.172
2021-03-22 04:15:00+01:00,18.939999,21.525,21.5,17.219999,10.9,37.299999,22.73,70.0,9.0,5.148
2021-03-22 04:45:00+01:00,18.975,21.324999,21.5,17.16,10.9,37.309998,23.389999,70.0,13.0,5.088
2021-03-22 05:00:00+01:00,19.209999,21.295,21.5,17.1,10.9,36.98,23.48,67.5,13.0,5.1
2021-03-22 05:15:00+01:00,19.59,21.295,21.5,17.1,10.9,36.619999,23.559999,65.0,12.0,5.064
2021-03-22 05:30:00+01:00,19.959999,21.295,21.5,17.42,10.9,36.52,23.609999,70.0,14.0,5.136
2021-03-22 05:45:00+01:00,20.314999,21.314999,21.5,17.559999,10.9,36.16,23.699999,75.0,13.0,5.076
2021-03-22 06:00:00+01:00,20.094999,21.334999,21.5,17.559999,9.9,36.41,23.789999,75.0,12.0,5.076
2021-03-22 06:15:00+01:00,24.439999,21.545,21.5,18.219999,9.9,32.18,23.639999,75.0,13.0,5.112
2021-03-22 06:30:00+01:00,23.305,21.705,21.5,17.379999,9.9,33.77,23.539999,72.5,12.0,5.028
2021-03-22 06:45:00+01:00,22.639999,21.689999,21.5,18.02,9.9,33.91,23.539999,70.0,13.0,5.112
2021-03-22 07:00:00+01:00,22.475,21.635,21.5,17.5,9.9,34.349998,23.639999,70.0,13.0,5.04
2021-03-22 07:15:00+01:00,21.975,21.68,21.5,17.52,8.9,34.919998,23.66,70.0,12.0,5.244
2021-03-22 07:30:00+01:00,20.254999,21.684999,21.5,17.459999,7.9,36.669998,23.66,67.5,14.0,5.208
2021-03-22 07:45:00+01:00,19.959999,21.615,21.5,17.48,8.9,36.860001,23.799999,65.0,13.0,5.16
2021-03-22 08:00:00+01:00,19.965,21.545,21.5,17.459999,8.9,36.889999,23.92,67.5,13.0,5.172
2021-03-22 08:15:00+01:00,19.969999,21.494999,21.5,17.379999,8.9,37.25,24.039999,70.0,13.0,5.208
2021-03-22 08:30:00+01:00,20.129999,21.455,21.5,17.4,10.9,37.43,24.299999,65.5,12.0,5.16
2021-03-22 08:45:00+01:00,20.264999,21.48,21.5,17.4,10.9,37.419998,24.539999,61.0,13.0,5.112
2021-03-22 09:00:00+01:00,20.205,21.494999,21.5,17.5,11.9,37.41,24.66,61.0,14.0,5.208
2021-03-22 09:15:00+01:00,20.139999,21.494999,21.5,17.879999,11.9,37.66,24.859999,61.0,13.0,5.184
2021-03-22 09:30:00+01:00,19.895,21.494999,21.5,17.5,12.9,37.91,25.019999,59.0,12.0,5.184
2021-03-22 09:45:00+01:00,19.809999,21.635,21.5,17.5,13.9,38.139999,25.34,57.0,13.0,5.184
2021-03-22 10:00:00+01:00,19.904999,21.904999,21.5,17.42,14.9,37.77,25.25,53.5,13.0,5.052
2021-03-22 10:15:00+01:00,19.365,22.074999,21.5,18.08,14.9,38.540001,25.07,50.0,13.0,5.22
2021-03-22 10:30:00+01:00,19.439999,22.174999,21.5,18.059999,14.9,38.009998,25.199999,46.5,14.0,5.184
2021-03-22 10:45:00+01:00,19.5,22.219999,21.5,17.779999,14.9,38.07,25.119999,43.0,12.0,5.232
2021-03-22 11:00:00+01:00,19.844999,22.25,21.5,17.940001,14.9,37.540001,25.059999,40.5,13.0,5.16
2021-03-22 11:15:00+01:00,18.6,22.33,21.5,17.16,14.9,38.279999,25.019999,38.0,13.0,5.172
2021-03-22 11:30:00+01:00,18.465,22.35,21.5,17.42,16.9,38.040001,24.76,35.5,13.0,5.208
2021-03-22 11:45:00+01:00,18.375,22.4,21.5,17.42,17.9,37.959999,24.59,33.0,13.0,5.22
2021-03-22 12:00:00+01:00,18.744999,22.49,21.5,17.48,18.9,37.540001,24.309999,29.5,12.0,5.208
2021-03-22 12:15:00+01:00,18.674999,22.57,21.5,17.34,20.9,34.469997,23.879999,26.0,15.0,5.244
2021-03-22 12:30:00+01:00,18.654999,22.68,21.5,17.440001,23.9,33.790001,22.949999,24.5,13.0,5.244
2021-03-22 12:45:00+01:00,18.799999,22.775,21.5,17.440001,23.799999,32.169998,22.039999,23.0,12.0,5.268
2021-03-22 13:00:00+01:00,19.16,22.875,21.5,17.82,23.799999,32.16,21.33,24.0,13.0,5.268
2021-03-22 13:15:00+01:00,19.695,23.029999,21.5,17.559999,24.799999,30.98,20.689999,25.0,13.0,5.232
2021-03-22 13:30:00+01:00,19.975,23.139999,21.5,17.82,22.6,30.34,20.09,25.0,14.0,5.256
2021-03-22 13:45:00+01:00,20.074999,23.295,21.5,17.859999,24.6,30.76,19.559999,25.0,13.0,5.244
2021-03-22 14:00:00+01:00,19.799999,23.404999,21.5,17.5,23.6,29.65,19.119999,22.5,13.0,5.196
2021-03-22 14:15:00+01:00,20.094999,23.445,21.5,18.559999,24.6,29.59,18.809999,20.0,12.0,5.196
2021-03-22 14:30:00+01:00,20.355,23.295,21.5,18.98,24.6,29.689999,18.440001,19.5,13.0,5.184
2021-03-22 14:45:00+01:00,20.824999,23.109999,21.5,19.139999,23.6,28.539999,18.27,19.0,15.0,5.196
2021-03-22 15:00:00+01:00,20.404999,23.234999,21.5,18.92,23.6,28.789999,17.789999,19.0,12.0,5.16
2021-03-22 15:15:00+01:00,22.924999,23.434999,21.5,21.139999,21.6,26.58,17.17,19.0,13.0,5.208
2021-03-22 15:30:00+01:00,21.41,23.725,21.5,19.619999,22.6,27.98,17.24,19.5,13.0,5.184
2021-03-22 15:45:00+01:00,22.025,23.844999,21.5,20.459999,24.6,27.539999,16.76,20.0,13.0,5.244
2021-03-22 16:00:00+01:00,22.855,23.889999,21.5,21.32,24.5,26.879999,16.699999,20.0,12.0,5.244
2021-03-22 16:15:00+01:00,21.789999,23.92,21.5,20.24,24.5,27.459999,16.539999,20.0,13.0,5.232
2021-03-22 16:30:00+01:00,21.965,23.844999,21.5,20.34,24.5,27.59,16.77,21.0,14.0,5.244
2021-03-22 16:45:00+01:00,21.93,23.75,21.5,20.279999,23.4,27.699999,16.859999,22.0,13.0,5.232
2021-03-22 17:00:00+01:00,21.73,23.705,21.5,20.26,23.4,27.609999,17.199999,22.5,13.0,5.28
2021-03-22 17:15:00+01:00,21.789999,23.695,21.5,19.48,23.4,27.519999,17.109999,23.0,13.0,5.196
2021-03-22 17:30:00+01:00,21.83,23.664999,21.5,19.559999,23.4,27.609999,17.23,24.0,13.0,5.232
2021-03-22 17:45:00+01:00,21.48,23.725,21.5,19.18,22.4,27.74,16.92,25.0,14.0,5.196
2021-03-22 18:00:00+01:00,21.67,23.844999,21.5,19.459999,21.4,28.33,16.77,26.0,13.0,5.208
2021-03-22 18:15:00+01:00,21.5,23.844999,21.5,19.92,21.4,28.33,17.01,27.0,12.0,5.22
2021-03-22 18:30:00+01:00,23.529999,23.859999,21.5,21.539999,20.4,26.98,16.93,26.5,13.0,5.232
2021-03-22 18:45:00+01:00,23.789999,23.945,21.5,21.68,19.4,27.059999,17.049999,26.0,13.0,5.22
2021-03-22 19:00:00+01:00,23.684999,23.994999,21.5,21.6,18.4,27.26,17.15,26.0,13.0,5.124
2021-03-22 19:15:00+01:00,23.615,23.934999,21.5,21.52,17.4,27.599998,17.309999,26.0,14.0,5.196
2021-03-22 19:30:00+01:00,23.549999,23.844999,21.5,21.48,16.4,27.699999,17.440001,29.5,13.0,5.196
2021-03-22 19:45:00+01:00,23.484999,23.75,21.5,21.379999,16.4,27.82,17.559999,33.0,12.0,5.124
2021-03-22 20:00:00+01:00,23.379999,23.664999,21.5,21.279999,15.4,28.109999,17.619999,33.0,13.0,5.112
2021-03-23 06:15:00+01:00,20.475,22.139999,21.5,18.66,9.4,32.529999,21.23,52.0,9.0,5.052
2021-03-23 06:30:00+01:00,20.26,22.039999,21.5,18.440001,8.4,32.469997,20.92,52.0,13.0,5.052
2021-03-23 06:45:00+01:00,20.15,22.0,21.5,18.32,8.9,32.59,20.75,52.0,13.0,5.076
2021-03-23 07:00:00+01:00,20.109999,21.93,21.5,18.279999,9.4,32.23,20.559999,50.5,12.0,5.016
2021-03-23 07:15:00+01:00,19.869999,21.8649995,21.5,17.699999,8.4,32.049999,20.4,49.0,13.0,5.076
2021-03-23 07:30:00+01:00,19.275,21.799999,21.5,17.539999,8.4,32.799999,20.25,51.0,12.0,5.184
2021-03-23 07:45:00+01:00,19.18,21.754999,21.5,17.639999,9.4,32.860001,20.18,53.0,13.0,5.136
2021-03-23 08:00:00+01:00,19.289999,21.734999,21.5,16.799999,10.4,32.559998,20.09,51.0,14.0,5.076
2021-03-23 08:15:00+01:00,19.295,21.74,21.5,17.52,9.4,33.110001,20.09,49.0,12.0,5.088
2021-03-23 08:30:00+01:00,19.6,21.789999,21.5,17.48,9.4,32.969997,20.059999,43.0,13.0,5.112
2021-03-23 08:45:00+01:00,19.49,21.82,21.5,17.82,10.9,32.860001,20.09,37.0,12.0,5.112
2021-03-23 09:00:00+01:00,19.51,21.824999,21.5,17.84,12.4,32.700001,20.02,37.0,13.0,5.112
2021-03-23 09:15:00+01:00,19.73,21.84,21.5,17.84,14.4,32.360001,19.939999,37.0,12.0,5.088
2021-03-23 09:30:00+01:00,19.529999,21.859999,21.5,18.119999,14.4,32.23,19.93,40.0,13.0,5.112
2021-03-23 09:45:00+01:00,19.33,21.91,21.5,18.059999,15.4,32.639999,19.869999,43.0,13.0,5.16
2021-03-23 10:00:00+01:00,19.289999,22.07,21.5,18.08,15.4,32.559998,19.609999,43.0,12.0,5.1
2021-03-23 10:15:00+01:00,19.68,22.119999,21.5,17.5,15.4,32.489998,19.609999,43.0,14.0,5.112
2021-03-23 10:30:00+01:00,19.959999,22.119999,21.5,18.219999,14.4,32.25,19.799999,43.0,13.0,5.1
2021-03-23 10:45:00+01:00,19.984999,22.25,21.5,17.5,14.4,32.66,19.75,43.0,12.0,5.124
2021-03-23 11:00:00+01:00,19.984999,22.309999,21.5,17.48,13.4,32.469997,19.82,40.5,13.0,5.112
2021-03-23 11:15:00+01:00,18.949999,22.33,21.5,17.6,14.4,34.119999,20.02,38.0,13.0,5.136
2021-03-23 11:30:00+01:00,19.379999,22.285,21.5,17.539999,15.4,33.899998,20.18,36.5,13.0,5.076
2021-03-23 11:45:00+01:00,19.209999,22.359999,21.5,17.18,15.4,33.93,20.189999,35.0,12.0,5.148
2021-03-23 12:00:00+01:00,19.52,22.4,21.5,17.219999,17.4,33.5,20.18,34.0,14.0,5.148
2021-03-23 12:15:00+01:00,19.549999,22.42,21.5,17.18,17.4,33.529999,20.189999,33.0,12.0,5.076
2021-03-23 12:30:00+01:00,19.449999,22.455,21.5,17.18,19.4,33.360001,20.109999,34.0,13.0,5.136
2021-03-23 12:45:00+01:00,19.139999,22.51,21.5,17.799999,19.299999,33.529999,19.99,35.0,13.0,5.148
2021-03-23 13:00:00+01:00,19.309999,22.559999,21.5,17.959999,18.1,32.959999,19.879999,34.0,12.0,5.16
2021-03-23 13:15:00+01:00,19.92,22.65,21.5,18.48,19.1,31.859999,19.49,33.0,13.0,5.124
2021-03-23 13:30:00+01:00,20.049999,22.719999,21.5,18.699999,20.1,32.110001,19.279999,33.0,13.0,5.16
2021-03-23 13:45:00+01:00,20.324999,22.885,21.5,18.119999,20.1,31.349998,19.08,33.0,14.0,5.148
2021-03-23 14:00:00+01:00,20.584999,23.01,21.5,18.42,20.9,31.4,18.809999,34.5,12.0,5.196
2021-03-23 14:15:00+01:00,20.725,22.955,21.5,18.42,18.700001,31.01,18.690001,36.0,13.0,5.22
2021-03-23 14:30:00+01:00,20.504999,23.18,21.5,18.02,21.799999,31.26,18.5,34.5,13.0,5.16
2021-03-23 14:45:00+01:00,19.969999,23.275,21.5,18.6,22.799999,31.599998,18.4,33.0,13.0,5.148
2021-03-23 15:00:00+01:00,20.764999,23.295,21.5,19.42,22.799999,31.07,18.32,32.0,13.0,5.22
2021-03-23 15:15:00+01:00,21.74,23.254999,21.5,19.219999,21.700001,30.139999,18.440001,31.0,12.0,5.208
2021-03-23 15:30:00+01:00,23.5,23.244999,21.5,21.52,20.700001,28.92,18.559999,30.0,14.0,5.148
2021-03-23 15:45:00+01:00,23.504999,23.424999,21.5,21.439999,21.700001,29.039999,18.449999,29.0,12.0,5.16
2021-03-23 16:00:00+01:00,23.355,23.584999,21.5,21.719999,18.6,29.389999,18.469999,29.0,13.0,5.16
2021-03-23 16:15:00+01:00,23.83,23.644999,21.5,21.76,20.6,29.16,18.469999,29.0,13.0,5.148
2021-03-23 16:30:00+01:00,23.965,23.785,21.5,21.82,20.6,29.26,18.719999,30.0,13.0,5.196
2021-03-23 16:45:00+01:00,23.764999,23.969999,21.5,21.66,21.6,29.559999,18.85,31.0,13.0,5.184
2021-03-23 17:00:00+01:00,24.33,23.824999,21.5,22.219999,19.6,29.17,18.869999,30.0,12.0,5.16
2021-03-23 17:15:00+01:00,24.139999,23.625,21.5,22.0,19.6,29.429998,19.15,29.0,14.0,5.148
2021-03-23 17:30:00+01:00,24.019999,23.465,21.5,21.879999,19.6,29.66,19.359999,33.5,13.0,5.136
2021-03-23 17:45:00+01:00,24.049999,23.445,21.5,21.92,18.6,29.889999,19.49,38.0,13.0,5.16
2021-03-23 18:00:00+01:00,24.07,23.455,21.5,21.84,18.6,29.889999,19.59,39.5,13.0,5.184
2021-03-23 18:15:00+01:00,23.865,23.545,21.5,21.76,18.6,30.029999,19.639999,41.0,12.0,5.208
2021-03-23 18:30:00+01:00,23.904999,23.545,21.5,21.779999,17.6,30.269999,19.689999,41.0,13.0,5.196
2021-03-23 18:45:00+01:00,23.799999,23.494999,21.5,21.68,17.6,30.4,19.799999,41.0,14.0,5.16
2021-03-23 19:00:00+01:00,23.615,23.525,21.5,21.52,16.6,30.73,19.83,41.0,12.0,5.196
2021-03-23 19:15:00+01:00,23.404999,23.424999,21.5,21.359999,15.6,31.189999,20.07,41.0,13.0,5.136
2021-03-23 19:30:00+01:00,23.135,23.385,21.5,21.119999,15.6,31.269999,20.23,42.0,13.0,5.088
2021-03-23 19:45:00+01:00,23.055,23.334999,21.5,21.02,14.6,31.389999,20.299999,43.0,12.0,5.1
2021-03-23 20:00:00+01:00,22.914999,23.295,21.5,20.879999,14.6,31.769999,21.65,41.5,13.0,5.1
2021-03-24 06:15:00+01:00,20.404999,22.109999,21.5,18.6,9.6,35.610001,22.469999,70.0,10.0,5.052
2021-03-24 06:30:00+01:00,20.26,22.01,21.5,18.440001,8.6,35.759998,22.689999,70.0,12.0,5.088
2021-03-24 06:45:00+01:00,20.145,21.939999,21.5,18.299999,8.6,35.939999,22.85,70.0,13.0,5.064
2021-03-24 07:00:00+01:00,20.15,21.9,21.5,18.32,7.6,35.919998,22.889999,70.0,12.0,5.076
2021-03-24 07:15:00+01:00,19.27,21.844999,21.5,17.32,7.6,36.610001,22.93,70.0,13.0,5.088
2021-03-24 07:30:00+01:00,19.199999,21.764999,21.5,17.359999,8.6,36.719997,22.99,67.5,14.0,5.052
2021-03-24 07:45:00+01:00,19.154999,21.74,21.5,17.32,8.6,36.860001,23.059999,65.0,12.0,5.136
2021-03-24 08:00:00+01:00,19.02,21.719999,21.5,17.279999,9.6,37.110001,23.059999,61.0,13.0,5.112
2021-03-24 08:15:00+01:00,19.314999,21.699999,21.5,17.0,9.6,37.009998,23.109999,57.0,12.0,5.076
2021-03-24 08:30:00+01:00,19.209999,21.699999,21.5,16.82,10.6,36.790001,23.15,53.5,13.0,5.112
2021-03-24 08:45:00+01:00,19.4,21.76,21.5,17.779999,10.6,36.579998,23.18,50.0,13.0,5.136
2021-03-24 09:00:00+01:00,19.494999,21.799999,21.5,17.82,12.7,36.59,23.18,50.0,12.0,5.112
2021-03-24 09:15:00+01:00,19.539999,21.82,21.5,17.6,15.8,36.57,23.18,50.0,13.0,5.088
2021-03-24 09:30:00+01:00,19.824999,21.844999,21.5,17.459999,15.8,36.059998,23.16,50.0,14.0,5.076
2021-03-24 09:45:00+01:00,19.594999,21.904999,21.5,18.08,15.8,36.73,23.35,50.0,13.0,5.1
2021-03-24 10:00:00+01:00,19.529999,22.0,21.5,17.68,17.799999,36.619999,23.51,48.5,12.0,5.136
2021-03-24 10:15:00+01:00,19.904999,22.109999,21.5,17.66,17.799999,36.619999,23.449999,47.0,13.0,5.124
2021-03-24 10:30:00+01:00,19.48,22.25,21.5,17.08,17.799999,37.219997,23.699999,45.5,12.0,5.124
2021-03-24 10:45:00+01:00,19.48,22.4,21.5,17.24,18.799999,37.149998,23.799999,44.0,13.0,5.112
2021-03-24 11:00:00+01:00,19.334999,22.48,21.5,16.799999,18.799999,37.27,23.799999,41.0,13.0,5.136
2021-03-24 11:15:00+01:00,19.344999,22.564999,21.5,17.539999,19.799999,37.239998,23.699999,38.0,12.0,5.208
2021-03-24 11:30:00+01:00,19.955,22.629999,21.5,18.16,20.799999,36.75,23.73,38.0,14.0,5.184
2021-03-24 11:45:00+01:00,19.199999,22.695,21.5,17.84,20.799999,37.549999,23.769999,38.0,13.0,5.112
2021-03-24 12:00:00+01:00,19.359999,22.805,21.5,18.0,23.799999,37.139999,23.629999,36.0,13.0,5.112
2021-03-24 12:15:00+01:00,19.789999,22.949999,21.5,18.5,23.799999,36.98,23.369999,34.0,12.0,5.172
2021-03-24 12:30:00+01:00,20.574999,23.074999,21.5,19.34,23.799999,36.059998,23.269999,35.0,13.0,5.1
2021-03-24 12:45:00+01:00,20.775,23.105,21.5,18.539999,23.799999,35.610001,23.309999,36.0,13.0,5.172
2021-03-24 13:00:00+01:00,20.414999,23.189999,21.5,18.1,24.799999,35.709999,23.029999,35.0,12.0,5.148
2021-03-24 13:15:00+01:00,21.025,23.285,21.5,18.92,24.799999,35.219997,22.719999,34.0,14.0,5.148
2021-03-24 13:30:00+01:00,20.994999,23.334999,21.5,18.98,24.799999,35.619999,22.769999,33.0,13.0,5.16
2021-03-24 13:45:00+01:00,21.789999,23.484999,21.5,20.059999,24.799999,35.380001,22.779999,32.0,13.0,5.148
2021-03-24 14:00:00+01:00,21.949999,23.594999,21.5,20.199999,24.799999,35.32,22.98,33.0,13.0,5.16
2021-03-24 14:15:00+01:00,21.719999,23.975,21.5,20.1,24.799999,35.82,22.699999,34.0,12.0,5.196
2021-03-24 14:30:00+01:00,21.9,23.994999,21.5,20.219999,24.799999,35.779999,22.74,33.0,13.0,5.172
2021-03-24 14:45:00+01:00,22.559999,23.885,21.5,20.139999,24.799999,35.099998,22.93,32.0,14.0,5.196
2021-03-24 15:00:00+01:00,22.23,23.775,21.5,20.16,24.799999,35.360001,23.109999,31.0,12.0,5.172
2021-03-24 15:15:00+01:00,21.98,23.795,21.5,19.779999,23.799999,35.549999,23.049999,30.0,13.0,5.172
2021-03-24 15:30:00+01:00,22.555,23.764999,21.5,20.26,24.799999,35.23,23.109999,30.0,13.0,5.196
2021-03-24 15:45:00+01:00,22.754999,23.785,21.5,20.779999,24.799999,35.009998,23.16,30.0,13.0,5.232
2021-03-24 16:00:00+01:00,24.279999,24.07,21.5,22.4,25.799999,33.91,23.119999,31.0,13.0,5.052
2021-03-24 16:15:00+01:00,23.18,24.119999,21.5,21.32,25.799999,34.889999,23.309999,32.0,14.0,5.232
2021-03-24 16:30:00+01:00,23.494999,24.115,21.5,21.76,24.799999,35.07,23.469999,32.0,12.0,5.292
2021-03-24 16:45:00+01:00,23.344999,24.15,21.5,21.459999,24.799999,35.309998,23.59,32.0,14.0,5.208
2021-03-24 17:00:00+01:00,23.084999,24.164999,21.5,21.32,24.799999,35.619999,23.75,33.0,12.0,5.232
2021-03-24 17:15:00+01:00,23.205,24.139999,21.5,20.92,24.799999,35.649998,23.91,34.0,13.0,5.22
2021-03-24 17:30:00+01:00,23.234999,24.144999,21.5,20.98,23.799999,35.52,23.949999,34.0,13.0,5.172
2021-03-24 17:45:00+01:00,23.365,24.174999,21.5,21.199999,22.799999,35.369999,23.949999,34.0,14.0,5.184
2021-03-24 18:00:00+01:00,23.154999,24.209999,21.5,20.799999,23.799999,35.119999,23.869999,35.0,13.0,5.244
2021-03-24 18:15:00+01:00,23.055,24.154999,21.5,21.32,22.799999,34.790001,23.59,36.0,13.0,5.22
2021-03-24 18:30:00+01:00,22.91,24.08,21.5,21.18,22.799999,35.66,23.539999,36.0,13.0,5.232
2021-03-24 18:45:00+01:00,24.664999,24.01,21.5,22.559999,21.799999,34.66,23.779999,36.0,12.0,5.256
2021-03-24 19:00:00+01:00,24.66,24.059999,21.5,22.48,19.799999,35.34,24.09,37.5,13.0,5.232
2021-03-24 19:15:00+01:00,24.6,23.99,21.5,22.439999,18.799999,35.91,24.609999,39.0,14.0,5.16
2021-03-24 19:30:00+01:00,24.539999,23.934999,21.5,22.359999,18.799999,35.849998,24.889999,40.0,13.0,5.208
2021-03-24 19:45:00+01:00,24.459999,23.869999,21.5,22.299999,17.799999,35.869999,25.07,41.0,13.0,5.148
2021-03-24 20:00:00+01:00,24.394999,23.795,21.5,22.26,16.799999,35.719997,25.269999,44.0,13.0,5.136
2021-03-25 06:15:00+01:00,21.0,22.445,21.5,19.219999,10.8,38.200001,25.539999,65.0,9.0,5.052
2021-03-25 06:30:00+01:00,20.965,22.375,21.5,19.1,9.8,38.41,25.779999,65.0,13.0,5.1
2021-03-25 06:45:00+01:00,20.885,22.309999,21.5,18.959999,9.8,38.829998,25.93,65.0,12.0,5.076
2021-03-25 07:00:00+01:00,20.824999,22.269999,21.5,18.92,10.8,38.879997,26.119999,67.5,13.0,5.148
2021-03-25 07:15:00+01:00,20.754999,22.23,21.5,18.799999,9.8,38.879997,26.23,70.0,12.0,5.124
2021-03-25 07:30:00+01:00,20.545,22.189999,21.5,18.619999,9.8,39.219997,26.32,73.0,13.0,5.172
2021-03-25 07:45:00+01:00,20.395,22.16,21.5,18.5,9.8,39.529999,26.379999,76.0,14.0,5.304
2021-03-25 08:00:00+01:00,20.445,22.129999,21.5,18.539999,9.8,39.18,26.459999,71.0,13.0,5.196
2021-03-25 08:15:00+01:00,20.504999,22.125,21.5,18.58,10.8,39.25,26.5,66.0,12.0,5.04
2021-03-25 08:30:00+01:00,20.465,22.129999,21.5,18.58,10.8,39.73,26.619999,66.0,13.0,5.184
2021-03-25 08:45:00+01:00,20.574999,22.129999,21.5,18.66,12.8,39.93,26.699999,66.0,13.0,5.136
2021-03-25 09:00:00+01:00,20.814999,22.15,21.5,18.92,13.8,40.77,27.01,64.0,13.0,5.148
2021-03-25 09:15:00+01:00,20.924999,22.189999,21.5,18.98,15.8,40.959999,27.459999,62.0,12.0,5.136
2021-03-25 09:30:00+01:00,21.225,22.24,21.5,19.279999,15.8,41.23,27.83,56.5,14.0,5.148
2021-03-25 09:45:00+01:00,21.424999,22.289999,21.5,19.48,16.799999,41.91,28.619999,51.0,12.0,5.1
2021-03-25 10:00:00+01:00,21.58,22.41,21.5,19.619999,18.799999,42.399998,29.359999,54.5,13.0,5.16
2021-03-25 10:15:00+01:00,21.799999,22.51,21.5,19.82,17.6,42.309998,29.779999,58.0,13.0,5.16
2021-03-25 10:30:00+01:00,22.0,22.559999,21.5,20.02,18.6,41.450001,30.029999,54.5,13.0,5.136
2021-03-25 10:45:00+01:00,22.17,22.549999,21.5,20.18,17.6,40.799999,30.16,51.0,12.0,5.16
2021-03-25 11:00:00+01:00,22.365,22.639999,21.5,20.359999,18.6,41.799999,30.07,55.0,13.0,5.112
2021-03-25 11:15:00+01:00,22.674999,22.709999,21.5,20.66,17.5,41.369999,30.48,59.0,14.0,5.172
2021-03-25 11:30:00+01:00,22.965,22.785,21.5,20.98,19.5,41.469997,30.799999,57.0,12.0,5.16
2021-03-25 11:45:00+01:00,23.094999,23.045,21.5,21.039999,18.4,40.969997,30.689999,55.0,13.0,5.22
2021-03-25 12:00:00+01:00,23.344999,23.205,21.5,21.279999,20.4,41.309998,30.799999,53.0,13.0,5.028
2021-03-25 12:15:00+01:00,23.574999,23.334999,21.5,21.5,21.4,40.829998,30.929998,51.0,13.0,5.148
2021-03-25 12:30:00+01:00,21.83,23.424999,21.5,19.379999,22.4,43.439999,30.91,49.5,13.0,5.148
2021-03-25 12:45:00+01:00,21.709999,23.514999,21.5,19.559999,23.4,44.139999,30.99,48.0,12.0,5.172
2021-03-25 13:00:00+01:00,23.094999,23.564999,21.5,21.299999,26.4,42.459999,31.26,46.5,14.0,5.184
2021-03-25 13:15:00+01:00,24.07,23.73,21.5,22.02,26.4,41.25,31.16,45.0,13.0,5.172
2021-03-25 13:30:00+01:00,22.699999,23.859999,21.5,20.26,24.299999,43.25,31.16,45.0,12.0,5.184
2021-03-25 13:45:00+01:00,23.754999,23.844999,21.5,21.879999,26.299999,41.599998,31.389999,45.0,14.0,5.256
2021-03-25 14:00:00+01:00,24.769999,23.975,21.5,22.68,25.299999,40.219997,31.529999,42.5,12.0,5.208
2021-03-25 14:15:00+01:00,24.76,24.164999,21.5,22.619999,26.299999,40.439999,31.26,40.0,13.0,5.22
2021-03-25 14:30:00+01:00,24.91,24.07,21.5,22.76,26.299999,39.790001,31.26,40.0,14.0,5.232
2021-03-25 14:45:00+01:00,24.465,24.1,21.5,22.48,26.299999,40.040001,31.099998,40.0,13.0,5.232
2021-03-25 15:00:00+01:00,24.939999,24.154999,21.5,22.779999,27.299999,39.869999,30.779999,40.66666667,12.0,5.232
2021-03-25 15:15:00+01:00,25.334999,24.144999,21.5,23.08,26.299999,39.309998,31.019999,41.33333333,13.0,5.136
2021-03-25 15:30:00+01:00,25.445,24.285,21.5,23.24,27.299999,39.59,31.039999,42.0,13.0,5.184
2021-03-25 15:45:00+01:00,25.445,24.285,21.5,22.799999,25.299999,39.369999,31.119999,42.66666667,13.0,5.148
2021-03-25 16:00:00+01:00,25.234999,24.365,21.5,23.119999,26.299999,39.259998,30.84,43.33333333,14.0,5.208
2021-03-25 16:15:00+01:00,25.334999,24.365,21.5,23.199999,26.299999,39.309998,30.879999,44.0,12.0,5.22
2021-03-25 16:30:00+01:00,25.564999,24.355,21.5,23.379999,26.299999,38.899998,30.799999,44.66666667,13.0,5.208
2021-03-25 16:45:00+01:00,25.57,24.355,21.5,23.4,26.299999,38.700001,30.519999,45.33333333,13.0,5.232
2021-03-25 17:00:00+01:00,24.539999,24.41,21.5,22.359999,25.299999,39.799999,30.349998,46.0,13.0,5.196
2021-03-25 17:15:00+01:00,24.309999,24.379999,21.5,22.42,25.299999,39.98,30.48,46.66666667,13.0,5.244
2021-03-25 17:30:00+01:00,23.74,24.369999,21.5,21.879999,24.299999,40.860001,30.32,47.33333333,12.0,5.196
2021-03-25 17:45:00+01:00,23.725,24.369999,21.5,21.939999,24.299999,40.989998,30.41,48.0,14.0,5.232
2021-03-25 18:00:00+01:00,23.564999,24.355,21.5,21.26,23.299999,41.27,30.519999,50.0,13.0,5.208
2021-03-25 18:15:00+01:00,23.144999,24.41,21.5,21.039999,21.299999,41.48,30.349998,52.0,13.0,5.256
2021-03-25 18:30:00+01:00,25.08,24.58,21.5,22.939999,21.299999,38.989998,30.0,51.5,13.0,5.172
2021-03-25 18:45:00+01:00,25.32,24.519999,21.5,23.18,21.299999,38.91,30.099998,51.0,13.0,5.184
2021-03-25 19:00:00+01:00,25.314999,24.494999,21.5,23.1,20.299999,39.279999,30.099998,55.0,13.0,5.178
2021-03-25 19:15:00+01:00,25.144999,24.34,21.5,22.959999,19.299999,40.700001,30.879999,59.0,13.0,5.172
2021-03-25 19:30:00+01:00,24.93,24.129999,21.5,22.799999,19.299999,41.509998,31.74,65.5,13.0,5.232
2021-03-25 20:00:00+01:00,24.439999,24.129999,21.5,22.32,18.299999,43.809998,33.739998,71.75,13.0,5.112
2021-03-26 06:15:00+01:00,21.42,22.73,21.5,19.619999,12.3,46.899998,32.59,81.0,9.0,5.16
2021-03-26 06:30:00+01:00,21.289999,22.66,21.5,19.459999,12.3,47.209999,33.399998,78.5,13.0,5.1
2021-03-26 06:45:00+01:00,21.27,22.6,21.5,19.359999,12.3,47.450001,33.939999,76.0,12.0,5.28
2021-03-26 07:00:00+01:00,21.139999,22.559999,21.5,19.24,12.3,47.16,34.139999,78.5,13.0,5.1
2021-03-26 07:15:00+01:00,21.0,22.529999,21.5,19.059999,12.3,47.529999,34.290001,81.0,13.0,5.088
2021-03-26 07:30:00+01:00,20.99,22.5,21.5,19.059999,11.3,47.329998,34.419998,81.0,12.0,5.184
2021-03-26 07:45:00+01:00,20.955,22.459999,21.5,19.02,11.3,46.829998,34.389999,81.0,14.0,5.148
2021-03-26 08:00:00+01:00,20.939999,22.449999,21.5,19.0,11.3,46.34,34.189999,81.5,12.0,5.124
2021-03-26 08:15:00+01:00,20.914999,22.445,21.5,18.98,11.3,46.639999,34.169998,82.0,13.0,5.112
2021-03-26 08:30:00+01:00,20.895,22.43,21.5,18.959999,12.3,46.969997,34.290001,82.0,13.0,5.112
2021-03-26 08:45:00+01:00,20.98,22.424999,21.5,19.08,12.3,47.02,34.32,82.0,12.0,5.1
2021-03-26 09:00:00+01:00,21.154999,22.434999,21.5,19.24,14.3,46.119999,34.349998,82.0,13.0,5.136
2021-03-26 09:15:00+01:00,21.18,22.449999,21.5,19.26,15.3,45.419998,34.169998,82.0,13.0,5.052
2021-03-26 09:30:00+01:00,21.41,22.559999,21.5,19.5,15.3,45.189999,34.189999,79.5,14.0,5.112
2021-03-26 09:45:00+01:00,21.689999,22.67,21.5,19.799999,16.299999,44.669998,34.079998,77.0,12.0,5.136
2021-03-26 10:00:00+01:00,21.895,22.67,21.5,19.92,17.299999,44.329998,34.079998,74.5,13.0,5.124
2021-03-26 10:15:00+01:00,22.07,22.74,21.5,20.119999,18.299999,44.450001,34.119999,72.0,13.0,5.184
2021-03-26 10:45:00+01:00,22.4,22.959999,21.5,20.459999,18.299999,44.860001,34.649998,67.0,13.0,5.1
2021-03-26 11:00:00+01:00,22.65,23.039999,21.5,20.639999,18.299999,44.93,34.84,67.0,13.0,5.148
2021-03-26 11:15:00+01:00,22.754999,23.164999,21.5,20.74,18.299999,45.599998,34.969997,67.0,14.0,5.184
2021-03-26 11:30:00+01:00,22.955,23.254999,21.5,20.959999,19.299999,45.360001,35.290001,67.0,12.0,5.148
2021-03-26 11:45:00+01:00,23.055,23.299999,21.5,21.059999,19.299999,45.48,35.439999,67.0,13.0,5.184
2021-03-26 12:00:00+01:00,23.459999,23.41,21.5,21.4,21.299999,45.299999,35.57,63.0,12.0,5.016
2021-03-26 12:15:00+01:00,21.615,23.594999,21.5,20.52,21.299999,48.18,35.450001,59.0,13.0,5.256
2021-03-26 12:30:00+01:00,21.949999,23.664999,21.5,19.34,22.299999,47.709999,35.52,58.0,13.0,5.22
2021-03-26 12:45:00+01:00,21.67,23.73,21.5,19.539999,23.299999,48.739998,35.709999,57.0,13.0,5.22
2021-03-26 13:00:00+01:00,21.719999,23.775,21.5,19.66,24.299999,48.879997,35.869999,56.0,14.0,5.196
2021-03-26 13:15:00+01:00,22.26,23.865,21.5,20.08,24.299999,48.360001,35.869999,55.0,12.0,5.22
2021-03-26 13:30:00+01:00,22.16,23.934999,21.5,20.26,23.299999,48.829998,35.969997,55.0,13.0,5.244
2021-03-26 13:45:00+01:00,22.189999,24.025,21.5,20.619999,25.299999,49.189999,36.16,55.0,13.0,5.184
2021-03-26 14:00:00+01:00,24.635,24.035,21.5,22.48,26.200001,45.139999,36.23,55.0,13.0,5.196
2021-03-26 14:15:00+01:00,22.58,24.234999,21.5,20.139999,24.1,47.939999,36.040001,55.0,13.0,5.136
2021-03-26 14:30:00+01:00,22.504999,24.33,21.5,20.08,23.9,48.119999,35.84,53.5,14.0,5.184
2021-03-26 14:45:00+01:00,24.129999,24.26,21.5,22.24,21.9,45.259998,35.899998,52.0,13.0,5.22
2021-03-26 15:00:00+01:00,24.594999,24.33,21.5,22.439999,20.9,44.799999,35.739998,52.0,12.0,5.148
2021-03-26 15:15:00+01:00,24.639999,24.475,21.5,22.5,21.9,44.27,35.549999,52.0,13.0,5.232
2021-03-26 15:30:00+01:00,24.9,24.615,21.5,22.779999,21.9,43.93,35.27,52.0,13.0,5.208
2021-03-26 15:45:00+01:00,24.93,24.639999,21.5,22.82,20.9,44.219997,35.309998,52.0,13.0,5.208
2021-03-26 16:00:00+01:00,24.889999,24.764999,21.5,22.779999,20.9,43.939999,35.309998,52.0,14.0,5.112
2021-03-26 16:15:00+01:00,24.99,24.719999,21.5,22.879999,20.9,43.32,35.23,52.0,12.0,5.22
2021-03-26 16:30:00+01:00,25.219999,24.769999,21.5,23.08,21.9,42.469997,34.75,53.5,13.0,5.196
2021-03-26 16:45:00+01:00,25.279999,24.769999,21.5,23.16,21.9,42.079998,34.48,55.0,13.0,5.184
2021-03-26 17:00:00+01:00,25.279999,24.769999,21.5,23.119999,20.9,41.489998,34.219997,55.0,13.0,5.184
2021-03-26 17:15:00+01:00,25.32,24.769999,21.5,23.16,22.9,41.969997,34.09,55.0,13.0,5.16
2021-03-26 17:30:00+01:00,25.289999,24.82,21.5,23.139999,20.9,42.619999,33.84,57.0,12.0,5.232
2021-03-26 17:45:00+01:00,25.135,24.769999,21.5,22.98,19.9,42.739998,34.25,59.0,14.0,5.148
2021-03-26 18:00:00+01:00,25.09,24.769999,21.5,22.939999,18.9,42.989998,34.32,59.0,13.0,5.232
2021-03-26 18:15:00+01:00,24.969999,24.629999,21.5,22.84,18.9,41.27,34.059998,59.0,13.0,5.184
2021-03-26 18:30:00+01:00,24.865,24.6,21.5,22.719999,18.9,42.799999,33.790001,59.0,13.0,5.172
2021-03-26 18:45:00+01:00,24.779999,24.539999,21.5,22.639999,18.9,43.279999,34.079998,59.0,12.0,5.244
2021-03-26 19:00:00+01:00,24.734999,24.469999,21.5,22.6,17.9,43.34,34.349998,61.0,13.0,5.232
2021-03-26 19:15:00+01:00,24.639999,24.529999,21.5,22.539999,17.9,43.5,34.380001,63.0,14.0,5.16
2021-03-26 19:30:00+01:00,24.5,24.41,21.5,22.379999,17.9,44.119999,34.57,63.0,13.0,5.22
2021-03-26 19:45:00+01:00,24.34,24.295,21.5,22.24,17.9,44.700001,34.84,63.0,12.0,5.16
2021-03-26 20:00:00+01:00,24.24,24.215,21.5,22.139999,17.9,45.099998,35.079998,65.0,13.0,5.136
2021-03-27 06:15:00+01:00,22.275,22.99,21.5,20.48,13.9,49.379997,35.919998,93.0,10.0,5.136
2021-03-27 06:30:00+01:00,22.33,22.959999,21.5,20.379999,12.9,49.779999,36.68,90.0,12.0,5.112
2021-03-27 06:45:00+01:00,22.344999,22.93,21.5,20.4,12.9,50.469997,37.27,87.0,13.0,5.052
2021-03-27 07:00:00+01:00,22.25,22.93,21.5,20.299999,12.9,50.66,37.709999,90.0,13.0,5.112
2021-03-27 07:15:00+01:00,22.08,22.92,21.5,20.08,12.9,50.869999,38.040001,93.0,12.0,5.136
2021-03-27 07:30:00+01:00,21.965,22.875,21.5,19.98,13.9,50.989998,38.349998,90.0,13.0,5.16
2021-03-27 07:45:00+01:00,22.02,22.84,21.5,20.039999,13.9,51.559998,38.649998,87.0,14.0,5.16
2021-03-27 08:00:00+01:00,21.939999,22.83,21.5,19.939999,13.9,51.02,38.719997,87.0,12.0,5.136
2021-03-27 08:15:00+01:00,21.889999,22.809999,21.5,19.939999,13.9,50.789997,38.779999,87.0,13.0,5.16
2021-03-27 08:30:00+01:00,22.039999,22.799999,21.5,20.08,14.9,51.18,38.879997,87.5,13.0,5.1
2021-03-27 08:45:00+01:00,22.109999,22.799999,21.5,20.139999,14.9,50.899998,38.939999,88.0,12.0,5.16
2021-03-27 09:00:00+01:00,22.09,22.799999,21.5,20.119999,14.9,50.959999,39.009998,85.0,13.0,5.124
2021-03-27 09:15:00+01:00,22.07,22.799999,21.5,20.059999,14.9,51.25,39.079998,82.0,13.0,5.196
2021-03-27 09:30:00+01:00,22.18,22.809999,21.5,20.199999,14.9,50.899998,39.139999,77.0,12.0,5.16
2021-03-27 09:45:00+01:00,22.299999,22.809999,21.5,20.359999,14.9,50.439999,39.169998,72.0,14.0,5.172
2021-03-27 10:00:00+01:00,22.4,22.809999,21.5,20.42,14.9,50.219997,39.209999,74.5,13.0,5.112
2021-03-27 10:15:00+01:00,22.375,22.82,21.5,20.4,15.9,50.84,39.279999,77.0,13.0,5.124
2021-03-27 10:30:00+01:00,22.375,22.83,21.5,20.4,16.9,50.48,39.25,74.5,12.0,5.16
2021-03-27 10:45:00+01:00,22.5,22.84,21.5,20.52,16.9,50.34,39.309998,72.0,13.0,5.16
2021-03-27 11:00:00+01:00,22.644999,22.859999,21.5,20.639999,16.9,50.629997,39.349998,69.5,12.0,5.124
2021-03-27 11:15:00+01:00,22.855,22.894999,21.5,20.9,19.9,49.68,39.329998,67.0,13.0,5.22
2021-03-27 11:30:00+01:00,22.02,22.93,21.5,19.58,21.9,51.039997,39.309998,67.0,14.0,5.172
2021-03-27 11:45:00+01:00,20.254999,22.879999,21.5,18.76,21.799999,54.529999,39.309998,67.0,13.0,5.16
2021-03-27 12:00:00+01:00,20.754999,22.809999,21.5,19.299999,22.799999,52.779999,39.41,65.0,13.0,5.172
2021-03-27 12:15:00+01:00,20.744999,22.809999,21.5,19.24,24.799999,53.16,39.219997,63.0,12.0,5.148
2021-03-27 12:30:00+01:00,22.33,22.879999,21.5,20.34,23.799999,50.219997,39.299999,61.0,13.0,5.16
2021-03-27 12:45:00+01:00,23.615,23.019999,21.5,21.68,25.799999,47.689999,39.07,59.0,12.0,5.088
2021-03-27 13:00:00+01:00,22.109999,23.18,21.5,19.66,22.799999,49.579998,38.719997,59.0,13.0,5.076
2021-03-27 13:15:00+01:00,22.029999,23.254999,21.5,20.559999,20.799999,49.559998,38.509998,59.0,14.0,5.196
2021-03-27 13:30:00+01:00,22.369999,23.275,21.5,21.1,20.799999,48.709999,38.25,55.5,13.0,5.076
2021-03-27 13:45:00+01:00,21.629999,23.275,21.5,20.02,23.799999,50.700001,38.07,52.0,12.0,5.112
2021-03-27 14:00:00+01:00,23.934999,23.285,21.5,21.959999,27.799999,46.579998,38.040001,53.5,13.0,5.196
2021-03-27 14:15:00+01:00,24.699999,23.355,21.5,22.6,27.799999,45.34,37.899998,55.0,13.0,5.184
2021-03-27 14:30:00+01:00,23.939999,23.424999,21.5,21.619999,25.799999,46.039997,37.57,53.5,12.0,5.124
2021-03-27 14:45:00+01:00,25.32,23.49,21.5,23.18,25.6,43.489998,37.32,52.0,13.0,5.184
2021-03-27 15:00:00+01:00,25.059999,23.564999,21.5,22.92,26.6,42.18,36.68,55.5,14.0,5.112
2021-03-29 05:15:00+02:00,22.285,22.555,21.5,20.5,15.1,50.049999,38.529999,76.0,8.0,5.076
2021-03-29 05:30:00+02:00,22.355,22.549999,21.5,20.459999,15.1,49.849998,38.93,76.0,13.0,5.076
2021-03-29 05:45:00+02:00,22.32,22.525,21.5,20.359999,15.1,49.739998,39.129997,76.0,12.0,5.064
2021-03-29 06:00:00+02:00,22.275,22.51,21.5,20.32,14.1,50.16,39.329998,78.5,14.0,5.052
2021-03-29 06:15:00+02:00,22.209999,22.49,21.5,20.24,14.1,49.59,39.299999,81.0,12.0,5.088
2021-03-29 06:45:00+02:00,22.059999,22.439999,21.5,20.119999,13.1,48.889999,39.099998,81.0,12.0,5.052
2021-03-29 07:00:00+02:00,21.98,22.424999,21.5,20.02,12.1,49.360001,39.0,76.0,13.0,5.052
2021-03-29 07:15:00+02:00,21.789999,22.4,21.5,19.84,13.1,49.139999,38.939999,71.0,12.0,5.052
2021-03-29 07:30:00+02:00,21.74,22.369999,21.5,19.82,13.1,48.649998,38.84,76.0,13.0,5.028
2021-03-29 07:45:00+02:00,21.68,22.34,21.5,19.74,13.1,49.129997,38.66,81.0,12.0,5.076
2021-03-29 08:15:00+02:00,21.75,22.309999,21.5,19.82,13.1,49.34,38.669998,76.0,12.0,5.1
2021-03-29 08:30:00+02:00,21.744999,22.309999,21.5,19.779999,13.1,49.399998,38.700001,73.5,14.0,5.112
2021-03-29 08:45:00+02:00,21.709999,22.309999,21.5,19.76,13.1,50.009998,38.879997,71.0,13.0,5.064
2021-03-29 09:00:00+02:00,21.709999,22.299999,21.5,19.779999,13.1,49.610001,38.939999,69.0,12.0,5.1
2021-03-29 09:15:00+02:00,21.629999,22.285,21.5,19.699999,13.1,49.719997,39.009998,67.0,13.0,5.088
2021-03-29 09:30:00+02:00,21.66,22.275,21.5,19.74,13.1,49.119999,38.84,65.0,13.0,5.124
2021-03-29 09:45:00+02:00,21.605,22.275,21.5,19.719999,13.1,48.189999,38.59,63.0,12.0,5.04
2021-03-29 10:00:00+02:00,21.574999,22.264999,21.5,19.639999,13.1,48.09,38.360001,59.0,13.0,5.112
2021-03-29 10:15:00+02:00,21.6,22.264999,21.5,19.639999,14.1,48.289997,38.16,55.0,14.0,5.088
2021-03-29 10:30:00+02:00,21.68,22.285,21.5,19.799999,16.1,46.98,37.860001,57.0,12.0,5.088
2021-03-29 10:45:00+02:00,21.879999,22.35,21.5,19.959999,16.1,46.049999,37.639999,59.0,13.0,5.124
2021-03-29 11:15:00+02:00,22.275,22.35,21.5,20.34,19.1,46.299999,37.259998,51.0,13.0,5.076
2021-03-29 11:30:00+02:00,22.4,22.449999,21.5,20.5,20.1,45.129997,37.07,49.5,13.0,5.124
2021-03-29 11:45:00+02:00,22.615,22.5,21.5,20.68,20.1,45.189999,36.739998,48.0,12.0,5.076
2021-03-29 12:00:00+02:00,22.955,22.699999,21.5,20.98,20.1,45.200001,36.59,48.0,13.0,5.148
2021-03-29 12:15:00+02:00,22.965,22.68,21.5,20.959999,20.1,44.77,36.579998,48.0,12.0,5.124
2021-03-29 12:30:00+02:00,20.695,22.85,21.5,18.440001,23.1,49.450001,36.68,50.0,14.0,5.1
2021-03-29 12:45:00+02:00,20.605,22.93,21.5,18.52,24.1,49.98,36.77,52.0,13.0,5.124
2021-03-29 13:00:00+02:00,23.094999,23.0,21.5,21.219999,25.1,46.16,37.009998,50.5,12.0,5.076
2021-03-29 13:15:00+02:00,21.889999,23.039999,21.5,19.48,24.1,48.439999,37.349998,49.0,13.0,5.184
2021-03-29 13:30:00+02:00,21.744999,23.164999,21.5,19.48,25.1,48.739998,37.360001,47.5,13.0,5.076
2021-03-29 13:45:00+02:00,23.66,23.26,21.5,21.76,26.1,45.419998,37.459999,46.0,12.0,5.172
2021-03-29 14:00:00+02:00,24.18,23.4,21.5,22.199999,26.9,45.129997,37.259998,44.5,13.0,5.148
2021-03-29 14:15:00+02:00,24.379999,23.51,21.5,22.26,26.9,44.32,37.130001,43.0,14.0,5.148
2021-03-29 14:30:00+02:00,24.559999,23.59,21.5,22.48,25.9,44.709999,37.130001,41.5,12.0,5.184
2021-03-29 14:45:00+02:00,25.029999,23.615,21.5,22.959999,25.9,44.079998,37.25,40.0,13.0,5.16
2021-03-29 15:00:00+02:00,25.014999,23.715,21.5,22.84,27.9,44.02,37.16,40.0,13.0,5.148
2021-03-29 15:15:00+02:00,25.404999,23.764999,21.5,23.199999,26.9,43.18,37.07,40.0,13.0,5.16
2021-03-29 15:30:00+02:00,25.25,23.934999,21.5,23.08,28.9,43.200001,36.66,40.0,12.0,5.088
2021-03-29 15:45:00+02:00,25.449999,23.975,21.5,23.34,27.9,42.759998,36.489998,40.0,13.0,5.148
2021-03-29 16:00:00+02:00,25.974998,24.045,21.5,23.82,28.9,41.879997,36.02,37.5,14.0,5.16
2021-03-29 16:15:00+02:00,26.084999,24.135,21.5,24.0,28.9,41.469997,35.649998,35.0,12.0,5.208
2021-03-29 16:30:00+02:00,26.135,24.215,21.5,23.859999,27.9,41.279999,35.419998,35.0,13.0,5.028
2021-03-29 16:45:00+02:00,26.135,24.385,21.5,23.9,28.9,40.189999,35.219997,35.0,13.0,5.172
2021-03-29 17:00:00+02:00,26.334999,24.619999,21.5,24.119999,27.9,41.149998,35.16,34.0,13.0,5.184
2021-03-29 17:15:00+02:00,26.535,24.715,21.5,24.299999,29.9,40.790001,34.829998,33.0,13.0,5.148
2021-03-29 17:30:00+02:00,26.684999,24.76,21.5,24.439999,28.9,39.48,34.5,35.5,12.0,5.112
2021-03-29 17:45:00+02:00,26.644999,24.769999,21.5,24.4,28.9,39.360001,34.219997,38.0,14.0,5.22
2021-03-29 18:00:00+02:00,26.545,24.769999,21.5,24.34,28.9,39.799999,33.84,36.5,13.0,5.232
2021-03-29 18:15:00+02:00,26.635,24.769999,21.5,24.459999,27.9,39.66,33.719997,35.0,13.0,5.22
2021-03-29 18:30:00+02:00,26.68,24.769999,21.5,24.48,27.9,39.119999,33.52,37.5,12.0,5.22
2021-03-29 18:45:00+02:00,26.73,24.769999,21.5,24.5,28.9,38.739998,33.399998,40.0,13.0,5.184
2021-03-29 19:00:00+02:00,26.764999,24.769999,21.5,24.539999,28.9,38.299999,33.09,39.0,13.0,5.208
2021-03-29 19:15:00+02:00,26.805,24.769999,21.5,24.559999,27.9,38.25,32.84,38.0,14.0,5.22
2021-03-29 19:30:00+02:00,26.799999,24.769999,21.5,24.58,27.9,37.869999,32.57,40.5,13.0,5.04
2021-03-29 19:45:00+02:00,26.764999,24.769999,21.5,24.519999,27.9,37.43,32.040001,43.0,13.0,5.16
2021-03-29 20:00:00+02:00,26.914999,24.769999,21.5,24.68,26.9,37.309998,31.73,43.0,13.0,5.16
2021-03-29 20:15:00+02:00,26.82,24.769999,21.5,24.58,26.9,37.309998,31.529999,43.0,12.0,5.16
2021-03-29 20:30:00+02:00,25.939999,24.76,21.5,23.539999,25.9,38.079998,31.349998,43.0,13.0,5.16
2021-03-29 20:45:00+02:00,25.49,24.615,21.5,23.219999,24.9,38.32,31.23,43.0,12.0,5.184
2021-03-29 21:00:00+02:00,25.279999,24.519999,21.5,22.98,23.9,38.68,31.289999,45.5,14.0,5.16
2021-03-30 07:15:00+02:00,22.725,22.99,21.5,20.939999,14.9,46.129997,36.139999,76.0,9.0,5.088
2021-03-30 07:30:00+02:00,22.795,23.0,21.5,20.879999,14.9,45.829998,36.139999,76.0,14.0,5.112
2021-03-30 07:45:00+02:00,22.699999,22.98,21.5,20.799999,14.9,45.829998,36.169998,76.0,12.0,5.1
2021-03-30 08:00:00+02:00,22.699999,22.955,21.5,20.779999,14.9,46.23,36.209999,73.5,13.0,5.1
2021-03-30 08:15:00+02:00,22.83,22.934999,21.5,20.859999,13.9,45.57,36.239998,71.0,12.0,5.136
2021-03-30 08:30:00+02:00,22.619999,22.93,21.5,20.639999,13.9,45.509998,36.169998,69.0,13.0,5.136
2021-03-30 08:45:00+02:00,22.549999,22.9,21.5,20.58,13.9,45.849998,36.099998,67.0,12.0,5.1
2021-03-30 09:00:00+02:00,22.42,22.869999,21.5,20.459999,12.9,45.52,36.029999,61.0,13.0,5.148
2021-03-30 09:15:00+02:00,22.449999,22.84,21.5,20.52,13.9,45.16,35.889999,55.0,13.0,5.184
2021-03-30 09:30:00+02:00,22.394999,22.83,21.5,20.42,13.9,45.459999,35.829998,57.0,12.0,5.064
2021-03-30 09:45:00+02:00,22.369999,22.809999,21.5,20.42,13.9,45.73,35.829998,59.0,14.0,5.148
2021-03-30 10:00:00+02:00,22.41,22.799999,21.5,20.5,13.9,45.389999,35.829998,57.0,13.0,5.148
2021-03-30 10:15:00+02:00,22.549999,22.809999,21.5,20.6,14.9,45.18,35.82,55.0,13.0,5.256
2021-03-30 10:30:00+02:00,22.699999,22.84,21.5,20.699999,16.9,45.309998,35.719997,53.5,12.0,5.088
2021-03-30 10:45:00+02:00,22.834999,22.92,21.5,20.9,16.9,44.84,35.84,52.0,13.0,5.16
2021-03-30 11:00:00+02:00,22.945,22.93,21.5,20.959999,18.9,44.259998,35.779999,52.0,13.0,5.16
2021-03-30 11:15:00+02:00,23.289999,23.014999,21.5,21.299999,20.9,44.200001,35.700001,52.0,12.0,5.112
2021-03-30 11:30:00+02:00,21.93,23.109999,21.5,19.68,21.9,46.279999,35.790001,52.0,14.0,5.124
2021-03-30 11:45:00+02:00,21.055,23.119999,21.5,19.6,22.9,48.209999,35.93,52.0,13.0,5.136
2021-03-30 12:00:00+02:00,21.025,23.08,21.5,19.58,23.9,48.669998,36.259998,50.5,13.0,5.124
2021-03-30 12:15:00+02:00,21.334999,23.17,21.5,19.82,24.9,48.789997,36.450001,49.0,12.0,5.076
2021-03-30 12:30:00+02:00,22.109999,23.26,21.5,20.119999,24.9,47.59,36.59,47.5,13.0,5.196
2021-03-30 12:45:00+02:00,23.494999,23.355,21.5,21.039999,24.9,45.360001,36.639999,46.0,13.0,5.16
2021-03-30 13:00:00+02:00,24.66,23.51,21.5,22.559999,25.9,43.790001,36.669998,46.0,12.0,5.208
2021-03-30 13:15:00+02:00,24.75,23.684999,21.5,22.66,25.9,43.469997,36.52,46.0,14.0,5.028
2021-03-30 13:30:00+02:00,25.269999,23.814999,21.5,23.16,25.9,43.079998,36.369999,44.5,13.0,5.172
2021-03-30 13:45:00+02:00,25.449999,23.945,21.5,23.32,26.9,42.549999,36.290001,43.0,13.0,5.184
2021-03-30 14:00:00+02:00,25.529999,24.059999,21.5,23.439999,28.9,42.469997,36.099998,42.0,12.0,5.184
2021-03-30 14:15:00+02:00,25.965,24.195,21.5,23.799999,27.9,42.129997,36.009998,41.0,13.0,5.244
2021-03-30 14:30:00+02:00,25.9,24.285,21.5,23.74,28.9,41.77,35.790001,41.0,13.0,5.136
2021-03-30 14:45:00+02:00,26.099998,24.334999,21.5,23.92,29.9,41.040001,35.5,41.0,14.0,5.16
2021-03-30 15:00:00+02:00,26.184999,24.439999,21.5,23.98,29.9,41.219997,35.149998,38.5,13.0,5.232
2021-03-30 15:15:00+02:00,26.555,24.769999,21.5,24.32,30.9,40.790001,34.610001,36.0,12.0,5.208
2021-03-30 15:30:00+02:00,26.484999,24.629999,21.5,24.26,30.9,40.860001,34.739998,37.0,13.0,5.148
2021-03-30 15:45:00+02:00,26.654999,24.615,21.5,24.4,30.9,41.209999,34.860001,38.0,13.0,5.148
2021-03-30 16:00:00+02:00,26.885,24.769999,21.5,24.66,30.9,40.950001,34.950001,37.0,13.0,5.196
2021-03-30 16:15:00+02:00,26.924999,24.859999,21.5,24.68,30.9,40.889999,34.880001,36.0,12.0,5.232
2021-03-30 16:30:00+02:00,27.224998,25.0,21.5,25.019999,31.9,40.579998,34.829998,36.0,14.0,5.232
2021-03-30 16:45:00+02:00,27.254999,25.144999,21.5,24.98,31.9,40.579998,34.649998,36.0,13.0,5.172
2021-03-30 17:00:00+02:00,27.385,25.269999,21.5,25.16,31.9,40.73,34.450001,35.0,13.0,5.172
2021-03-30 17:15:00+02:00,27.639999,25.4,21.5,25.42,31.9,40.32,34.34,34.0,13.0,5.136
2021-03-30 17:30:00+02:00,27.65,25.459999,21.5,25.379999,31.799999,39.989998,34.349998,34.0,12.0,5.172
2021-03-30 17:45:00+02:00,27.799999,25.469999,21.5,25.519999,31.799999,39.66,34.079998,34.0,13.0,5.16
2021-03-30 18:00:00+02:00,27.869999,25.475,21.5,25.599998,30.799999,39.700001,33.899998,35.0,14.0,5.172
2021-03-30 18:15:00+02:00,27.945,25.504999,21.5,25.66,31.799999,39.549999,33.829998,36.0,13.0,5.208
2021-03-30 18:30:00+02:00,27.799999,25.539999,21.5,25.5,31.799999,39.629997,33.75,40.0,13.0,5.136
2021-03-30 18:45:00+02:00,27.889999,25.545,21.5,25.599998,30.799999,39.419998,33.66,44.0,12.0,5.172
2021-03-30 19:00:00+02:00,27.889999,25.549999,21.5,25.639999,30.799999,39.32,33.509998,41.0,13.0,5.196
2021-03-30 19:15:00+02:00,27.92,25.619999,21.5,25.619999,30.799999,39.239998,33.18,38.0,12.0,5.16
2021-03-30 19:30:00+02:00,27.939999,25.619999,21.5,25.699999,29.799999,39.32,33.119999,38.0,13.0,5.124
2021-03-30 19:45:00+02:00,27.91,25.599998,21.5,25.639999,29.799999,39.290001,33.149998,38.0,14.0,5.148
2021-03-30 20:00:00+02:00,27.939999,25.59,21.5,25.699999,29.799999,39.079998,33.119999,39.0,13.0,5.154
2021-03-30 20:15:00+02:00,27.859999,25.629999,21.5,25.619999,27.799999,38.919998,32.809998,40.0,13.0,5.16
2021-03-30 20:30:00+02:00,27.83,25.594999,21.5,25.58,27.799999,39.029999,32.790001,42.5,12.0,5.148
2021-03-30 20:45:00+02:00,27.055,25.519999,21.5,24.68,26.799999,39.799999,32.950001,45.0,13.0,5.184
2021-03-30 21:00:00+02:00,26.695,25.4,21.5,24.359999,25.799999,39.950001,33.059998,47.0,13.0,5.148
2021-03-31 07:15:00+02:00,23.555,23.48,21.5,21.719999,15.8,45.09,36.290001,62.0,9.0,5.076
2021-03-31 07:30:00+02:00,23.615,23.519999,21.5,21.66,15.8,44.93,36.059998,64.0,12.0,5.124
2021-03-31 07:45:00+02:00,23.535,23.494999,21.5,21.539999,15.8,44.889999,36.0,66.0,13.0,5.088
2021-03-31 08:00:00+02:00,23.545,23.48,21.5,21.539999,15.8,44.959999,35.939999,64.0,12.0,5.112
2021-03-31 08:15:00+02:00,23.455,23.459999,21.5,21.48,15.8,45.129997,35.899998,62.0,14.0,5.208
2021-03-31 08:30:00+02:00,23.42,23.439999,21.5,21.439999,14.8,44.559998,35.84,64.5,13.0,5.16
2021-03-31 08:45:00+02:00,23.379999,23.424999,21.5,21.34,14.8,44.599998,35.700001,67.0,12.0,5.172
2021-03-31 09:00:00+02:00,23.359999,23.404999,21.5,21.34,14.8,45.599998,35.809998,65.0,13.0,5.148
2021-03-31 09:15:00+02:00,23.299999,23.4,21.5,21.299999,14.8,45.48,35.939999,63.0,13.0,5.148
2021-03-31 09:30:00+02:00,23.264999,23.379999,21.5,21.24,14.8,45.739998,36.099998,59.0,13.0,5.208
2021-03-31 09:45:00+02:00,23.299999,23.369999,21.5,21.279999,14.8,46.34,36.219997,55.0,12.0,5.052
2021-03-31 10:00:00+02:00,23.299999,23.35,21.5,21.279999,15.8,46.309998,36.389999,53.5,14.0,5.184
2021-03-31 10:15:00+02:00,23.375,23.35,21.5,21.359999,16.799999,46.029999,36.579998,52.0,13.0,5.112
2021-03-31 10:30:00+02:00,23.49,23.369999,21.5,21.48,18.799999,45.82,36.59,52.0,13.0,5.16
2021-03-31 10:45:00+02:00,23.715,23.4,21.5,21.719999,18.799999,44.93,36.369999,52.0,12.0,5.184
2021-03-31 11:00:00+02:00,23.955,23.469999,21.5,21.9,19.799999,44.439999,36.369999,50.5,13.0,5.184
2021-03-31 11:15:00+02:00,24.144999,23.559999,21.5,22.08,21.799999,45.25,36.57,49.0,13.0,5.208
2021-03-31 11:30:00+02:00,22.219999,23.66,21.5,20.6,22.799999,48.779999,36.809998,47.5,12.0,5.16
2021-03-31 11:45:00+02:00,21.674999,23.59,21.5,20.16,23.799999,50.700001,37.32,46.0,14.0,5.184
2021-03-31 12:00:00+02:00,21.949999,23.625,21.5,20.4,24.799999,49.779999,37.450001,47.5,13.0,5.184
2021-03-31 12:15:00+02:00,22.16,23.689999,21.5,20.74,25.799999,48.860001,37.610001,49.0,13.0,5.22
2021-03-31 12:30:00+02:00,24.775,23.824999,21.5,22.779999,26.799999,44.43,37.369999,46.0,13.0,5.16
2021-03-31 12:45:00+02:00,25.189999,24.029999,21.5,23.1,26.799999,43.66,36.959999,43.0,12.0,5.208
2021-03-31 13:00:00+02:00,24.93,24.17,21.5,22.98,26.799999,44.239998,36.68,43.0,13.0,5.232
2021-03-31 13:15:00+02:00,25.59,24.225,21.5,23.439999,26.799999,43.799999,36.68,43.0,14.0,5.16
2021-03-31 13:30:00+02:00,25.775,24.334999,21.5,23.699999,27.799999,43.52,36.759998,43.0,13.0,5.208
2021-03-31 13:45:00+02:00,26.139999,24.404999,21.5,23.92,27.799999,43.27,36.759998,43.0,13.0,5.196
2021-03-31 14:00:00+02:00,26.01,24.494999,21.5,23.9,28.799999,43.75,36.919998,42.0,12.0,5.172
2021-03-31 14:15:00+02:00,26.494999,24.584999,21.5,24.279999,28.799999,43.34,36.969997,41.0,13.0,5.16
2021-03-31 14:30:00+02:00,26.344999,24.76,21.5,24.139999,29.799999,44.219997,37.07,42.0,13.0,5.232
2021-03-31 14:45:00+02:00,26.385,24.924999,21.5,24.18,29.799999,44.700001,37.02,43.0,14.0,5.208
2021-03-31 15:00:00+02:00,26.555,25.025,21.5,24.34,29.799999,44.119999,37.239998,40.5,12.0,5.16
2021-03-31 15:15:00+02:00,26.93,25.074999,21.5,24.799999,30.799999,43.419998,37.18,38.0,13.0,5.16
2021-03-31 15:30:00+02:00,26.965,25.18,21.5,24.74,31.799999,43.629997,37.059998,39.5,13.0,5.16
2021-03-31 15:45:00+02:00,27.504999,25.125,21.5,25.299999,30.799999,42.669998,37.0,41.0,13.0,5.124
2021-03-31 16:00:00+02:00,27.269999,25.264999,21.5,25.019999,31.799999,41.889999,36.619999,39.5,12.0,5.136
2021-03-31 16:15:00+02:00,27.504999,25.389999,21.5,25.34,30.799999,42.139999,36.349998,38.0,13.0,5.124
2021-03-31 16:30:00+02:00,27.684999,25.369999,21.5,25.379999,29.799999,41.829998,36.389999,39.5,14.0,5.172
2021-03-31 16:45:00+02:00,27.719999,25.594999,21.5,25.5,31.799999,41.93,36.0,41.0,12.0,5.172
2021-03-31 17:00:00+02:00,27.939999,25.699999,21.5,25.66,31.799999,41.91,36.02,39.5,13.0,5.172
2021-03-31 17:15:00+02:00,27.875,25.769999,21.5,25.639999,32.799999,41.91,35.959999,38.0,13.0,5.124
2021-03-31 17:30:00+02:00,27.969999,25.84,21.5,25.699999,32.799999,41.84,35.84,41.0,13.0,5.196
2021-03-31 17:45:00+02:00,27.959999,25.92,21.5,25.68,31.799999,41.379997,35.779999,44.0,13.0,5.16
2021-03-31 18:00:00+02:00,28.09,25.955,21.5,25.82,31.799999,41.189999,35.57,45.5,12.0,5.172
2021-03-31 18:15:00+02:00,28.189999,25.91,21.5,25.939999,31.799999,40.599998,35.399998,47.0,14.0,5.088
2021-03-31 18:30:00+02:00,28.189999,25.9,21.5,25.92,31.799999,40.469997,35.27,46.5,12.0,5.148
2021-03-31 18:45:00+02:00,28.189999,25.849998,21.5,25.92,31.799999,39.869999,35.130001,46.0,13.0,5.1
2021-03-31 19:00:00+02:00,28.139999,25.849998,21.5,25.879999,30.799999,39.309998,34.529999,47.5,13.0,5.124
2021-03-31 19:15:00+02:00,28.189999,25.889999,21.5,25.92,29.799999,39.369999,34.259998,49.0,12.0,5.136
2021-03-31 19:30:00+02:00,28.189999,25.889999,21.5,25.939999,29.799999,39.52,33.950001,50.5,13.0,5.136
2021-03-31 19:45:00+02:00,28.129999,25.83,21.5,25.859999,29.799999,39.239998,33.790001,52.0,13.0,5.184
2021-03-31 20:00:00+02:00,28.189999,25.84,21.5,25.939999,28.799999,38.459999,33.549999,52.0,14.0,5.124
2021-03-31 20:15:00+02:00,28.189999,25.834999,21.5,25.92,28.799999,38.700001,33.389999,52.0,12.0,5.136
2021-03-31 20:30:00+02:00,28.15,25.799999,21.5,25.859999,27.799999,38.559998,33.219997,52.0,13.0,5.136
2021-03-31 20:45:00+02:00,27.449999,25.67,21.5,25.119999,26.799999,39.459999,33.290001,52.0,12.0,5.136
2021-03-31 21:00:00+02:00,27.144999,25.57,21.5,24.84,25.799999,39.719997,33.189999,52.0,13.0,5.172
2021-04-01 07:15:00+02:00,24.205,23.84,21.5,22.32,16.799999,45.73,37.169998,68.33333333,10.0,5.196
2021-04-01 07:30:00+02:00,24.289999,23.875,21.5,22.279999,16.799999,45.829998,37.029999,67.66666667,13.0,5.148
2021-04-01 07:45:00+02:00,24.275,23.875,21.5,22.279999,16.799999,45.549999,37.0,67.0,12.0,5.124
2021-04-01 08:00:00+02:00,24.184999,23.865,21.5,22.16,16.799999,45.200001,36.899998,69.5,13.0,5.088
2021-04-01 08:15:00+02:00,24.084999,23.84,21.5,22.02,16.799999,45.959999,36.84,72.0,13.0,5.184
2021-04-01 08:30:00+02:00,23.994999,23.824999,21.5,22.0,15.8,46.16,36.969997,69.83333333,14.0,5.124
2021-04-01 08:45:00+02:00,24.029999,23.789999,21.5,22.0,15.8,46.099998,37.07,67.66666667,13.0,5.208
2021-04-01 09:00:00+02:00,23.965,23.769999,21.5,21.92,15.8,46.559998,37.16,65.5,12.0,5.196
2021-04-01 09:15:00+02:00,23.965,23.764999,21.5,21.92,15.8,46.369999,37.169998,63.33333333,13.0,5.16
2021-04-01 09:30:00+02:00,23.904999,23.754999,21.5,21.879999,15.8,45.91,37.169998,61.16666667,13.0,5.232
2021-04-01 09:45:00+02:00,23.945,23.73,21.5,21.92,15.8,46.169998,37.169998,59.0,13.0,5.16
2021-04-01 10:00:00+02:00,23.894999,23.725,21.5,21.859999,15.8,46.539997,37.23,54.0,12.0,5.184
2021-04-01 10:15:00+02:00,23.904999,23.719999,21.5,21.859999,16.799999,46.639999,37.540001,49.0,14.0,5.148
2021-04-01 10:30:00+02:00,23.975,23.76,21.5,21.939999,18.799999,47.029999,37.599998,47.5,13.0,5.208
2021-04-01 10:45:00+02:00,24.105,23.769999,21.5,22.059999,19.799999,47.049999,37.84,46.0,13.0,5.172
2021-04-01 11:00:00+02:00,22.344999,23.82,21.5,20.34,22.799999,50.200001,37.77,47.5,13.0,5.184
2021-04-01 11:15:00+02:00,21.475,23.76,21.5,19.98,23.799999,52.59,38.309998,49.0,12.0,5.172
2021-04-01 11:30:00+02:00,21.434999,23.699999,21.5,20.0,24.799999,52.899998,38.84,47.5,13.0,5.244
2021-04-01 11:45:00+02:00,21.785,23.725,21.5,20.34,25.799999,52.259998,39.119999,46.0,14.0,5.22
2021-04-01 12:00:00+02:00,22.225,23.754999,21.5,20.1,25.799999,50.489998,38.989998,46.0,13.0,5.172
2021-04-01 12:15:00+02:00,24.859999,23.84,21.5,22.82,26.799999,45.239998,38.459999,46.0,13.0,5.172
2021-04-01 12:30:00+02:00,25.164999,24.029999,21.5,23.1,27.799999,44.789997,37.849998,43.0,12.0,5.172
2021-04-01 12:45:00+02:00,25.445,24.195,21.5,23.299999,28.799999,44.290001,37.399998,40.0,13.0,5.148
2021-04-01 13:00:00+02:00,25.75,24.279999,21.5,23.66,28.799999,43.860001,37.290001,40.5,12.0,5.148
2021-04-01 13:15:00+02:00,25.984999,24.404999,21.5,23.779999,27.799999,43.32,37.049999,41.0,13.0,5.136
2021-04-01 13:30:00+02:00,26.094999,24.514999,21.5,23.92,29.799999,43.279999,36.849998,39.5,14.0,5.16
2021-04-01 13:45:00+02:00,26.205,24.619999,21.5,24.1,29.799999,43.349998,36.739998,38.0,13.0,5.148
2021-04-01 14:00:00+02:00,26.494999,24.715,21.5,24.299999,30.799999,42.84,36.639999,39.5,12.0,5.148
2021-04-01 14:15:00+02:00,26.599998,24.769999,21.5,24.439999,30.799999,43.119999,36.450001,41.0,13.0,5.16
2021-04-01 14:30:00+02:00,26.914999,24.824999,21.5,24.699999,31.799999,43.290001,36.619999,39.5,13.0,5.112
2021-04-01 14:45:00+02:00,27.08,24.945,21.5,24.859999,32.799999,44.290001,36.91,38.0,12.0,5.112
2021-04-01 15:00:00+02:00,27.074999,25.035,21.5,24.859999,32.799999,44.48,37.299999,39.5,13.0,5.124
2021-04-01 15:15:00+02:00,27.234999,25.105,21.5,25.019999,32.799999,43.579998,37.43,41.0,12.0,5.112
2021-04-01 15:30:00+02:00,27.469999,25.184999,21.5,25.279999,32.799999,43.279999,37.32,41.0,14.0,5.124
2021-04-01 15:45:00+02:00,27.799999,25.275,21.5,25.539999,32.799999,42.16,37.0,41.0,13.0,5.136
2021-04-01 16:00:00+02:00,28.07,25.43,21.5,25.799999,32.799999,42.0,36.759998,39.5,13.0,5.136
2021-04-01 16:15:00+02:00,28.299999,25.539999,21.5,26.059999,32.799999,41.59,36.739998,38.0,12.0,5.124
2021-04-01 16:30:00+02:00,28.119999,25.619999,21.5,25.82,32.799999,41.59,36.469997,36.0,13.0,5.148
2021-04-01 16:45:00+02:00,28.15,25.67,21.5,25.84,32.799999,41.290001,36.299999,34.0,13.0,5.136
2021-04-01 17:00:00+02:00,28.269999,25.719999,21.5,25.939999,32.799999,40.709999,35.880001,33.0,12.0,5.136
2021-04-01 17:15:00+02:00,28.389999,25.869999,21.5,26.119999,32.799999,41.16,35.68,32.0,14.0,5.112
2021-04-01 17:30:00+02:00,28.619999,25.849998,21.5,26.32,32.799999,40.349998,35.5,33.0,13.0,5.088
2021-04-01 17:45:00+02:00,28.73,25.889999,21.5,26.328,32.799999,39.829998,35.189999,34.0,12.0,5.172
2021-04-01 18:00:00+02:00,28.92,25.9,21.5,26.336,32.799999,39.610001,34.959999,34.0,13.0,5.124
2021-04-01 18:15:00+02:00,28.99,25.945,21.5,26.344,30.799999,39.309998,34.559998,34.0,12.0,5.124
2021-04-01 18:30:00+02:00,29.0,25.939999,21.5,26.352,29.799999,39.18,34.459999,32.5,13.0,5.1
2021-04-01 18:45:00+02:00,29.064999,25.99,21.5,26.36,29.799999,38.959999,34.189999,31.0,13.0,5.124
2021-04-01 19:00:00+02:00,28.859999,25.959999,21.5,26.368,29.9,39.169998,34.189999,33.5,12.0,5.136
2021-04-01 19:15:00+02:00,28.889999,25.939999,21.5,26.376,30.9,39.259998,34.189999,36.0,14.0,5.136
2021-04-01 19:30:00+02:00,28.885,25.924999,21.5,26.384,30.9,38.82,34.059998,36.0,13.0,5.112
2021-04-01 19:45:00+02:00,28.814999,25.939999,21.5,26.392,30.9,38.82,33.950001,36.0,12.0,5.112
2021-04-01 20:00:00+02:00,28.684999,25.939999,21.5,26.4,30.9,38.849998,33.75,38.0,13.0,5.076
2021-04-01 20:15:00+02:00,28.574999,25.924999,21.5,26.359999,28.9,38.719997,33.540001,40.0,13.0,5.088
2021-04-01 20:30:00+02:00,28.58,25.91,21.5,26.34,28.9,38.489998,33.380001,43.0,12.0,5.076
2021-04-01 20:45:00+02:00,28.449999,25.889999,21.5,26.199999,27.9,38.459999,33.149998,46.0,13.0,5.124
2021-04-01 21:00:00+02:00,27.744999,25.849998,21.5,25.599998,26.9,39.399998,33.07,49.0,12.0,5.136
2021-04-03 07:15:00+02:00,24.244999,24.424999,21.5,22.359999,16.9,46.43,35.68,76.0,9.0,5.184
2021-04-03 07:30:00+02:00,24.064999,24.414999,21.5,22.1,16.9,47.02,36.02,76.0,13.0,5.076
2021-04-03 07:45:00+02:00,23.955,24.365,21.5,21.98,15.9,47.200001,36.219997,76.0,13.0,5.196
2021-04-03 08:00:00+02:00,23.914999,24.344999,21.5,21.959999,15.9,46.879997,36.32,76.0,13.0,5.148
2021-04-03 08:15:00+02:00,23.744999,24.314999,21.5,21.74,15.9,46.709999,36.360001,76.0,12.0,5.136
2021-04-03 08:30:00+02:00,23.644999,24.285,21.5,21.66,15.9,47.309998,36.399998,69.5,13.0,5.16
2021-04-03 08:45:00+02:00,23.6,24.254999,21.5,21.619999,15.9,47.860001,36.549999,63.0,14.0,5.172
2021-04-03 09:00:00+02:00,23.6,24.215,21.5,21.619999,15.9,48.309998,36.869999,65.0,12.0,5.16
2021-04-03 09:15:00+02:00,23.654999,24.195,21.5,21.66,15.9,48.610001,37.139999,67.0,13.0,5.124
2021-04-03 09:30:00+02:00,23.725,24.18,21.5,21.74,15.9,48.369999,37.27,65.0,12.0,5.112
2021-04-03 09:45:00+02:00,23.799999,24.184999,21.5,21.799999,15.9,47.709999,37.34,63.0,13.0,5.172
2021-04-03 10:00:00+02:00,23.83,24.18,21.5,21.82,15.9,47.5,37.309998,63.0,13.0,5.076
2021-04-03 10:15:00+02:00,23.955,24.18,21.5,21.939999,17.9,47.5,37.34,63.0,13.0,5.124
2021-04-03 10:30:00+02:00,23.975,24.205,21.5,21.939999,18.9,47.48,37.27,61.0,14.0,5.196
2021-04-03 10:45:00+02:00,24.035,24.215,21.5,22.02,18.9,46.869999,37.27,59.0,12.0,5.136
2021-04-03 11:00:00+02:00,24.25,24.234999,21.5,22.219999,19.9,46.789997,37.219997,54.0,13.0,5.124
2021-04-03 11:15:00+02:00,24.23,24.269999,21.5,22.18,21.9,47.039997,37.16,49.0,12.0,5.112
2021-04-03 11:30:00+02:00,23.045,24.279999,21.5,20.619999,23.9,48.950001,37.16,40.5,13.0,5.16
2021-04-03 11:45:00+02:00,20.84,24.205,21.5,19.6,23.9,53.579998,37.41,32.0,13.0,5.148
2021-04-03 12:00:00+02:00,20.764999,24.07,21.5,19.52,23.9,53.789997,37.739998,29.0,13.0,5.244
2021-04-03 12:15:00+02:00,20.895,24.029999,21.5,19.619999,24.9,53.639999,37.93,26.0,14.0,5.22
2021-04-03 12:30:00+02:00,21.494999,24.019999,21.5,19.68,25.9,52.389999,38.02,28.0,12.0,5.148
2021-04-03 12:45:00+02:00,22.889999,24.019999,21.5,21.52,26.9,49.579998,38.0,30.0,13.0,5.136
2021-04-03 13:00:00+02:00,24.76,24.135,21.5,22.719999,26.9,46.0,37.739998,29.0,13.0,5.088
2021-04-03 13:15:00+02:00,25.379999,24.279999,21.5,23.32,26.9,44.529999,37.290001,28.0,13.0,5.136
2021-04-03 13:30:00+02:00,25.75,24.414999,21.5,23.639999,25.9,43.200001,36.700001,27.5,13.0,5.16
2021-04-03 13:45:00+02:00,25.994999,24.465,21.5,23.859999,26.9,41.27,35.950001,27.0,12.0,5.136
2021-04-03 14:00:00+02:00,26.349998,24.564999,21.5,24.26,27.9,39.439999,34.91,27.0,14.0,5.16
2021-04-03 14:15:00+02:00,26.684999,24.654999,21.5,24.6,27.9,37.969997,33.82,27.0,12.0,5.136
2021-04-03 14:30:00+02:00,26.924999,24.76,21.5,24.719999,27.799999,36.809998,32.790001,27.0,13.0,5.136
2021-04-03 14:45:00+02:00,27.164999,24.769999,21.5,24.959999,26.799999,34.799999,31.41,27.0,13.0,5.208
2021-04-03 15:00:00+02:00,26.484999,24.764999,21.5,24.18,25.799999,32.139999,29.379999,31.0,13.0,5.148
2021-04-03 15:15:00+02:00,26.644999,24.769999,21.5,24.4,24.799999,32.34,28.309999,35.0,13.0,5.124
2021-04-03 15:30:00+02:00,26.824999,24.795,21.5,24.58,24.799999,32.739998,27.83,35.0,12.0,5.136
2021-04-03 15:45:00+02:00,26.955,24.865,21.5,24.74,25.799999,32.259998,27.299999,35.0,14.0,5.136
2021-04-03 16:00:00+02:00,26.875,24.914999,21.5,24.779999,25.799999,32.599998,26.959999,35.0,13.0,5.196
2021-04-05 05:15:00+02:00,22.629999,23.289999,21.5,20.879999,12.1,38.349998,30.539999,66.0,8.0,5.16
2021-04-05 05:30:00+02:00,22.49,23.184999,21.5,20.66,12.1,38.149998,29.719999,63.5,14.0,5.1
2021-04-05 05:45:00+02:00,22.475,23.139999,21.5,20.58,12.1,38.399998,29.209999,61.0,13.0,5.124
2021-04-05 06:00:00+02:00,22.379999,23.109999,21.5,20.459999,12.1,38.200001,28.849998,61.0,13.0,5.052
2021-04-05 06:15:00+02:00,22.369999,23.07,21.5,20.459999,12.1,37.899998,28.66,61.0,12.0,5.136
2021-04-05 06:30:00+02:00,22.344999,23.039999,21.5,20.42,11.1,38.110001,28.469999,61.0,13.0,5.136
2021-04-05 06:45:00+02:00,22.26,23.01,21.5,20.34,12.1,38.07,28.24,61.0,12.0,5.136
2021-04-05 07:00:00+02:00,22.184999,22.99,21.5,20.279999,12.1,37.82,28.09,63.5,13.0,5.112
2021-04-05 07:15:00+02:00,22.014999,22.955,21.5,20.059999,11.1,37.599998,27.9,66.0,12.0,5.112
2021-04-05 07:30:00+02:00,21.949999,22.924999,21.5,20.02,12.1,38.139999,27.849998,61.5,14.0,5.052
2021-04-05 07:45:00+02:00,21.744999,22.889999,21.5,19.84,12.1,38.469997,27.799999,57.0,13.0,5.124
2021-04-05 08:00:00+02:00,21.639999,22.855,21.5,19.74,11.1,38.360001,27.789999,59.0,13.0,5.16
2021-04-05 08:15:00+02:00,21.674999,22.82,21.5,19.799999,11.1,38.5,27.699999,61.0,12.0,5.184
2021-04-05 08:30:00+02:00,21.689999,22.805,21.5,19.779999,10.1,38.540001,27.67,59.0,13.0,5.148
2021-04-05 08:45:00+02:00,21.559999,22.789999,21.5,19.619999,11.1,38.219997,27.549999,57.0,13.0,5.148
2021-04-05 09:00:00+02:00,21.49,22.769999,21.5,19.619999,11.1,38.34,27.5,55.0,12.0,5.088
2021-04-05 09:15:00+02:00,21.445,22.734999,21.5,19.539999,10.1,38.059998,27.389999,53.0,14.0,5.16
2021-04-05 09:30:00+02:00,21.404999,22.715,21.5,19.48,11.1,38.139999,27.25,51.5,13.0,5.16
2021-04-05 09:45:00+02:00,21.334999,22.699999,21.5,19.459999,12.1,37.91,27.109999,50.0,13.0,5.16
2021-04-05 10:00:00+02:00,21.51,22.699999,21.5,19.639999,12.1,37.57,27.0,50.0,12.0,5.148
2021-04-05 10:15:00+02:00,21.709999,22.725,21.5,19.74,14.1,37.299999,26.76,50.0,13.0,5.148
2021-04-05 10:30:00+02:00,21.705,22.75,21.5,19.76,15.1,36.899998,26.559999,50.0,13.0,5.16
2021-04-05 10:45:00+02:00,21.654999,22.779999,21.5,19.699999,15.1,36.759998,26.279999,50.0,14.0,5.172
2021-04-05 11:00:00+02:00,21.914999,22.799999,21.5,19.98,16.1,35.889999,26.09,47.0,13.0,5.184
2021-04-05 11:15:00+02:00,21.889999,22.83,21.5,19.859999,17.1,36.209999,25.84,44.0,12.0,5.16
2021-04-05 11:30:00+02:00,22.074999,22.855,21.5,20.119999,17.1,35.959999,25.689999,45.5,13.0,5.148
2021-04-05 11:45:00+02:00,22.074999,22.879999,21.5,20.119999,18.9,35.639999,25.48,47.0,13.0,5.172
2021-04-05 12:00:00+02:00,22.475,22.92,21.5,20.48,17.9,35.399998,25.379999,47.0,13.0,5.184
2021-04-05 12:15:00+02:00,22.664999,22.949999,21.5,20.619999,18.9,34.939999,25.18,47.0,14.0,5.196
2021-04-05 12:30:00+02:00,22.699999,22.99,21.5,20.699999,19.9,34.809998,24.959999,44.0,12.0,5.208
2021-04-05 12:45:00+02:00,22.934999,23.019999,21.5,20.9,18.9,34.5,24.889999,41.0,13.0,5.028
2021-04-05 13:00:00+02:00,23.019999,23.07,21.5,20.98,18.9,34.700001,24.719999,41.0,13.0,5.208
2021-04-05 13:15:00+02:00,23.174999,23.119999,21.5,21.139999,19.9,34.389999,24.689999,41.0,13.0,5.196
2021-04-05 13:30:00+02:00,23.289999,23.16,21.5,21.199999,19.9,34.43,24.65,41.0,12.0,5.22
2021-04-05 13:45:00+02:00,23.584999,23.205,21.5,21.52,20.9,34.579998,24.689999,41.0,13.0,5.22
2021-04-05 14:00:00+02:00,20.924999,23.275,21.5,19.0,23.9,37.309998,24.789999,41.5,14.0,5.16
2021-04-05 14:15:00+02:00,19.969999,23.139999,21.5,18.719999,23.9,38.610001,25.01,42.0,13.0,5.208
2021-04-05 14:30:00+02:00,20.0,23.039999,21.5,18.74,23.9,38.879997,25.32,40.5,13.0,5.22
2021-04-05 14:45:00+02:00,20.189999,23.019999,21.5,18.92,23.9,38.299999,25.34,39.0,12.0,5.256
2021-04-05 15:00:00+02:00,20.369999,23.039999,21.5,18.18,24.9,37.809998,25.32,39.0,14.0,5.22
2021-04-05 15:15:00+02:00,20.639999,23.109999,21.5,18.34,23.6,37.68,25.16,39.0,12.0,5.232
2021-04-05 15:30:00+02:00,20.814999,23.15,21.5,18.379999,25.6,37.450001,25.119999,39.0,14.0,5.208
2021-04-05 15:45:00+02:00,20.684999,23.18,21.5,18.440001,24.6,37.849998,25.15,39.0,13.0,5.196
2021-04-05 16:00:00+02:00,21.074999,23.189999,21.5,18.959999,24.6,37.629997,25.199999,40.5,13.0,5.208
2021-04-05 16:15:00+02:00,21.494999,23.269999,21.5,19.939999,25.6,37.43,25.26,42.0,13.0,5.268
2021-04-05 16:30:00+02:00,21.799999,23.4,21.5,19.18,24.6,37.139999,25.24,42.0,12.0,5.232
2021-04-05 16:45:00+02:00,22.234999,23.43,21.5,20.779999,26.6,36.880001,25.309999,42.0,13.0,5.136
2021-04-05 17:00:00+02:00,24.275,23.545,21.5,22.26,25.6,35.079998,25.279999,43.5,14.0,5.148
2021-04-05 17:15:00+02:00,22.365,23.664999,21.5,20.059999,25.6,37.219997,25.289999,45.0,13.0,5.16
2021-04-05 17:30:00+02:00,21.785,23.6,21.5,19.58,24.6,38.110001,25.529999,43.5,13.0,5.22
2021-04-05 17:45:00+02:00,22.07,23.564999,21.5,19.799999,25.6,37.879997,25.75,42.0,12.0,5.232
2021-04-05 18:00:00+02:00,21.865,23.564999,21.5,19.559999,23.6,38.290001,25.91,42.0,13.0,5.22
2021-04-05 18:15:00+02:00,22.1,23.545,21.5,20.52,22.6,38.219997,26.029999,42.0,13.0,5.148
2021-04-05 18:30:00+02:00,24.275,23.58,21.5,22.279999,21.6,36.049999,26.199999,43.5,14.0,5.124
2021-04-05 18:45:00+02:00,24.475,23.705,21.5,22.359999,21.6,35.899998,26.16,45.0,12.0,5.124
2021-04-05 19:00:00+02:00,24.549999,23.769999,21.5,22.48,21.6,35.91,26.139999,45.0,13.0,5.148
2021-04-05 19:15:00+02:00,24.564999,23.814999,21.5,22.48,21.6,36.18,26.25,45.0,13.0,5.184
2021-04-05 19:30:00+02:00,24.574999,23.834999,21.5,22.5,21.6,36.18,26.379999,44.5,13.0,5.172
2021-04-05 19:45:00+02:00,24.709999,23.84,21.5,22.6,20.6,36.130001,26.51,44.0,12.0,5.124
2021-04-05 20:00:00+02:00,24.769999,23.844999,21.5,22.66,19.6,36.48,26.66,45.5,13.0,5.184
2021-04-05 20:15:00+02:00,24.709999,23.84,21.5,22.58,19.6,36.399998,26.779999,47.0,14.0,5.124
2021-04-05 20:30:00+02:00,24.639999,23.84,21.5,22.559999,19.6,36.639999,26.939999,49.0,13.0,5.088
2021-04-05 20:45:00+02:00,24.65,23.83,21.5,22.559999,20.6,36.66,27.019999,51.0,12.0,5.124
2021-04-05 21:00:00+02:00,24.584999,23.824999,21.5,22.48,19.6,37.149998,27.219999,52.5,13.0,5.16
2021-04-06 07:15:00+02:00,22.125,23.0,21.5,20.299999,10.6,43.0,31.25,87.0,10.0,5.184
2021-04-06 07:30:00+02:00,21.93,22.894999,21.5,20.02,10.6,42.939999,31.66,90.0,13.0,5.172
2021-04-06 07:45:00+02:00,21.785,22.83,21.5,19.859999,10.6,43.139999,31.84,93.0,12.0,5.16
2021-04-06 08:00:00+02:00,21.744999,22.789999,21.5,19.799999,10.6,43.18,31.83,90.0,13.0,5.148
2021-04-06 08:15:00+02:00,21.529999,22.75,21.5,19.619999,9.6,43.25,32.029999,87.0,12.0,5.148
2021-04-06 08:30:00+02:00,21.404999,22.709999,21.5,19.459999,10.6,43.52,32.149998,81.5,13.0,5.172
2021-04-06 08:45:00+02:00,21.285,22.68,21.5,19.379999,10.6,44.34,32.259998,76.0,14.0,5.172
2021-04-06 09:00:00+02:00,21.309999,22.66,21.5,19.4,9.6,44.16,32.41,76.0,13.0,5.184
2021-04-06 09:15:00+02:00,21.365,22.65,21.5,19.459999,9.6,44.18,32.529999,76.0,13.0,5.172
2021-04-06 09:30:00+02:00,21.359999,22.635,21.5,19.459999,11.6,44.34,32.639999,67.0,13.0,5.148
2021-04-06 09:45:00+02:00,21.34,22.639999,21.5,19.459999,12.6,45.219997,32.889999,58.0,13.0,5.136
2021-04-06 10:00:00+02:00,21.574999,22.66,21.5,19.619999,13.4,44.639999,33.0,52.5,12.0,5.136
2021-04-06 10:15:00+02:00,21.59,22.689999,21.5,19.719999,15.4,44.450001,33.099998,47.0,14.0,5.124
2021-04-06 10:30:00+02:00,21.734999,22.769999,21.5,19.82,16.4,45.219997,33.299999,45.5,12.0,5.22
2021-04-06 10:45:00+02:00,22.02,22.855,21.5,20.1,16.4,45.02,33.579998,44.0,13.0,5.196
2021-04-06 11:00:00+02:00,22.199999,23.01,21.5,20.379999,18.4,44.939999,33.75,41.0,13.0,5.124
2021-04-06 11:15:00+02:00,22.549999,23.119999,21.5,20.559999,19.4,44.639999,34.09,38.0,13.0,5.148
2021-04-06 11:30:00+02:00,23.084999,23.275,21.5,21.08,20.4,43.559998,34.079998,34.5,13.0,5.184
2021-04-06 11:45:00+02:00,23.254999,23.4,21.5,21.24,20.4,40.329998,33.369999,31.0,12.0,5.184
2021-04-06 12:00:00+02:00,23.404999,23.43,21.5,21.359999,20.4,37.889999,31.9,30.0,14.0,5.148
2021-04-06 12:15:00+02:00,23.465,23.51,21.5,21.48,21.4,37.380001,30.24,29.0,13.0,5.148
2021-04-06 12:30:00+02:00,20.639999,23.519999,21.5,19.199999,22.4,39.209999,29.0,27.0,13.0,5.244
2021-04-06 12:45:00+02:00,23.135,23.4,21.5,21.34,21.4,34.419998,28.059999,25.0,13.0,5.172
2021-04-06 13:00:00+02:00,23.635,23.545,21.5,21.6,19.4,33.759998,26.619999,25.0,12.0,5.172
2021-04-06 13:30:00+02:00,23.715,23.725,21.5,21.74,19.4,32.860001,25.5,25.0,12.0,5.016
2021-04-06 13:45:00+02:00,23.994999,23.789999,21.5,22.059999,22.4,32.239998,24.629999,25.0,12.0,5.004
2021-04-06 14:00:00+02:00,24.209999,23.885,21.5,22.199999,20.4,31.049999,23.92,22.5,12.0,5.028
2021-04-06 14:15:00+02:00,24.125,23.99,21.5,22.02,22.4,30.33,23.119999,20.0,13.0,5.028
2021-04-06 14:30:00+02:00,21.145,23.984999,21.5,18.82,24.4,32.009998,22.67,18.5,14.0,5.052
2021-04-06 14:45:00+02:00,20.895,23.875,21.5,18.76,23.4,31.949999,21.689999,17.0,12.0,5.052
2021-04-06 15:00:00+02:00,21.035,23.734999,21.5,18.84,23.4,31.09,21.09,16.0,13.0,5.028
2021-04-06 15:15:00+02:00,21.164999,23.615,21.5,18.879999,23.4,30.23,20.41,15.0,12.0,5.076
2021-04-06 15:30:00+02:00,21.314999,23.545,21.5,19.779999,22.4,29.529999,19.92,16.5,12.0,5.088
2021-04-06 15:45:00+02:00,22.17,23.545,21.5,20.52,22.4,28.279999,19.289999,18.0,13.0,5.064
2021-04-06 16:45:00+02:00,24.439999,23.904999,21.5,22.379999,22.4,24.9,17.219999,18.0,13.0,5.052
2021-04-06 17:15:00+02:00,24.455,23.4,21.5,22.379999,19.4,23.019999,15.71,15.0,14.0,5.016
2021-04-06 17:30:00+02:00,24.51,23.635,21.5,22.5,20.4,22.939999,15.44,15.0,13.0,5.004
2021-04-06 17:45:00+02:00,24.41,23.695,21.5,22.359999,18.4,21.869999,15.33,15.0,12.0,5.004
2021-04-06 18:00:00+02:00,24.43,24.144999,21.5,22.42,18.4,21.83,15.17,16.5,12.0,5.052
2021-04-06 18:45:00+02:00,24.289999,24.219999,21.5,22.299999,17.4,22.529999,14.559999,16.0,12.0,5.04
2021-04-06 19:00:00+02:00,24.344999,24.234999,21.5,22.299999,17.4,22.529999,14.849999,25.5,13.0,5.088
2021-04-06 19:15:00+02:00,24.32,24.23,21.5,22.299999,18.4,22.059999,14.65,35.0,13.0,5.076
2021-04-06 19:30:00+02:00,24.195,24.205,21.5,22.219999,18.4,21.49,14.45,44.0,12.0,5.04
2021-04-06 20:00:00+02:00,23.994999,24.154999,21.5,22.02,16.4,21.389999,14.009999,57.0,14.0,5.064
2021-04-07 15:15:00+02:00,19.379999,22.92,21.5,17.619999,17.200001,20.52,12.679999,13.0,12.0,5.016
2021-04-07 17:00:00+02:00,19.559999,23.324999,21.5,17.32,15.9,20.005,11.73,11.5,12.0,5.028
2021-04-07 17:15:00+02:00,19.885,23.389999,21.5,17.76,16.9,19.99,11.74,11.0,13.0,5.028
2021-04-07 17:45:00+02:00,19.959999,23.379999,21.5,17.559999,16.799999,20.0149995,11.75333333,13.0,12.0,5.004
2021-04-07 18:00:00+02:00,19.969999,23.404999,21.5,17.92,17.799999,20.039999,11.76,12.5,12.0,5.028
2021-04-07 18:30:00+02:00,19.449999,23.404999,21.5,18.16,18.799999,20.0,11.77333333,13.5,14.0,5.1
2021-04-07 19:00:00+02:00,21.035,23.344999,21.5,20.24,18.6,19.9869991,11.78,16.0,12.0,5.004
2021-04-07 19:15:00+02:00,22.969999,23.41,21.5,21.08,17.6,20.0239992,11.7949999,17.0,13.0,5.052
2021-04-07 20:00:00+02:00,23.18,23.574999,21.5,21.139999,18.6,20.1349995,11.8399996,16.0,13.0,5.052
2021-04-07 20:45:00+02:00,22.785,23.564999,21.5,20.9,17.6,20.2459998,11.8849993,21.0,12.0,5.004
2021-04-08 08:15:00+02:00,19.119999,21.564999,21.5,17.379999,6.6,27.07,16.119999,45.0,12.0,5.1
2021-04-08 08:30:00+02:00,19.219999,21.525,21.5,17.48,5.6,27.23,16.08,38.0,12.0,5.052
2021-04-08 12:45:00+02:00,18.225,22.58,21.5,17.4,17.799999,26.469999,15.0,21.0,12.0,5.004
2021-04-08 13:30:00+02:00,18.254999,22.57,21.5,17.119999,19.799999,26.08,14.7,17.0,13.0,5.004
2021-04-08 16:30:00+02:00,20.615,23.244999,21.5,18.379999,22.799999,26.549999,14.79,16.0,13.0,5.016
2021-04-08 17:15:00+02:00,20.584999,23.109999,21.5,19.16,21.9,25.809999,14.98,17.0,12.0,5.076
2021-04-08 17:45:00+02:00,20.459999,23.109999,21.5,19.02,22.9,26.859999,15.33,17.0,14.0,5.028
2021-04-08 19:00:00+02:00,21.164999,23.049999,21.5,19.459999,22.9,23.85,14.69,23.0,12.0,5.064
2021-04-08 19:15:00+02:00,20.945,23.029999,21.5,19.6,21.9,24.209999,14.41,25.0,13.0,5.016
2021-04-09 13:30:00+02:00,19.369999,22.59,21.5,17.66,19.799999,41.579998,26.07,44.0,13.0,5.004
2021-04-09 13:45:00+02:00,19.674999,22.719999,21.5,18.119999,18.799999,41.219997,26.24,41.0,12.0,5.064
2021-04-09 14:00:00+02:00,18.959999,22.844999,21.5,17.6,20.799999,42.169998,26.279999,39.5,13.0,5.04
2021-04-09 14:15:00+02:00,19.639999,22.92,21.5,18.459999,21.799999,41.279999,26.349998,38.0,12.0,5.172
2021-04-09 14:30:00+02:00,19.92,22.984999,21.5,18.699999,20.799999,40.5,26.25,38.5,13.0,5.064
2021-04-09 15:15:00+02:00,20.605,23.129999,21.5,18.299999,21.799999,40.110001,26.32,38.0,13.0,5.016
2021-04-09 15:45:00+02:00,21.494999,23.129999,21.5,19.359999,22.799999,38.759998,26.41,36.0,12.0,5.052
2021-04-09 16:15:00+02:00,20.844999,23.105,21.5,18.379999,19.799999,37.75,25.789999,36.0,13.0,5.016
2021-04-09 16:30:00+02:00,20.664999,23.105,21.5,18.279999,18.799999,39.209999,25.889999,36.0,12.0,5.004
2021-04-09 18:00:00+02:00,19.959999,23.174999,21.5,17.82,23.799999,38.399998,25.559999,44.0,12.0,5.004
2021-04-09 18:15:00+02:00,20.295,23.129999,21.5,18.6,23.799999,38.389999,25.439999,45.0,13.0,5.004
2021-04-09 18:30:00+02:00,20.664999,23.125,21.5,18.719999,23.799999,37.369999,25.32,46.0,12.0,5.04
2021-04-09 18:45:00+02:00,20.715,23.139999,21.5,18.639999,21.799999,37.02,24.92,47.0,14.0,5.04
2021-04-09 19:00:00+02:00,20.865,23.154999,21.5,18.559999,22.799999,36.489998,24.65,47.0,12.0,5.016
2021-04-09 19:15:00+02:00,20.91,23.17,21.5,18.639999,21.799999,36.16,24.41,47.0,13.0,5.016
2021-04-09 19:30:00+02:00,20.869999,23.184999,21.5,18.92,20.799999,36.169998,24.09,49.0,13.0,5.004
2021-04-09 19:45:00+02:00,21.125,23.18,21.5,18.699999,19.799999,36.110001,23.92,51.0,12.0,5.04
2021-04-09 20:30:00+02:00,20.639999,23.039999,21.5,18.279999,17.799999,38.040001,24.48,51.0,12.0,5.04
2021-04-09 21:00:00+02:00,20.674999,22.93,21.5,18.299999,15.8,40.27,25.469999,54.5,12.0,5.016
2021-04-12 14:00:00+02:00,19.09,22.109999,21.5,17.9,21.799999,55.099998,40.559998,69.5,12.0,5.004
2021-04-12 15:15:00+02:00,19.82,22.4,21.5,17.66,20.799999,52.91,38.91,72.0,12.0,5.028
2021-04-12 15:45:00+02:00,20.25,22.41,21.5,18.699999,20.700001,51.029999,38.509998,77.0,13.0,5.016
2021-04-12 16:00:00+02:00,20.445,22.4,21.5,18.639999,21.6,50.809998,38.379997,77.0,12.0,5.016
2021-04-12 16:15:00+02:00,20.385,22.084999,21.5,17.92,21.6,51.189999,38.629997,77.0,12.0,5.004
2021-04-12 16:45:00+02:00,20.885,22.309999,21.5,18.74,21.6,50.539997,38.879997,82.5,13.0,5.052
2021-04-12 17:00:00+02:00,20.895,22.559999,21.5,18.68,20.6,50.939999,38.629997,85.25,12.0,5.04
2021-04-12 17:15:00+02:00,21.32,22.74,21.5,18.939999,20.6,49.549999,38.419998,88.0,13.0,5.004
2021-04-12 17:30:00+02:00,20.885,22.83,21.5,18.4,18.6,51.149998,38.349998,85.0,12.0,5.076
2021-04-12 18:45:00+02:00,20.695,22.689999,21.5,18.42,16.6,50.899998,39.079998,69.5,12.0,5.016
2021-04-12 19:00:00+02:00,20.684999,22.625,21.5,18.379999,16.6,51.209999,39.0,68.25,13.0,5.004
2021-04-12 19:45:00+02:00,20.475,22.5,21.5,18.279999,11.6,54.299999,39.84,67.0,12.0,5.064
2021-04-12 20:15:00+02:00,20.615,22.459999,21.5,18.5,11.6,53.360001,40.419998,82.0,13.0,5.04
2021-04-13 13:00:00+02:00,18.609999,21.93,21.5,17.42,23.4,35.43,25.74,32.0,14.0,5.04
2021-04-13 13:30:00+02:00,18.59,21.764999,21.5,17.459999,23.4,34.969997,24.33,30.5,12.0,5.028
2021-04-13 14:45:00+02:00,19.26,22.23,21.5,17.959999,22.299999,35.66,23.539999,29.0,12.0,5.004
2021-04-13 16:00:00+02:00,20.084999,22.699999,21.5,18.68,24.299999,33.399998,22.24,29.0,14.0,5.064
2021-04-13 16:15:00+02:00,19.959999,22.93,21.5,18.58,23.299999,33.09,22.049999,29.0,12.0,5.04
2021-04-13 16:45:00+02:00,20.24,23.094999,21.5,18.699999,24.299999,33.110001,21.789999,29.0,13.0,5.04
2021-04-13 17:00:00+02:00,20.17,23.129999,21.5,17.92,23.299999,32.630001,21.639999,30.0,12.0,5.016
2021-04-13 17:45:00+02:00,21.055,23.109999,21.5,18.799999,22.1,32.369999,21.6,27.0,13.0,5.064
2021-04-13 18:30:00+02:00,20.525,22.969999,21.5,18.459999,24.1,32.849998,21.85,32.0,13.0,5.04
2021-04-13 19:00:00+02:00,20.645,22.93,21.5,18.459999,23.1,32.369999,21.619999,37.0,12.0,5.004
2021-04-13 19:30:00+02:00,19.93,22.809999,21.5,18.08,22.1,33.860001,21.76,41.0,13.0,5.028
2021-04-13 19:45:00+02:00,20.275,22.699999,21.5,18.5,22.1,33.549999,21.92,41.0,12.0,5.004
2021-04-13 20:00:00+02:00,20.285,22.65,21.5,18.539999,22.1,33.759998,21.869999,37.0,13.0,5.04
2021-04-13 20:15:00+02:00,20.129999,22.639999,21.5,18.42,22.1,33.73,21.789999,33.0,12.0,5.016
2021-04-14 15:45:00+02:00,19.824999,22.26,21.5,18.5,18.9,36.66,24.019999,38.0,12.0,5.028
2021-04-14 16:00:00+02:00,19.039999,22.25,21.5,17.719999,20.9,37.040001,23.779999,38.0,13.0,5.028
2021-04-14 16:30:00+02:00,19.709999,22.42,21.5,17.4,16.9,36.639999,23.799999,38.0,14.0,5.016
2021-04-14 17:15:00+02:00,18.949999,22.719999,21.5,17.66,19.9,36.709999,23.139999,41.0,12.0,5.028
2021-04-14 17:30:00+02:00,19.199999,22.66,21.5,18.0,20.9,36.389999,23.059999,39.5,12.0,5.028
2021-04-14 18:15:00+02:00,19.85,22.629999,21.5,18.059999,17.799999,36.290001,23.059999,41.0,13.0,5.016
2021-04-14 18:30:00+02:00,18.84,22.785,21.5,17.559999,17.799999,37.450001,23.109999,41.0,12.0,5.016
2021-04-14 19:15:00+02:00,19.02,22.699999,21.5,17.699999,20.799999,38.149998,23.91,47.0,12.0,5.04
2021-04-14 19:30:00+02:00,19.205,22.719999,21.5,18.0,21.799999,38.259998,23.98,47.0,14.0,5.004
2021-04-14 20:00:00+02:00,19.225,22.719999,21.5,17.459999,16.700001,38.619999,24.219999,48.5,13.0,5.028
2021-04-14 20:15:00+02:00,19.529999,22.66,21.5,17.779999,15.7,37.899998,24.279999,50.0,12.0,5.016
2021-04-14 21:00:00+02:00,18.555,22.4,21.5,17.279999,15.7,38.790001,24.309999,52.0,12.0,5.004
